year,district,crop,latitude,longitude,area_ha,yield_t_ha,weather_05_d1_temp_min,weather_05_d1_temp_mean,weather_05_d1_temp_max,weather_05_d1_precipitation_mm,weather_05_d1_humidity_mean,weather_05_d1_wind_mean_ms,weather_05_d1_wind_max_ms,weather_05_d1_sukhovei_fraction,weather_05_d1_gdd_base5,weather_05_d1_gwetroot,weather_05_d1_precip_anomaly_pct,weather_05_d1_precip_anomaly_z,weather_05_d2_temp_min,weather_05_d2_temp_mean,weather_05_d2_temp_max,weather_05_d2_precipitation_mm,weather_05_d2_humidity_mean,weather_05_d2_wind_mean_ms,weather_05_d2_wind_max_ms,weather_05_d2_sukhovei_fraction,weather_05_d2_gdd_base5,weather_05_d2_gwetroot,weather_05_d2_precip_anomaly_pct,weather_05_d2_precip_anomaly_z,weather_05_d3_temp_min,weather_05_d3_temp_mean,weather_05_d3_temp_max,weather_05_d3_precipitation_mm,weather_05_d3_humidity_mean,weather_05_d3_wind_mean_ms,weather_05_d3_wind_max_ms,weather_05_d3_sukhovei_fraction,weather_05_d3_gdd_base5,weather_05_d3_gwetroot,weather_05_d3_precip_anomaly_pct,weather_05_d3_precip_anomaly_z,weather_06_d1_temp_min,weather_06_d1_temp_mean,weather_06_d1_temp_max,weather_06_d1_precipitation_mm,weather_06_d1_humidity_mean,weather_06_d1_wind_mean_ms,weather_06_d1_wind_max_ms,weather_06_d1_sukhovei_fraction,weather_06_d1_gdd_base5,weather_06_d1_gwetroot,weather_06_d1_precip_anomaly_pct,weather_06_d1_precip_anomaly_z,weather_06_d2_temp_min,weather_06_d2_temp_mean,weather_06_d2_temp_max,weather_06_d2_precipitation_mm,weather_06_d2_humidity_mean,weather_06_d2_wind_mean_ms,weather_06_d2_wind_max_ms,weather_06_d2_sukhovei_fraction,weather_06_d2_gdd_base5,weather_06_d2_gwetroot,weather_06_d2_precip_anomaly_pct,weather_06_d2_precip_anomaly_z,weather_06_d3_temp_min,weather_06_d3_temp_mean,weather_06_d3_temp_max,weather_06_d3_precipitation_mm,weather_06_d3_humidity_mean,weather_06_d3_wind_mean_ms,weather_06_d3_wind_max_ms,weather_06_d3_sukhovei_fraction,weather_06_d3_gdd_base5,weather_06_d3_gwetroot,weather_06_d3_precip_anomaly_pct,weather_06_d3_precip_anomaly_z,weather_07_d1_temp_min,weather_07_d1_temp_mean,weather_07_d1_temp_max,weather_07_d1_precipitation_mm,weather_07_d1_humidity_mean,weather_07_d1_wind_mean_ms,weather_07_d1_wind_max_ms,weather_07_d1_sukhovei_fraction,weather_07_d1_gdd_base5,weather_07_d1_gwetroot,weather_07_d1_precip_anomaly_pct,weather_07_d1_precip_anomaly_z,weather_07_d2_temp_min,weather_07_d2_temp_mean,weather_07_d2_temp_max,weather_07_d2_precipitation_mm,weather_07_d2_humidity_mean,weather_07_d2_wind_mean_ms,weather_07_d2_wind_max_ms,weather_07_d2_sukhovei_fraction,weather_07_d2_gdd_base5,weather_07_d2_gwetroot,weather_07_d2_precip_anomaly_pct,weather_07_d2_precip_anomaly_z,weather_07_d3_temp_min,weather_07_d3_temp_mean,weather_07_d3_temp_max,weather_07_d3_precipitation_mm,weather_07_d3_humidity_mean,weather_07_d3_wind_mean_ms,weather_07_d3_wind_max_ms,weather_07_d3_sukhovei_fraction,weather_07_d3_gdd_base5,weather_07_d3_gwetroot,weather_07_d3_precip_anomaly_pct,weather_07_d3_precip_anomaly_z,weather_08_d1_temp_min,weather_08_d1_temp_mean,weather_08_d1_temp_max,weather_08_d1_precipitation_mm,weather_08_d1_humidity_mean,weather_08_d1_wind_mean_ms,weather_08_d1_wind_max_ms,weather_08_d1_sukhovei_fraction,weather_08_d1_gdd_base5,weather_08_d1_gwetroot,weather_08_d1_precip_anomaly_pct,weather_08_d1_precip_anomaly_z,weather_08_d2_temp_min,weather_08_d2_temp_mean,weather_08_d2_temp_max,weather_08_d2_precipitation_mm,weather_08_d2_humidity_mean,weather_08_d2_wind_mean_ms,weather_08_d2_wind_max_ms,weather_08_d2_sukhovei_fraction,weather_08_d2_gdd_base5,weather_08_d2_gwetroot,weather_08_d2_precip_anomaly_pct,weather_08_d2_precip_anomaly_z,weather_08_d3_temp_min,weather_08_d3_temp_mean,weather_08_d3_temp_max,weather_08_d3_precipitation_mm,weather_08_d3_humidity_mean,weather_08_d3_wind_mean_ms,weather_08_d3_wind_max_ms,weather_08_d3_sukhovei_fraction,weather_08_d3_gdd_base5,weather_08_d3_gwetroot,weather_08_d3_precip_anomaly_pct,weather_08_d3_precip_anomaly_z,weather_09_d1_temp_min,weather_09_d1_temp_mean,weather_09_d1_temp_max,weather_09_d1_precipitation_mm,weather_09_d1_humidity_mean,weather_09_d1_wind_mean_ms,weather_09_d1_wind_max_ms,weather_09_d1_sukhovei_fraction,weather_09_d1_gdd_base5,weather_09_d1_gwetroot,weather_09_d1_precip_anomaly_pct,weather_09_d1_precip_anomaly_z,weather_09_d2_temp_min,weather_09_d2_temp_mean,weather_09_d2_temp_max,weather_09_d2_precipitation_mm,weather_09_d2_humidity_mean,weather_09_d2_wind_mean_ms,weather_09_d2_wind_max_ms,weather_09_d2_sukhovei_fraction,weather_09_d2_gdd_base5,weather_09_d2_gwetroot,weather_09_d2_precip_anomaly_pct,weather_09_d2_precip_anomaly_z,weather_09_d3_temp_min,weather_09_d3_temp_mean,weather_09_d3_temp_max,weather_09_d3_precipitation_mm,weather_09_d3_humidity_mean,weather_09_d3_wind_mean_ms,weather_09_d3_wind_max_ms,weather_09_d3_sukhovei_fraction,weather_09_d3_gdd_base5,weather_09_d3_gwetroot,weather_09_d3_precip_anomaly_pct,weather_09_d3_precip_anomaly_z,weather_10_d1_temp_min,weather_10_d1_temp_mean,weather_10_d1_temp_max,weather_10_d1_precipitation_mm,weather_10_d1_humidity_mean,weather_10_d1_wind_mean_ms,weather_10_d1_wind_max_ms,weather_10_d1_sukhovei_fraction,weather_10_d1_gdd_base5,weather_10_d1_gwetroot,weather_10_d1_precip_anomaly_pct,weather_10_d1_precip_anomaly_z,weather_10_d2_temp_min,weather_10_d2_temp_mean,weather_10_d2_temp_max,weather_10_d2_precipitation_mm,weather_10_d2_humidity_mean,weather_10_d2_wind_mean_ms,weather_10_d2_wind_max_ms,weather_10_d2_sukhovei_fraction,weather_10_d2_gdd_base5,weather_10_d2_gwetroot,weather_10_d2_precip_anomaly_pct,weather_10_d2_precip_anomaly_z,soil_clay_0_5cm,soil_phh2o_0_5cm,soil_sand_0_5cm,soil_silt_0_5cm,soil_soc_0_5cm,yield_lag_1,yield_lag_2,yield_lag_3
1991,Целиноградский,Пшеница,51.2,71.45,150.0,0.76,4.18,12.67,19.81,0.0,43.7,3.518,8.46,0.0,80.3,0.45200000000000007,0.0,0.0,8.559999999999999,15.14,20.61,3.0,48.4,3.189,7.36,0.0,101.4,0.43099999999999994,0.0,0.0,9.154545454545454,16.845454545454547,23.036363636363635,1.9,36.45454545454545,3.6972727272727273,6.69,0.0,130.3,0.41727272727272724,0.0,0.0,16.11,22.91,28.380000000000003,0.2,32.3,4.085,8.15,0.1,179.1,0.40099999999999997,0.0,0.0,16.31,22.72,27.869999999999997,7.1000000000000005,40.8,2.981,8.88,0.0,177.2,0.388,0.0,0.0,14.459999999999999,21.330000000000002,26.76,2.4,43.5,3.22,5.64,0.0,163.3,0.387,0.0,0.0,15.85,21.31,25.56,6.2,43.8,3.161,6.43,0.0,163.1,0.38,0.0,0.0,16.240000000000002,21.23,26.580000000000002,20.6,54.5,3.489,6.57,0.0,162.3,0.388,0.0,0.0,17.227272727272727,21.990909090909092,26.69090909090909,20.5,65.45454545454545,2.9209090909090913,5.23,0.0,186.9,0.3954545454545455,0.0,0.0,11.45,16.71,21.04,9.799999999999999,52.9,4.5120000000000005,9.9,0.0,117.1,0.387,0.0,0.0,11.25,16.31,21.25,13.7,65.0,3.348,7.91,0.0,113.1,0.385,0.0,0.0,11.818181818181818,17.536363636363635,22.90909090909091,1.0,55.36363636363637,2.8109090909090906,6.91,0.0,137.9,0.3836363636363636,0.0,0.0,13.069999999999999,18.21,23.31,9.7,53.0,4.017,8.35,0.0,132.1,0.38,0.0,0.0,7.18,12.430000000000001,17.380000000000003,3.1,51.4,3.8340000000000005,6.9,0.0,74.3,0.379,0.0,0.0,8.15,13.11,18.78,11.9,60.1,3.304,7.36,0.0,81.1,0.382,0.0,0.0,3.6799999999999997,8.209999999999999,13.569999999999999,1.1,60.5,3.55,7.66,0.0,36.9,0.38,0.0,0.0,0.42000000000000004,3.0799999999999996,6.040000000000001,5.5,63.0,4.05,5.97,0.0,0.5999999999999996,0.388,0.0,0.0,,,,,,,,
1992,Целиноградский,Пшеница,51.2,71.45,150.0,1.95,0.97,6.26,11.059999999999999,9.7,60.5,3.761,8.64,0.0,29.5,0.462,0.0,0.0,9.91,17.96,24.8,4.1,49.0,2.874,5.59,0.0,129.6,0.43899999999999995,0.0,0.0,6.4818181818181815,11.509090909090908,15.781818181818181,19.0,63.09090909090909,3.4,10.24,0.0,71.6,0.43727272727272726,0.0,0.0,6.890000000000001,12.62,17.3,41.4,65.6,3.968,12.12,0.0,76.6,0.458,0.0,0.0,8.5,13.930000000000001,18.71,12.6,64.1,3.098,6.54,0.0,89.3,0.44400000000000006,0.0,0.0,14.73,20.97,26.27,16.7,56.0,3.415,7.66,0.0,159.7,0.425,0.0,0.0,12.260000000000002,17.889999999999997,22.619999999999997,26.799999999999997,59.2,3.783,8.04,0.0,128.89999999999998,0.445,0.0,0.0,16.7,23.130000000000003,29.02,1.0,49.2,3.248,6.22,0.0,181.3,0.406,0.0,0.0,13.481818181818182,17.927272727272726,22.01818181818182,36.8,66.81818181818181,3.5090909090909093,7.62,0.0,142.2,0.41727272727272724,0.0,0.0,13.580000000000002,19.54,24.92,4.5,57.4,2.887,6.16,0.0,145.4,0.4109999999999999,0.0,0.0,12.01,16.22,20.55,31.6,69.5,2.895,7.5,0.0,112.2,0.43,0.0,0.0,11.409090909090908,14.454545454545455,18.38181818181818,41.3,72.72727272727273,3.6045454545454545,7.64,0.0,104.0,0.4290909090909091,0.0,0.0,8.95,12.830000000000002,17.0,11.3,71.3,3.433,10.2,0.0,78.3,0.44000000000000006,0.0,0.0,3.2600000000000002,7.18,10.99,0.0,68.3,3.357,7.12,0.0,22.299999999999997,0.426,0.0,0.0,1.59,5.14,8.940000000000001,7.999999999999999,68.7,3.045,6.45,0.0,9.7,0.42699999999999994,0.0,0.0,1.6600000000000001,5.2700000000000005,9.43,10.0,65.5,3.4509999999999996,9.42,0.0,9.3,0.43600000000000005,0.0,0.0,4.04,7.6,12.139999999999999,4.5,69.2,4.582,8.88,0.0,14.4,0.44000000000000006,0.0,0.0,,,,,,0.76,,
1993,Целиноградский,Пшеница,51.2,71.45,150.0,1.15,-1.05,5.65,11.39,27.199999999999996,64.8,4.178,11.51,0.0,25.4,0.496,0.0,0.0,4.63,12.4,19.6,2.9000000000000004,55.1,3.818,9.61,0.0,74.0,0.488,0.0,0.0,6.654545454545455,11.854545454545455,16.39090909090909,19.799999999999997,59.0,4.005454545454546,11.32,0.0,75.4,0.46727272727272723,0.0,0.0,9.92,15.41,20.06,30.6,74.8,2.352,4.92,0.0,104.1,0.46799999999999997,0.0,0.0,11.940000000000001,17.14,21.56,9.6,60.9,3.714,8.49,0.0,121.4,0.45,0.0,0.0,15.41,20.72,25.56,23.8,64.6,3.656,7.65,0.0,157.2,0.442,0.0,0.0,16.11,20.89,25.54,28.1,63.7,3.782,7.18,0.0,158.9,0.422,0.0,0.0,16.2,20.61,25.36,30.3,72.0,3.2409999999999997,7.42,0.0,156.1,0.43099999999999994,0.0,0.0,14.172727272727274,18.072727272727274,21.836363636363636,45.2,71.9090909090909,2.6427272727272726,8.85,0.0,143.8,0.43454545454545457,0.0,0.0,11.709999999999999,17.48,22.44,0.7,64.1,2.587,5.74,0.0,124.8,0.425,0.0,0.0,14.0,19.84,24.69,4.3999999999999995,59.4,3.525,8.75,0.0,148.4,0.404,0.0,0.0,12.97272727272727,17.363636363636363,21.963636363636365,21.4,63.63636363636363,4.0627272727272725,10.66,0.0,136.0,0.4090909090909091,0.0,0.0,6.55,10.72,15.0,6.1,60.6,3.59,9.73,0.0,57.2,0.40700000000000003,0.0,0.0,6.34,10.65,14.959999999999999,3.1,57.0,4.132,8.5,0.0,56.5,0.4,0.0,0.0,2.4899999999999998,6.2,9.86,16.2,59.8,4.883,8.46,0.0,23.2,0.41200000000000003,0.0,0.0,0.52,4.6899999999999995,8.85,1.9,64.9,4.045,11.23,0.0,11.0,0.41,0.0,0.0,0.03999999999999993,5.26,12.280000000000001,0.0,56.8,3.002,5.24,0.0,6.300000000000001,0.40800000000000003,0.0,0.0,,,,,,1.95,0.76,
1994,Целиноградский,Пшеница,51.2,71.45,150.0,0.63,7.970000000000001,15.280000000000001,21.759999999999998,1.7,50.8,3.871,8.48,0.0,102.8,0.43899999999999995,0.0,0.0,4.65,10.67,16.54,36.5,67.6,4.112,10.56,0.0,56.7,0.44400000000000006,0.0,0.0,7.418181818181818,15.181818181818182,21.536363636363635,2.0,45.0,3.919090909090909,10.24,0.0,112.0,0.42454545454545456,0.0,0.0,13.4,20.490000000000002,26.7,2.8,36.8,4.558,8.78,0.0,154.9,0.404,0.0,0.0,15.05,22.69,28.52,0.9,35.1,2.9170000000000003,6.82,0.0,176.9,0.394,0.0,0.0,16.64,23.37,29.389999999999997,15.5,45.7,3.651,7.32,0.0,183.70000000000002,0.387,0.0,0.0,16.169999999999998,21.509999999999998,26.47,21.8,55.2,3.045,5.97,0.0,165.1,0.40099999999999997,0.0,0.0,13.25,16.34,19.82,42.9,74.2,3.3560000000000003,9.29,0.0,113.4,0.40599999999999997,0.0,0.0,13.363636363636363,18.11818181818182,22.69090909090909,27.400000000000002,67.45454545454545,3.3927272727272726,7.5,0.0,144.3,0.4081818181818182,0.0,0.0,12.87,17.990000000000002,22.35,21.6,72.4,2.681,5.78,0.0,129.9,0.40700000000000003,0.0,0.0,13.66,18.84,23.990000000000002,12.3,67.2,2.6719999999999997,6.02,0.0,138.4,0.4149999999999999,0.0,0.0,10.545454545454545,14.57272727272727,18.581818181818182,13.299999999999999,66.63636363636364,3.790909090909091,7.72,0.0,105.3,0.40454545454545454,0.0,0.0,6.65,11.47,16.23,21.2,65.9,3.6620000000000004,6.85,0.0,64.7,0.41899999999999993,0.0,0.0,5.32,8.72,12.77,18.400000000000002,71.5,3.5100000000000002,8.24,0.0,38.4,0.425,0.0,0.0,5.83,10.91,15.919999999999998,6.9,61.1,3.675,7.45,0.0,59.1,0.43,0.0,0.0,4.63,9.74,16.04,0.0,58.2,2.665,5.94,0.0,47.4,0.417,0.0,0.0,-0.4600000000000001,4.0,9.059999999999999,0.0,51.2,2.996,5.41,0.0,3.0,0.41,0.0,0.0,,,,,,1.15,1.95,0.76
1995,Целиноградский,Пшеница,51.2,71.45,150.0,0.62,7.62,13.75,19.77,27.6,54.3,4.0,9.9,0.0,87.5,0.44800000000000006,0.0,0.0,6.140000000000001,12.18,17.05,7.4,53.5,3.97,7.7,0.0,71.8,0.446,0.0,0.0,7.3,12.781818181818181,17.845454545454547,21.700000000000003,61.36363636363637,3.6254545454545455,7.86,0.0,85.6,0.45,0.0,0.0,7.470000000000001,14.0,19.47,13.9,58.1,4.218,10.2,0.0,90.0,0.43899999999999995,0.0,0.0,11.64,18.39,23.95,2.3,52.4,2.944,6.0,0.0,133.9,0.42800000000000005,0.0,0.0,16.53,23.240000000000002,28.77,1.7000000000000002,42.3,3.662,7.63,0.0,182.4,0.40700000000000003,0.0,0.0,19.44,23.86,28.15,23.8,61.7,3.3049999999999997,7.64,0.0,188.6,0.403,0.0,0.0,14.930000000000001,20.14,25.130000000000003,4.5,49.4,3.5060000000000002,7.66,0.0,151.4,0.404,0.0,0.0,15.47272727272727,21.509090909090908,26.7,11.200000000000001,54.54545454545455,3.0509090909090912,6.05,0.0,181.6,0.39454545454545453,0.0,0.0,15.86,21.580000000000002,26.93,24.7,52.1,3.569,7.86,0.0,165.8,0.388,0.0,0.0,16.09,22.009999999999998,27.25,1.8,40.1,3.897,6.83,0.1,170.1,0.376,0.0,0.0,11.872727272727273,16.12727272727273,20.3,52.800000000000004,62.09090909090909,3.463636363636364,7.67,0.0,122.4,0.41,0.0,0.0,9.870000000000001,15.2,20.509999999999998,1.1,63.8,2.558,5.01,0.0,102.0,0.402,0.0,0.0,6.5,11.84,16.72,38.699999999999996,62.1,3.5159999999999996,7.79,0.0,69.5,0.41,0.0,0.0,4.0600000000000005,8.27,12.76,17.2,68.2,4.056,9.88,0.0,32.7,0.42800000000000005,0.0,0.0,3.38,8.879999999999999,15.39,0.7,64.4,3.102,5.73,0.0,38.8,0.422,0.0,0.0,3.96,7.06,10.32,26.9,72.6,6.212000000000001,11.32,0.0,13.5,0.43,0.0,0.0,,,,,,0.63,1.15,1.95
1996,Целиноградский,Пшеница,51.2,71.45,150.0,1.0,3.79,11.17,17.73,12.4,66.5,3.01,9.9,0.0,65.0,0.492,0.0,0.0,6.62,14.24,20.990000000000002,4.8,53.9,4.053,9.59,0.0,92.4,0.46699999999999997,0.0,0.0,5.172727272727273,11.009090909090908,15.481818181818182,7.6,53.09090909090909,4.131818181818182,8.76,0.0,66.1,0.4509090909090909,0.0,0.0,12.290000000000001,19.630000000000003,25.59,4.2,46.1,3.3579999999999997,7.92,0.0,146.3,0.425,0.0,0.0,12.959999999999999,17.869999999999997,22.64,35.599999999999994,66.1,4.308,7.8,0.0,128.7,0.43099999999999994,0.0,0.0,15.219999999999999,21.669999999999998,26.57,2.5,51.0,3.284,6.86,0.0,166.7,0.40700000000000003,0.0,0.0,14.690000000000001,19.27,23.73,37.5,64.8,2.959,7.6,0.0,142.7,0.40599999999999997,0.0,0.0,14.459999999999999,19.75,24.59,12.8,67.1,3.372,5.91,0.0,147.5,0.4109999999999999,0.0,0.0,16.745454545454546,21.70909090909091,26.281818181818185,8.5,60.54545454545455,2.8045454545454547,5.17,0.0,183.8,0.3963636363636364,0.0,0.0,15.41,22.09,27.79,2.2,49.0,3.169,7.62,0.0,170.9,0.382,0.0,0.0,9.610000000000001,13.690000000000001,17.47,17.0,65.3,2.878,6.17,0.0,86.9,0.387,0.0,0.0,8.118181818181817,12.254545454545456,16.427272727272726,41.0,67.63636363636364,4.3136363636363635,8.95,0.0,79.8,0.40545454545454546,0.0,0.0,7.33,13.209999999999999,18.869999999999997,0.9,60.9,2.7,6.45,0.0,82.10000000000001,0.414,0.0,0.0,9.22,12.43,16.25,15.3,65.7,3.279,7.21,0.0,74.3,0.40499999999999997,0.0,0.0,4.04,7.94,11.7,20.2,63.1,3.242,8.01,0.0,30.0,0.41200000000000003,0.0,0.0,-0.34,4.529999999999999,10.1,16.8,74.5,3.5780000000000003,8.15,0.0,11.0,0.42800000000000005,0.0,0.0,3.62,6.640000000000001,9.780000000000001,3.5999999999999996,76.0,3.5620000000000003,7.37,0.0,8.5,0.43,0.0,0.0,,,,,,0.62,0.63,1.15
1997,Целиноградский,Пшеница,51.2,71.45,150.0,0.64,6.83,12.059999999999999,16.65,23.0,67.6,3.9530000000000003,9.28,0.0,70.6,0.45099999999999996,0.0,0.0,6.4799999999999995,11.190000000000001,15.86,35.1,68.2,3.8339999999999996,8.61,0.0,61.9,0.462,0.0,0.0,11.727272727272727,18.990909090909092,25.145454545454548,3.5,55.63636363636363,2.969090909090909,6.8,0.0,153.9,0.44909090909090915,0.0,0.0,10.83,17.8,23.84,0.4,39.1,3.7119999999999997,8.95,0.0,128.0,0.417,0.0,0.0,13.35,20.29,26.110000000000003,1.5,44.8,3.6729999999999996,7.81,0.0,152.9,0.40599999999999997,0.0,0.0,14.819999999999999,20.86,25.939999999999998,0.5,44.2,3.832,7.75,0.0,158.6,0.40700000000000003,0.0,0.0,16.169999999999998,22.490000000000002,28.22,15.6,43.1,3.6090000000000004,6.9,0.1,174.9,0.393,0.0,0.0,14.59,20.080000000000002,25.31,12.6,47.4,3.429,6.38,0.0,150.8,0.391,0.0,0.0,12.781818181818181,18.59090909090909,23.745454545454546,8.2,44.54545454545455,3.5109090909090908,6.8,0.0,149.5,0.38272727272727275,0.0,0.0,15.98,21.71,26.910000000000004,2.2,45.2,3.778,7.22,0.0,167.1,0.38,0.0,0.0,15.35,21.279999999999998,26.75,7.0,40.8,3.585,8.96,0.1,162.79999999999998,0.375,0.0,0.0,10.299999999999999,15.736363636363636,20.363636363636363,4.2,53.0,3.767272727272727,7.45,0.0,118.10000000000001,0.3781818181818182,0.0,0.0,5.26,10.65,15.98,7.799999999999999,56.2,3.034,8.85,0.0,56.5,0.38,0.0,0.0,8.879999999999999,14.52,20.32,1.4,49.8,3.782,6.92,0.0,95.2,0.37,0.0,0.0,9.440000000000001,15.35,22.080000000000002,0.0,43.4,3.7079999999999997,6.24,0.0,103.5,0.37,0.0,0.0,6.539999999999999,12.71,19.28,3.6,33.4,3.8770000000000002,9.76,0.0,77.10000000000001,0.373,0.0,0.0,3.3200000000000003,8.76,14.34,7.4,71.8,4.328,10.25,0.0,18.799999999999997,0.388,0.0,0.0,,,,,,1.0,0.62,0.63
1998,Целиноградский,Пшеница,51.2,71.45,150.0,0.4599999999999999,3.4099999999999993,10.370000000000001,16.39,8.7,53.1,3.8899999999999997,9.46,0.0,60.900000000000006,0.44000000000000006,0.0,0.0,2.6100000000000003,8.5,14.040000000000001,19.3,59.0,5.016,9.21,0.0,37.6,0.45,0.0,0.0,10.145454545454545,17.900000000000002,24.472727272727273,3.9,48.18181818181818,3.190909090909091,8.1,0.0,141.9,0.4309090909090909,0.0,0.0,12.919999999999998,20.39,26.07,6.4,38.9,3.2379999999999995,6.89,0.0,153.9,0.40700000000000003,0.0,0.0,15.629999999999999,22.48,28.110000000000003,8.0,44.1,3.5740000000000003,6.26,0.0,174.8,0.409,0.0,0.0,16.34,22.46,28.810000000000002,6.5,50.4,3.223,8.52,0.0,174.6,0.391,0.0,0.0,16.89,22.82,28.4,23.7,55.7,3.478,6.22,0.0,178.2,0.388,0.0,0.0,18.8,24.009999999999998,29.130000000000003,21.5,54.5,3.457,6.78,0.0,190.1,0.40099999999999997,0.0,0.0,18.28181818181818,24.9,30.3,1.4,38.27272727272727,4.246363636363636,6.23,0.0,218.9,0.3981818181818182,0.0,0.0,21.43,28.169999999999998,33.94,1.0,32.6,3.0010000000000003,5.63,0.1,231.7,0.376,0.0,0.0,15.25,20.16,24.71,26.0,54.8,2.623,6.45,0.0,151.6,0.383,0.0,0.0,12.881818181818181,19.745454545454546,25.936363636363637,0.4,45.0,3.1554545454545457,7.81,0.0,162.2,0.38727272727272727,0.0,0.0,11.28,15.690000000000001,20.419999999999998,7.1,50.8,3.7960000000000003,9.08,0.0,106.9,0.38,0.0,0.0,4.779999999999999,11.68,18.43,2.7,42.1,2.984,7.6,0.0,66.8,0.38,0.0,0.0,3.7,8.72,13.930000000000001,1.6,49.1,4.0409999999999995,11.63,0.0,38.4,0.374,0.0,0.0,2.3299999999999996,5.82,10.14,11.1,52.9,5.489,10.37,0.0,22.7,0.377,0.0,0.0,3.44,6.0200000000000005,8.8,3.1,61.4,5.093999999999999,8.57,0.0,6.9,0.38,0.0,0.0,,,,,,0.64,1.0,0.62
1999,Целиноградский,Пшеница,51.2,71.45,150.0,1.21,4.85,11.7,17.32,15.7,50.7,3.586,8.08,0.0,67.8,0.43200000000000005,0.0,0.0,6.840000000000001,14.5,21.619999999999997,2.0999999999999996,38.2,4.627,12.46,0.1,95.0,0.42400000000000004,0.0,0.0,10.618181818181817,18.518181818181816,24.663636363636364,0.8,41.09090909090909,3.351818181818182,8.51,0.18181818181818182,148.7,0.4027272727272727,0.0,0.0,11.11,16.5,21.46,28.2,57.1,3.9629999999999996,8.71,0.0,115.0,0.413,0.0,0.0,7.3,12.540000000000001,17.25,37.400000000000006,62.5,3.636,9.28,0.0,75.4,0.422,0.0,0.0,12.36,16.509999999999998,20.77,58.800000000000004,74.1,3.8619999999999997,6.8,0.0,115.1,0.466,0.0,0.0,15.669999999999998,21.72,27.439999999999998,10.9,57.1,3.07,5.41,0.0,167.2,0.429,0.0,0.0,15.64,20.330000000000002,24.830000000000002,33.7,69.0,3.332,8.23,0.0,153.3,0.43,0.0,0.0,16.081818181818182,22.30909090909091,27.5,3.7,53.90909090909091,3.2709090909090914,6.3,0.0,190.4,0.4127272727272727,0.0,0.0,14.84,20.21,25.130000000000003,23.6,52.3,3.3329999999999997,7.17,0.0,152.1,0.399,0.0,0.0,15.15,21.119999999999997,26.669999999999998,1.3,46.4,2.855,6.58,0.0,161.2,0.392,0.0,0.0,13.636363636363637,20.79090909090909,27.19090909090909,0.0,37.54545454545455,3.3327272727272725,7.92,0.0,173.7,0.3809090909090909,0.0,0.0,8.85,13.05,17.34,19.599999999999998,62.9,4.6,9.02,0.0,80.5,0.387,0.0,0.0,12.059999999999999,17.619999999999997,24.02,1.8,46.1,3.347,8.41,0.0,126.19999999999999,0.386,0.0,0.0,5.62,9.73,14.180000000000001,3.0,56.1,2.686,7.02,0.0,47.3,0.38,0.0,0.0,8.03,11.870000000000001,16.61,3.7,66.4,2.955,6.18,0.0,68.7,0.382,0.0,0.0,4.08,9.86,15.719999999999999,0.0,57.4,3.3259999999999996,7.55,0.0,24.3,0.38,0.0,0.0,,,,,,0.4599999999999999,0.64,1.0
2000,Целиноградский,Пшеница,51.2,71.45,150.0,0.85,3.6799999999999997,8.92,14.65,26.0,63.6,4.509,9.36,0.0,40.5,0.469,0.0,0.0,6.99,11.57,16.25,33.9,67.7,3.782,9.99,0.0,65.7,0.462,0.0,0.0,8.181818181818182,12.863636363636363,17.536363636363635,36.599999999999994,72.18181818181819,3.688181818181818,8.51,0.0,86.5,0.4681818181818182,0.0,0.0,10.55,14.65,18.94,29.9,71.1,3.897,7.75,0.0,96.5,0.466,0.0,0.0,12.88,18.830000000000002,23.509999999999998,26.0,63.7,3.344,7.66,0.0,138.3,0.453,0.0,0.0,17.630000000000003,22.66,27.660000000000004,15.7,61.8,3.846,8.42,0.0,176.6,0.422,0.0,0.0,14.65,20.16,25.02,7.3999999999999995,50.8,3.5200000000000005,8.16,0.0,151.6,0.409,0.0,0.0,14.030000000000001,18.740000000000002,23.1,25.0,63.6,3.5879999999999996,7.44,0.0,137.4,0.4,0.0,0.0,15.218181818181819,21.463636363636365,26.845454545454547,3.0999999999999996,47.18181818181818,2.7345454545454544,6.55,0.0,181.1,0.3936363636363636,0.0,0.0,18.28,23.31,28.419999999999998,5.4,49.1,3.463,7.6,0.0,183.1,0.383,0.0,0.0,14.48,20.330000000000002,26.410000000000004,8.3,48.0,3.232,6.73,0.0,153.3,0.38,0.0,0.0,12.345454545454544,16.518181818181816,20.863636363636363,8.9,56.81818181818182,3.6290909090909094,6.49,0.0,126.69999999999999,0.37999999999999995,0.0,0.0,10.75,18.27,25.36,0.0,36.3,3.7729999999999997,7.62,0.2,132.7,0.375,0.0,0.0,9.129999999999999,13.52,18.020000000000003,5.0,53.7,4.162,8.83,0.0,85.2,0.378,0.0,0.0,0.37,3.75,7.25,35.7,72.6,4.893,8.23,0.0,7.5,0.39699999999999996,0.0,0.0,-1.5399999999999998,0.5,3.17,8.0,72.2,3.872,6.65,0.0,0.0,0.41,0.0,0.0,-2.3,1.1,5.32,1.7,74.8,2.8600000000000003,5.48,0.0,0.0,0.41,0.0,0.0,,,,,,1.21,0.4599999999999999,0.64
2001,Целиноградский,Пшеница,51.2,71.45,150.0,1.1,7.06,15.930000000000001,23.52,6.0,51.7,3.556,8.73,0.0,109.3,0.457,0.0,0.0,9.19,15.49,21.57,2.6,46.6,3.9840000000000004,7.22,0.0,104.9,0.44299999999999995,0.0,0.0,13.47272727272727,21.181818181818183,27.70909090909091,1.5,39.18181818181818,3.5863636363636364,8.95,0.09090909090909091,178.0,0.4227272727272727,0.0,0.0,12.05,16.85,21.65,14.1,54.1,4.16,9.14,0.0,118.5,0.438,0.0,0.0,12.56,17.919999999999998,22.66,66.5,64.4,3.3230000000000004,8.43,0.0,129.2,0.429,0.0,0.0,14.069999999999999,19.81,25.41,4.1,49.3,3.854,9.04,0.0,148.1,0.41899999999999993,0.0,0.0,11.709999999999999,16.07,20.080000000000002,51.2,68.3,4.079,10.03,0.0,110.7,0.42699999999999994,0.0,0.0,12.959999999999999,17.259999999999998,21.52,36.1,74.1,2.993,6.8,0.0,122.6,0.43,0.0,0.0,13.318181818181818,18.945454545454545,23.672727272727272,5.2,59.90909090909091,3.1636363636363636,6.58,0.0,153.4,0.4145454545454545,0.0,0.0,15.430000000000001,20.7,26.05,21.0,57.6,3.7369999999999997,7.62,0.0,157.0,0.402,0.0,0.0,13.77,18.580000000000002,23.31,28.1,62.5,3.5159999999999996,7.5,0.0,135.8,0.4109999999999999,0.0,0.0,10.527272727272727,14.781818181818181,19.28181818181818,29.1,64.9090909090909,3.8572727272727274,8.53,0.0,107.60000000000001,0.4081818181818182,0.0,0.0,9.78,14.459999999999999,19.07,1.7000000000000002,56.1,3.7969999999999997,6.98,0.0,94.6,0.402,0.0,0.0,4.07,7.06,10.129999999999999,20.5,73.6,3.675,8.0,0.0,20.9,0.409,0.0,0.0,4.3100000000000005,9.42,15.059999999999999,1.8,61.0,3.215,10.07,0.0,44.8,0.418,0.0,0.0,3.21,6.779999999999999,10.77,33.199999999999996,63.6,4.494,9.53,0.0,22.299999999999997,0.43,0.0,0.0,0.27999999999999997,4.0200000000000005,8.28,2.9000000000000004,74.0,4.696,9.12,0.0,2.0,0.454,0.0,0.0,,,,,,0.85,1.21,0.4599999999999999
2002,Целиноградский,Пшеница,51.2,71.45,150.0,0.85,1.15,9.040000000000001,15.51,4.9,56.4,2.978,7.19,0.0,41.1,0.513,0.0,0.0,6.13,11.919999999999998,17.19,13.4,62.0,4.064,8.95,0.0,70.0,0.49800000000000005,0.0,0.0,7.745454545454546,13.109090909090908,17.59090909090909,16.4,58.0,4.794545454545455,10.44,0.0,89.2,0.47363636363636363,0.0,0.0,9.43,15.65,20.880000000000003,14.2,59.2,3.351,6.37,0.0,106.5,0.457,0.0,0.0,10.73,16.48,21.39,17.3,66.8,2.8449999999999998,7.01,0.0,114.8,0.45999999999999996,0.0,0.0,14.01,18.869999999999997,23.009999999999998,23.700000000000003,67.0,3.353,8.08,0.0,138.7,0.44400000000000006,0.0,0.0,13.55,18.169999999999998,22.669999999999998,23.4,71.9,2.944,5.91,0.0,131.70000000000002,0.44699999999999995,0.0,0.0,14.330000000000002,19.73,24.68,23.700000000000003,67.7,2.7990000000000004,6.0,0.0,147.3,0.421,0.0,0.0,13.645454545454545,18.62727272727273,22.900000000000002,2.5,61.0,3.2418181818181817,6.33,0.0,149.9,0.41818181818181815,0.0,0.0,16.98,23.96,30.669999999999998,3.8,52.3,3.2700000000000005,7.26,0.0,189.6,0.40099999999999997,0.0,0.0,13.87,19.78,24.990000000000002,6.6,51.3,3.5460000000000003,7.71,0.0,147.8,0.39,0.0,0.0,10.072727272727272,14.909090909090908,19.754545454545454,23.5,60.63636363636363,3.494545454545454,8.56,0.0,109.0,0.39909090909090916,0.0,0.0,9.41,15.069999999999999,20.46,21.9,64.3,2.9619999999999997,6.98,0.0,100.7,0.404,0.0,0.0,5.85,12.95,20.36,0.1,40.0,3.468,6.87,0.1,79.5,0.397,0.0,0.0,9.1,14.88,20.43,1.3,44.4,4.308999999999999,8.5,0.0,98.8,0.39,0.0,0.0,3.4899999999999998,8.11,13.0,0.7,48.4,4.101000000000001,9.8,0.0,31.9,0.39,0.0,0.0,-0.1200000000000001,2.58,5.5200000000000005,15.6,62.4,5.734,12.89,0.0,7.800000000000001,0.40199999999999997,0.0,0.0,,,,,,1.1,0.85,1.21
2003,Целиноградский,Пшеница,51.2,71.45,150.0,0.95,5.64,12.03,17.86,7.1,62.3,3.406,8.67,0.0,70.3,0.48,0.0,0.0,11.47,18.8,25.27,0.1,41.8,3.785,7.4,0.0,138.0,0.45200000000000007,0.0,0.0,10.554545454545455,16.599999999999998,22.37272727272727,29.6,59.09090909090909,3.438181818181818,6.78,0.0,127.60000000000001,0.4436363636363636,0.0,0.0,12.48,17.21,21.85,51.6,68.7,4.192,10.8,0.0,122.1,0.438,0.0,0.0,12.75,17.71,22.119999999999997,15.1,62.8,3.88,7.29,0.0,127.1,0.44299999999999995,0.0,0.0,13.830000000000002,19.39,24.169999999999998,15.4,54.0,3.536,7.93,0.0,143.9,0.422,0.0,0.0,16.89,21.65,26.25,23.1,66.0,3.2410000000000005,5.82,0.0,166.5,0.41500000000000004,0.0,0.0,12.3,17.23,21.18,3.8,57.9,3.0010000000000003,5.79,0.0,122.3,0.41899999999999993,0.0,0.0,10.981818181818182,15.481818181818182,19.681818181818183,19.5,65.9090909090909,3.3745454545454545,7.28,0.0,115.30000000000001,0.42999999999999994,0.0,0.0,14.16,19.78,24.57,4.6000000000000005,60.9,3.193,6.95,0.0,147.8,0.41600000000000004,0.0,0.0,17.119999999999997,22.53,27.580000000000002,10.9,59.7,2.509,5.46,0.0,175.3,0.409,0.0,0.0,15.127272727272727,21.336363636363636,27.05454545454546,4.1000000000000005,48.27272727272727,2.9918181818181817,6.3,0.0,179.7,0.40545454545454546,0.0,0.0,14.87,22.29,29.360000000000003,0.1,37.6,3.147,9.34,0.0,172.9,0.391,0.0,0.0,9.0,13.49,18.03,7.800000000000001,54.5,3.476,7.69,0.0,84.9,0.397,0.0,0.0,3.62,7.2299999999999995,11.01,12.2,62.3,3.444,6.76,0.0,23.0,0.399,0.0,0.0,0.27,5.95,12.26,0.0,55.3,2.698,4.61,0.0,16.7,0.4,0.0,0.0,-2.16,3.3,10.0,0.0,43.2,3.562,5.8,0.0,0.0,0.394,0.0,0.0,,,,,,0.85,1.1,0.85
2004,Целиноградский,Пшеница,51.2,71.45,150.0,0.6900000000000001,2.77,10.09,16.27,0.6,51.3,3.5469999999999997,7.78,0.0,51.6,0.476,0.0,0.0,12.32,21.0,28.160000000000004,0.6,34.7,3.349,6.42,0.2,160.0,0.445,0.0,0.0,10.709090909090909,16.518181818181816,21.736363636363635,26.599999999999998,52.63636363636363,4.008181818181819,7.2,0.0,126.7,0.44727272727272727,0.0,0.0,11.4,17.89,23.72,12.2,41.8,3.665,8.51,0.0,128.9,0.42400000000000004,0.0,0.0,15.719999999999999,22.71,28.35,1.1,38.2,3.761,9.53,0.0,177.1,0.409,0.0,0.0,14.430000000000001,18.95,23.18,22.299999999999997,54.6,3.5129999999999995,7.58,0.0,139.5,0.40800000000000003,0.0,0.0,13.26,18.1,22.29,20.7,62.8,3.2939999999999996,7.39,0.0,131.0,0.426,0.0,0.0,16.34,21.47,25.98,17.799999999999997,57.4,3.563,6.51,0.0,164.7,0.426,0.0,0.0,16.763636363636365,23.245454545454546,28.854545454545452,5.5,47.45454545454545,2.7581818181818183,4.74,0.0,200.7,0.4063636363636363,0.0,0.0,12.43,16.82,20.830000000000002,44.6,67.8,3.79,8.16,0.0,118.19999999999999,0.43200000000000005,0.0,0.0,14.87,21.72,27.75,0.0,44.5,2.879,6.82,0.0,167.2,0.414,0.0,0.0,10.799999999999999,16.48181818181818,21.400000000000002,5.9,56.09090909090909,3.4463636363636367,7.42,0.0,126.3,0.4018181818181818,0.0,0.0,9.32,15.02,20.94,14.2,54.7,3.2920000000000003,8.85,0.0,100.2,0.41,0.0,0.0,8.790000000000001,14.680000000000001,20.169999999999998,11.9,53.4,3.4810000000000003,11.53,0.0,96.8,0.409,0.0,0.0,7.05,12.39,17.86,6.5,59.2,3.5189999999999997,7.42,0.0,73.9,0.4109999999999999,0.0,0.0,7.06,10.82,15.38,6.300000000000001,55.0,3.971,8.35,0.0,62.3,0.40499999999999997,0.0,0.0,2.82,8.18,14.38,12.899999999999999,53.2,5.302,14.52,0.0,20.299999999999997,0.41,0.0,0.0,,,,,,0.95,0.85,1.1
2005,Целиноградский,Пшеница,51.2,71.45,150.0,0.6900000000000001,6.8,13.169999999999998,19.580000000000002,42.199999999999996,51.7,4.154999999999999,7.91,0.0,81.7,0.473,0.0,0.0,7.459999999999999,14.52,20.47,7.9,49.9,3.5700000000000003,8.32,0.0,95.2,0.475,0.0,0.0,9.754545454545454,15.481818181818182,20.62727272727273,15.8,56.36363636363637,3.5936363636363637,9.26,0.0,115.3,0.45909090909090905,0.0,0.0,13.85,20.86,26.869999999999997,2.7,48.3,3.061,7.83,0.0,158.6,0.44299999999999995,0.0,0.0,15.4,21.29,26.5,11.3,52.3,3.189,8.88,0.0,162.9,0.422,0.0,0.0,14.059999999999999,19.619999999999997,24.7,29.3,62.3,3.8920000000000003,10.22,0.0,146.2,0.422,0.0,0.0,18.55,25.23,31.4,5.5,46.8,2.967,8.28,0.0,202.3,0.402,0.0,0.0,13.36,18.44,22.65,24.3,60.4,4.395,9.9,0.0,134.4,0.40599999999999997,0.0,0.0,15.7,20.327272727272728,24.927272727272726,30.8,69.27272727272727,3.1163636363636367,5.84,0.0,168.6,0.4190909090909091,0.0,0.0,16.5,21.21,25.580000000000002,7.0,63.0,3.382,7.11,0.0,162.1,0.41,0.0,0.0,13.85,20.47,26.51,0.9,44.8,2.997,5.95,0.0,154.7,0.395,0.0,0.0,9.454545454545455,12.854545454545455,16.645454545454545,43.0,73.0,4.218181818181818,11.65,0.0,86.4,0.41727272727272724,0.0,0.0,10.540000000000001,15.6,20.36,4.2,60.8,3.5090000000000003,8.1,0.0,106.0,0.43099999999999994,0.0,0.0,8.33,13.780000000000001,19.59,1.5,50.9,3.963,8.07,0.0,87.8,0.41600000000000004,0.0,0.0,4.04,9.36,15.13,6.2,58.8,2.967,8.1,0.0,43.599999999999994,0.41200000000000003,0.0,0.0,4.92,9.510000000000002,14.84,2.0,59.4,3.4210000000000003,7.4,0.0,48.5,0.41,0.0,0.0,-1.1400000000000001,3.5,9.559999999999999,0.0,59.2,1.638,3.11,0.0,1.7000000000000002,0.41,0.0,0.0,,,,,,0.6900000000000001,0.95,0.85
2006,Целиноградский,Пшеница,51.2,71.45,150.0,0.7,-0.63,6.12,11.580000000000002,3.2,50.7,3.22,6.63,0.0,18.4,0.476,0.0,0.0,8.39,14.940000000000001,20.990000000000002,26.4,55.6,4.003,8.54,0.1,99.4,0.45999999999999996,0.0,0.0,11.409090909090908,18.581818181818182,24.61818181818182,2.3,43.18181818181818,3.174545454545455,7.62,0.0,149.4,0.4454545454545455,0.0,0.0,13.959999999999999,19.82,24.71,10.299999999999999,53.4,3.474,8.56,0.0,148.2,0.433,0.0,0.0,16.68,23.14,29.07,17.1,46.0,3.261,6.99,0.0,181.4,0.41899999999999993,0.0,0.0,16.03,20.509999999999998,24.880000000000003,41.3,69.2,2.4170000000000003,5.15,0.0,155.1,0.418,0.0,0.0,13.5,18.36,22.52,9.6,60.7,2.843,6.33,0.0,133.6,0.425,0.0,0.0,14.5,20.06,24.580000000000002,3.9,61.9,3.148,6.52,0.0,150.6,0.41899999999999993,0.0,0.0,14.563636363636364,20.072727272727274,24.981818181818184,4.3,41.45454545454545,4.332727272727272,10.51,0.0,165.8,0.40090909090909094,0.0,0.0,12.52,17.69,21.94,2.3000000000000003,54.5,3.169,6.94,0.0,126.9,0.392,0.0,0.0,12.09,18.15,23.81,4.7,54.9,3.9300000000000006,7.5,0.0,131.5,0.39,0.0,0.0,11.954545454545455,17.79090909090909,23.436363636363637,9.2,47.54545454545455,3.7145454545454544,8.06,0.09090909090909091,140.7,0.38727272727272727,0.0,0.0,10.75,18.54,26.25,0.3,35.8,3.081,5.88,0.1,135.4,0.38,0.0,0.0,8.76,12.05,15.63,15.7,60.1,5.412,9.69,0.0,70.5,0.388,0.0,0.0,4.13,9.9,15.719999999999999,0.2,53.7,3.5730000000000004,8.36,0.0,49.0,0.39,0.0,0.0,4.01,8.08,12.54,24.1,60.7,4.118,8.36,0.0,38.599999999999994,0.398,0.0,0.0,-1.8800000000000001,1.48,5.58,1.7,69.8,2.8920000000000003,5.6,0.0,0.0,0.422,0.0,0.0,,,,,,0.6900000000000001,0.6900000000000001,0.95
2007,Целиноградский,Пшеница,51.2,71.45,150.0,0.82,4.85,10.93,16.43,12.4,56.6,5.072,13.67,0.0,60.3,0.497,0.0,0.0,10.040000000000001,15.77,20.72,12.9,56.4,4.308,8.15,0.0,107.7,0.49000000000000005,0.0,0.0,10.127272727272727,16.863636363636363,22.30909090909091,10.8,52.63636363636363,4.237272727272727,10.42,0.0,130.5,0.46545454545454545,0.0,0.0,7.159999999999999,12.66,17.84,10.8,51.3,3.942,9.12,0.0,76.6,0.45899999999999996,0.0,0.0,12.040000000000001,18.8,24.07,4.0,45.0,3.2950000000000004,8.63,0.0,138.0,0.441,0.0,0.0,16.94,23.27,28.869999999999997,31.099999999999998,48.4,3.382,8.42,0.0,182.7,0.418,0.0,0.0,16.009999999999998,21.169999999999998,25.85,20.8,69.9,2.288,5.64,0.0,161.7,0.426,0.0,0.0,17.86,23.080000000000002,28.389999999999997,20.0,60.3,3.407,6.04,0.0,180.8,0.414,0.0,0.0,14.218181818181819,19.69090909090909,24.481818181818184,5.4,53.54545454545455,3.0427272727272725,7.98,0.0,161.60000000000002,0.419090909090909,0.0,0.0,15.87,21.48,26.330000000000002,3.5,54.4,2.941,5.98,0.0,164.8,0.403,0.0,0.0,10.040000000000001,15.430000000000001,20.07,1.3,50.2,3.3880000000000003,8.78,0.0,104.3,0.4,0.0,0.0,13.636363636363637,20.89090909090909,27.39090909090909,2.9,44.18181818181818,2.921818181818182,6.18,0.0,174.8,0.39454545454545453,0.0,0.0,12.559999999999999,19.35,25.68,2.8000000000000003,41.6,2.9509999999999996,6.51,0.0,143.5,0.381,0.0,0.0,9.7,15.24,20.869999999999997,0.5,43.3,3.725,7.3,0.0,102.4,0.38,0.0,0.0,5.220000000000001,9.25,13.540000000000001,4.1,61.9,2.7350000000000003,5.66,0.0,42.5,0.385,0.0,0.0,1.98,5.85,10.42,19.799999999999997,72.4,3.091,10.78,0.0,11.3,0.414,0.0,0.0,0.58,5.92,12.08,0.0,59.4,2.386,5.47,0.0,5.1000000000000005,0.404,0.0,0.0,,,,,,0.7,0.6900000000000001,0.6900000000000001
2008,Целиноградский,Пшеница,51.2,71.45,150.0,0.67,2.78,9.669999999999998,15.49,5.0,52.4,3.1710000000000003,6.77,0.0,48.8,0.45099999999999996,0.0,0.0,8.39,15.89,22.080000000000002,15.299999999999999,55.2,2.82,7.0,0.0,108.9,0.445,0.0,0.0,13.381818181818183,20.045454545454547,26.563636363636363,6.699999999999999,43.90909090909091,3.928181818181818,8.09,0.09090909090909091,165.5,0.4254545454545454,0.0,0.0,12.36,18.11,23.44,2.5999999999999996,47.0,3.749,7.86,0.0,131.1,0.413,0.0,0.0,13.41,20.560000000000002,26.2,0.8,39.7,3.724,8.16,0.0,155.60000000000002,0.40099999999999997,0.0,0.0,16.18,22.080000000000002,27.54,15.0,49.2,3.461,8.05,0.0,170.8,0.39,0.0,0.0,15.169999999999998,21.25,26.310000000000002,7.8,53.7,3.2119999999999997,9.44,0.0,162.5,0.397,0.0,0.0,19.009999999999998,24.29,29.389999999999997,17.599999999999998,56.7,2.9579999999999997,5.86,0.0,192.9,0.395,0.0,0.0,18.009090909090908,24.336363636363636,29.80909090909091,16.2,53.27272727272727,3.5463636363636364,7.22,0.09090909090909091,212.7,0.4081818181818182,0.0,0.0,15.790000000000001,21.28,26.2,20.8,48.7,3.7670000000000003,7.62,0.0,162.8,0.40599999999999997,0.0,0.0,15.190000000000001,20.91,26.130000000000003,1.2000000000000002,47.9,2.967,6.75,0.0,159.1,0.392,0.0,0.0,13.727272727272727,19.018181818181816,24.272727272727273,11.600000000000001,54.90909090909091,3.328181818181818,7.11,0.0,154.2,0.39,0.0,0.0,10.879999999999999,15.88,20.86,8.1,51.8,3.463,8.8,0.0,108.8,0.394,0.0,0.0,6.49,10.75,15.459999999999999,26.8,64.4,3.8879999999999995,6.59,0.0,58.1,0.40199999999999997,0.0,0.0,1.8699999999999999,5.39,9.09,5.7,65.1,2.742,6.83,0.0,9.5,0.41200000000000003,0.0,0.0,2.44,9.33,17.41,0.0,55.4,2.088,5.22,0.0,43.5,0.4,0.0,0.0,2.4799999999999995,5.74,8.32,15.6,71.2,6.093999999999999,9.24,0.0,5.7,0.41200000000000003,0.0,0.0,,,,,,0.82,0.7,0.6900000000000001
2009,Целиноградский,Пшеница,51.2,71.45,150.0,0.9,3.2399999999999998,11.58,18.759999999999998,8.8,45.3,3.632,10.0,0.0,65.8,0.458,0.0,0.0,10.74,16.77,22.95,7.0,45.7,4.41,9.26,0.1,117.7,0.44400000000000006,0.0,0.0,6.4818181818181815,12.854545454545455,18.936363636363637,42.0,57.0,4.218181818181818,8.42,0.0,87.3,0.4572727272727273,0.0,0.0,12.67,19.89,26.130000000000003,8.4,57.8,2.989,7.71,0.0,148.9,0.44299999999999995,0.0,0.0,12.02,18.330000000000002,23.580000000000002,4.7,45.9,3.776,8.33,0.0,133.3,0.41899999999999993,0.0,0.0,13.14,17.6,22.06,2.8,51.6,3.822,10.88,0.0,126.0,0.40700000000000003,0.0,0.0,15.27,21.56,27.369999999999997,7.0,42.5,3.232,6.89,0.1,165.6,0.40700000000000003,0.0,0.0,14.16,18.15,22.54,45.1,73.9,2.963,6.75,0.0,131.5,0.413,0.0,0.0,12.363636363636363,17.036363636363635,21.327272727272728,52.6,70.45454545454545,3.3854545454545457,8.75,0.0,132.4,0.4336363636363636,0.0,0.0,13.540000000000001,18.29,22.919999999999998,9.700000000000001,61.8,3.4339999999999997,7.43,0.0,132.9,0.43099999999999994,0.0,0.0,12.55,17.93,22.89,1.7,50.2,4.288,7.85,0.0,129.3,0.413,0.0,0.0,13.436363636363637,18.463636363636365,23.572727272727274,20.2,62.09090909090909,3.352727272727273,7.69,0.0,148.1,0.4127272727272727,0.0,0.0,6.83,11.49,16.03,7.3,63.7,3.745,7.43,0.0,64.9,0.422,0.0,0.0,7.7299999999999995,13.1,19.06,12.7,61.8,2.4219999999999997,6.65,0.0,81.0,0.429,0.0,0.0,7.33,12.68,18.259999999999998,9.0,55.3,3.518,7.3,0.0,76.8,0.429,0.0,0.0,4.970000000000001,9.85,15.24,3.7,58.6,3.97,7.52,0.0,48.5,0.43,0.0,0.0,0.6,5.4399999999999995,11.0,0.0,51.8,3.038,5.87,0.0,6.199999999999999,0.42400000000000004,0.0,0.0,,,,,,0.67,0.82,0.7
2010,Целиноградский,Пшеница,51.2,71.45,150.0,0.42,6.87,14.180000000000001,20.580000000000002,0.5,46.8,3.3019999999999996,6.58,0.0,91.8,0.485,0.0,0.0,5.279999999999999,12.16,18.630000000000003,4.7,44.3,3.6989999999999994,9.17,0.0,71.6,0.466,0.0,0.0,8.309090909090909,14.545454545454545,19.990909090909092,10.9,53.45454545454545,3.8863636363636362,8.7,0.0,105.0,0.4627272727272727,0.0,0.0,13.180000000000001,21.14,27.53,15.5,41.9,2.885,5.52,0.0,161.4,0.442,0.0,0.0,17.11,24.31,30.51,1.7,39.2,3.623,7.83,0.0,193.1,0.414,0.0,0.0,12.290000000000001,18.27,23.419999999999998,11.7,49.2,3.412,8.16,0.0,132.7,0.40700000000000003,0.0,0.0,13.330000000000002,18.830000000000002,23.419999999999998,14.600000000000001,49.3,3.4450000000000003,7.38,0.0,138.3,0.40800000000000003,0.0,0.0,16.119999999999997,22.02,27.54,9.5,47.4,3.2979999999999996,7.23,0.0,170.2,0.40099999999999997,0.0,0.0,11.663636363636364,17.972727272727273,23.245454545454546,3.6,47.72727272727273,3.316363636363637,7.66,0.0,142.7,0.3936363636363636,0.0,0.0,15.8,22.490000000000002,28.01,2.0,41.3,3.2369999999999997,6.17,0.0,174.9,0.386,0.0,0.0,14.3,21.45,27.77,2.5999999999999996,41.4,3.5229999999999997,7.02,0.1,164.5,0.38,0.0,0.0,15.381818181818181,21.481818181818184,26.94545454545454,15.100000000000001,49.45454545454545,3.36,8.13,0.09090909090909091,181.3,0.38636363636363635,0.0,0.0,10.48,17.39,24.18,0.0,36.8,3.97,11.5,0.0,123.9,0.376,0.0,0.0,4.5600000000000005,10.1,15.48,3.2,48.6,3.017,6.46,0.0,51.2,0.38,0.0,0.0,8.11,13.55,19.44,8.3,52.1,3.4939999999999998,7.5,0.0,85.5,0.377,0.0,0.0,3.66,7.24,11.3,0.7999999999999999,60.2,3.4810000000000003,7.11,0.0,28.3,0.381,0.0,0.0,2.4,7.859999999999999,14.64,5.0,57.0,4.004,8.64,0.0,14.3,0.38,0.0,0.0,,,,,,0.9,0.67,0.82
2011,Целиноградский,Пшеница,51.2,71.45,150.0,1.04,4.4399999999999995,11.77,18.169999999999998,1.1,38.6,4.022,9.24,0.0,67.7,0.43200000000000005,0.0,0.0,6.67,14.219999999999999,20.4,1.5,33.2,3.558,8.33,0.0,92.2,0.42000000000000004,0.0,0.0,9.827272727272726,16.036363636363635,21.62727272727273,13.2,51.90909090909091,3.908181818181818,9.31,0.0,121.4,0.42363636363636364,0.0,0.0,13.459999999999999,19.380000000000003,24.919999999999998,14.2,56.5,3.025,7.97,0.0,143.8,0.429,0.0,0.0,14.66,21.4,27.060000000000002,6.5,41.4,3.4,8.98,0.0,164.0,0.4109999999999999,0.0,0.0,14.180000000000001,18.34,22.57,41.2,68.6,3.8560000000000003,8.66,0.0,133.4,0.422,0.0,0.0,14.39,20.32,25.15,4.3,53.8,3.268,8.13,0.0,153.2,0.418,0.0,0.0,14.05,18.830000000000002,23.64,35.5,65.8,3.5519999999999996,7.16,0.0,138.3,0.429,0.0,0.0,15.2,20.20909090909091,25.263636363636362,45.5,66.18181818181819,4.168181818181818,9.33,0.0,167.3,0.44636363636363635,0.0,0.0,12.77,17.490000000000002,21.75,8.3,59.2,3.775,8.01,0.0,124.89999999999999,0.42299999999999993,0.0,0.0,15.290000000000001,20.84,25.75,10.2,53.8,3.72,7.52,0.0,158.4,0.42299999999999993,0.0,0.0,9.445454545454545,14.481818181818182,19.38181818181818,11.6,57.09090909090909,3.6318181818181823,8.76,0.0,104.3,0.4318181818181818,0.0,0.0,11.98,18.81,25.36,0.0,39.7,3.4200000000000004,6.92,0.1,138.1,0.414,0.0,0.0,11.809999999999999,17.93,24.61,1.6,39.1,3.0460000000000003,7.63,0.1,129.29999999999998,0.40099999999999997,0.0,0.0,5.220000000000001,9.74,14.45,9.200000000000001,59.4,4.11,9.48,0.0,47.4,0.40800000000000003,0.0,0.0,5.5200000000000005,9.870000000000001,14.59,18.4,70.0,4.2090000000000005,9.53,0.0,48.7,0.422,0.0,0.0,2.9,9.26,17.259999999999998,0.0,71.0,2.1439999999999997,3.28,0.0,21.3,0.426,0.0,0.0,,,,,,0.42,0.9,0.67
2012,Целиноградский,Пшеница,51.2,71.45,150.0,0.54,4.33,11.01,16.91,7.2,54.3,4.71,10.59,0.0,60.1,0.453,0.0,0.0,9.27,16.259999999999998,22.669999999999998,1.6,44.1,4.0200000000000005,7.78,0.0,112.6,0.433,0.0,0.0,11.554545454545455,18.681818181818183,25.0,6.0,38.81818181818182,3.524545454545455,8.23,0.0,150.5,0.42,0.0,0.0,13.85,20.46,25.79,9.2,44.4,3.239,6.63,0.0,154.6,0.41,0.0,0.0,14.190000000000001,19.46,24.22,16.8,65.3,2.964,5.5,0.0,144.6,0.422,0.0,0.0,16.77,23.21,28.29,12.9,48.3,2.8560000000000003,6.48,0.0,182.1,0.40499999999999997,0.0,0.0,16.41,21.19,25.509999999999998,9.899999999999999,58.1,4.095000000000001,7.74,0.0,161.9,0.409,0.0,0.0,18.169999999999998,25.889999999999997,31.75,1.1,38.1,2.693,5.38,0.0,208.9,0.391,0.0,0.0,19.39090909090909,24.39090909090909,30.19090909090909,28.2,53.90909090909091,3.2236363636363636,7.22,0.0,213.3,0.4,0.0,0.0,15.209999999999999,21.009999999999998,26.02,0.5,51.9,2.872,6.14,0.0,160.1,0.41600000000000004,0.0,0.0,16.419999999999998,23.3,29.75,5.5,43.2,2.8129999999999997,6.4,0.1,183.0,0.398,0.0,0.0,13.618181818181819,18.37272727272727,23.354545454545452,9.8,55.27272727272727,3.7736363636363635,7.98,0.0,147.1,0.39454545454545453,0.0,0.0,9.809999999999999,16.43,22.740000000000002,0.2,41.6,3.3760000000000003,8.28,0.0,114.3,0.389,0.0,0.0,9.66,14.13,18.869999999999997,7.3999999999999995,51.7,4.821,9.38,0.0,91.3,0.392,0.0,0.0,7.08,11.43,16.32,0.30000000000000004,53.0,3.187,6.8,0.0,64.3,0.392,0.0,0.0,4.8,8.6,12.78,7.8999999999999995,61.9,4.162,8.9,0.0,39.6,0.397,0.0,0.0,3.4799999999999995,8.9,15.8,0.0,42.6,3.032,4.6,0.0,19.5,0.392,0.0,0.0,,,,,,1.04,0.42,0.9
2013,Целиноградский,Пшеница,51.2,71.45,150.0,1.11,5.5,11.15,16.34,20.5,54.3,4.551,9.94,0.0,61.5,0.526,0.0,0.0,4.4,10.53,15.11,13.899999999999999,56.6,3.778,8.92,0.0,55.3,0.51,0.0,0.0,7.009090909090909,13.8,19.327272727272728,8.7,53.63636363636363,3.6827272727272726,10.29,0.0,96.8,0.4954545454545455,0.0,0.0,10.73,16.57,21.44,3.2,45.9,3.245,7.95,0.0,115.7,0.473,0.0,0.0,10.91,18.14,23.66,1.9000000000000001,45.4,3.3840000000000003,6.69,0.0,131.4,0.457,0.0,0.0,15.709999999999999,21.93,26.7,2.4000000000000004,37.1,4.795,9.47,0.1,169.3,0.42800000000000005,0.0,0.0,12.629999999999999,17.15,21.34,41.7,67.5,3.4210000000000003,8.43,0.0,121.5,0.45199999999999996,0.0,0.0,13.809999999999999,18.45,22.72,20.7,70.2,3.185,7.17,0.0,134.5,0.43899999999999995,0.0,0.0,15.172727272727274,20.163636363636364,24.80909090909091,38.8,73.72727272727273,2.8781818181818184,7.26,0.0,166.8,0.45545454545454545,0.0,0.0,15.969999999999999,20.2,24.740000000000002,38.1,73.0,2.7,6.58,0.0,152.0,0.4600000000000001,0.0,0.0,11.940000000000001,17.05,21.759999999999998,12.6,70.5,3.019,6.09,0.0,120.5,0.45200000000000007,0.0,0.0,13.481818181818182,17.88181818181818,22.681818181818183,12.9,62.81818181818182,4.017272727272727,7.52,0.0,141.7,0.43454545454545457,0.0,0.0,12.3,17.55,22.95,0.1,58.1,3.872,7.12,0.0,125.5,0.434,0.0,0.0,5.5200000000000005,8.98,12.620000000000001,6.4,61.2,2.989,5.7,0.0,40.0,0.437,0.0,0.0,5.62,11.78,18.43,4.3,49.1,3.8520000000000003,8.88,0.0,67.8,0.429,0.0,0.0,2.59,5.59,8.8,18.200000000000003,68.0,4.607,7.69,0.0,12.3,0.44000000000000006,0.0,0.0,0.5,4.32,8.16,7.2,68.0,3.7600000000000002,7.29,0.0,4.6,0.45,0.0,0.0,,,,,,0.54,1.04,0.42
2014,Целиноградский,Пшеница,51.2,71.45,150.0,0.97,8.05,14.809999999999999,21.27,1.2,42.9,4.1160000000000005,7.42,0.0,98.10000000000001,0.45899999999999996,0.0,0.0,9.3,16.169999999999998,21.94,2.5,40.0,3.9530000000000003,8.1,0.0,111.7,0.437,0.0,0.0,8.727272727272727,13.954545454545455,18.71818181818182,18.400000000000002,57.90909090909091,3.772727272727273,9.21,0.0,98.5,0.45545454545454545,0.0,0.0,7.779999999999999,14.64,19.880000000000003,3.1,43.6,3.2560000000000002,9.45,0.0,96.4,0.45,0.0,0.0,16.810000000000002,24.21,30.130000000000003,0.30000000000000004,37.3,3.183,7.47,0.0,192.1,0.422,0.0,0.0,17.93,24.36,29.880000000000003,2.9,43.4,3.246,7.13,0.0,193.6,0.40599999999999997,0.0,0.0,14.419999999999998,20.34,25.419999999999998,27.799999999999997,59.4,3.148,6.81,0.0,153.4,0.41899999999999993,0.0,0.0,13.24,17.759999999999998,21.990000000000002,22.3,59.0,3.9659999999999997,8.49,0.1,127.6,0.40700000000000003,0.0,0.0,11.590909090909092,15.554545454545455,19.40909090909091,34.699999999999996,66.54545454545455,3.806363636363636,9.71,0.0,116.1,0.4209090909090909,0.0,0.0,12.68,19.78,25.39,0.7,53.0,2.489,4.92,0.0,147.8,0.41100000000000003,0.0,0.0,15.66,21.47,27.01,5.6,52.8,3.351,8.63,0.0,164.7,0.398,0.0,0.0,16.19090909090909,22.40909090909091,28.49090909090909,7.0,43.54545454545455,3.02,6.77,0.0,191.5,0.3936363636363636,0.0,0.0,8.790000000000001,13.459999999999999,17.9,1.4,50.6,3.222,7.38,0.0,84.6,0.39,0.0,0.0,6.16,10.440000000000001,15.14,10.4,57.9,3.752,9.23,0.0,54.5,0.393,0.0,0.0,4.29,9.059999999999999,13.780000000000001,28.3,63.3,3.4490000000000003,7.28,0.0,41.1,0.409,0.0,0.0,1.28,4.7299999999999995,7.93,9.0,71.0,4.3469999999999995,8.18,0.0,10.400000000000002,0.42800000000000005,0.0,0.0,4.5200000000000005,7.340000000000001,10.059999999999999,17.3,72.4,5.166,8.68,0.0,12.0,0.44000000000000006,0.0,0.0,,,,,,1.11,0.54,1.04
2015,Целиноградский,Пшеница,51.2,71.45,150.0,0.91,8.65,15.719999999999999,22.09,5.3,52.7,3.623,9.44,0.0,107.2,0.51,0.0,0.0,8.78,13.430000000000001,17.91,70.5,67.4,4.313,9.4,0.0,84.3,0.526,0.0,0.0,8.345454545454546,13.945454545454545,18.70909090909091,19.799999999999997,69.0,3.059090909090909,8.36,0.0,98.4,0.5509090909090909,0.0,0.0,13.65,19.740000000000002,24.65,9.8,60.8,2.789,10.33,0.0,147.4,0.52,0.0,0.0,14.309999999999999,19.92,25.080000000000002,17.3,67.8,3.107,7.79,0.0,149.20000000000002,0.516,0.0,0.0,15.6,22.02,27.47,0.8,45.2,4.442,7.07,0.0,170.2,0.466,0.0,0.0,12.830000000000002,17.95,22.96,22.799999999999997,56.8,4.314,10.47,0.0,129.5,0.44400000000000006,0.0,0.0,16.86,23.55,29.610000000000003,0.2,44.6,4.009,9.3,0.0,185.5,0.429,0.0,0.0,15.609090909090908,20.37272727272727,25.045454545454547,22.5,60.45454545454545,3.516363636363636,7.08,0.0,169.1,0.4354545454545455,0.0,0.0,14.05,20.07,25.54,4.7,48.1,3.017,6.24,0.0,150.7,0.41899999999999993,0.0,0.0,14.2,19.630000000000003,24.93,3.4,48.8,3.591,7.21,0.1,146.3,0.414,0.0,0.0,10.045454545454545,14.754545454545456,19.79090909090909,13.899999999999999,54.27272727272727,4.41,8.9,0.09090909090909091,107.3,0.4127272727272727,0.0,0.0,10.34,16.06,21.9,9.3,60.2,2.325,6.39,0.0,110.6,0.41,0.0,0.0,6.890000000000001,11.9,17.47,11.2,64.0,3.268,7.33,0.0,69.0,0.40800000000000003,0.0,0.0,2.02,7.24,12.26,0.4,57.4,3.064,6.47,0.0,25.0,0.41,0.0,0.0,2.65,8.510000000000002,13.809999999999999,5.699999999999999,51.8,4.6259999999999994,12.59,0.0,38.900000000000006,0.41,0.0,0.0,-1.78,1.42,5.32,1.1,63.4,3.526,8.26,0.0,0.0,0.41,0.0,0.0,,,,,,0.97,1.11,0.54
2016,Целиноградский,Пшеница,51.2,71.45,150.0,1.11,2.85,9.23,14.63,5.8,46.6,3.5740000000000003,7.47,0.0,42.3,0.495,0.0,0.0,4.54,11.809999999999999,17.57,11.6,48.2,3.772,7.91,0.0,68.1,0.491,0.0,0.0,12.090909090909092,18.40909090909091,23.863636363636363,7.1,43.0,3.7063636363636365,7.13,0.09090909090909091,147.5,0.46090909090909093,0.0,0.0,11.6,17.22,22.46,39.1,56.1,3.432,8.01,0.0,122.2,0.457,0.0,0.0,13.819999999999999,18.3,22.61,6.6,61.1,4.343999999999999,8.3,0.0,133.0,0.43600000000000005,0.0,0.0,13.5,17.98,22.16,33.7,66.6,3.595,8.18,0.0,129.8,0.44000000000000006,0.0,0.0,13.85,18.94,23.330000000000002,22.2,73.5,2.433,6.25,0.0,139.4,0.45200000000000007,0.0,0.0,16.119999999999997,20.6,25.259999999999998,28.0,70.2,2.925,5.67,0.0,156.0,0.43600000000000005,0.0,0.0,14.463636363636363,18.136363636363637,22.163636363636364,54.8,78.72727272727273,3.4545454545454546,7.22,0.0,144.5,0.4772727272727273,0.0,0.0,13.98,19.41,24.04,2.4,63.8,2.9219999999999997,5.75,0.0,144.1,0.45,0.0,0.0,14.99,20.95,26.05,0.3,56.5,3.6399999999999997,6.69,0.0,159.5,0.425,0.0,0.0,12.445454545454545,18.272727272727273,23.7,4.3,51.63636363636363,2.9872727272727273,7.65,0.0,146.0,0.4154545454545454,0.0,0.0,12.940000000000001,18.5,24.05,5.6000000000000005,47.3,3.8560000000000003,7.66,0.0,135.0,0.4109999999999999,0.0,0.0,9.35,14.919999999999998,20.830000000000002,3.1999999999999997,54.9,3.3240000000000003,9.65,0.0,99.2,0.417,0.0,0.0,6.8,11.739999999999998,17.259999999999998,18.2,58.4,3.228,6.23,0.0,67.39999999999999,0.41200000000000003,0.0,0.0,3.1,6.16,9.540000000000001,13.2,73.6,3.05,6.31,0.0,22.4,0.445,0.0,0.0,-2.06,-4.4408920985006264e-17,2.04,6.7,77.4,3.8560000000000003,7.94,0.0,0.0,0.45,0.0,0.0,,,,,,0.91,0.97,1.11
2017,Целиноградский,Пшеница,51.2,71.45,150.0,0.72,6.0,14.2,21.05,2.1,42.9,4.814,11.25,0.0,92.0,0.51,0.0,0.0,7.26,13.559999999999999,19.68,16.0,49.7,3.853,8.22,0.0,85.6,0.508,0.0,0.0,10.009090909090908,16.654545454545453,22.336363636363636,12.1,48.63636363636363,4.764545454545455,12.79,0.0,128.2,0.48636363636363633,0.0,0.0,12.76,18.78,24.21,5.0,44.7,4.007,9.46,0.0,137.8,0.473,0.0,0.0,15.530000000000001,22.94,29.360000000000003,7.1,45.1,3.109,7.91,0.0,179.4,0.44400000000000006,0.0,0.0,16.53,22.82,28.8,4.7,47.7,2.927,7.19,0.0,178.2,0.422,0.0,0.0,15.89,22.02,27.98,4.3999999999999995,50.6,3.9579999999999997,8.49,0.0,170.2,0.417,0.0,0.0,12.74,17.17,21.869999999999997,35.5,70.1,2.903,8.1,0.0,121.7,0.426,0.0,0.0,17.427272727272726,22.672727272727272,27.80909090909091,9.9,57.45454545454545,2.940909090909091,6.24,0.0,194.4,0.41,0.0,0.0,17.009999999999998,23.3,29.189999999999998,3.8,46.9,3.6149999999999998,8.63,0.0,183.0,0.395,0.0,0.0,11.42,16.7,21.36,0.7999999999999999,47.1,3.351,7.21,0.0,117.0,0.39,0.0,0.0,14.554545454545455,21.89090909090909,28.518181818181816,0.9,44.90909090909091,2.7036363636363636,6.69,0.0,185.8,0.3845454545454546,0.0,0.0,13.55,20.31,26.45,5.8,46.6,3.035,8.01,0.0,153.1,0.38,0.0,0.0,7.17,13.05,18.57,16.5,63.9,3.5780000000000003,10.28,0.0,80.5,0.394,0.0,0.0,2.31,5.68,8.98,4.2,57.4,4.175,8.38,0.0,17.4,0.39,0.0,0.0,-1.9,1.83,6.08,11.4,67.3,2.9189999999999996,7.39,0.0,1.5,0.398,0.0,0.0,2.3,7.38,12.88,6.2,62.2,3.748,5.86,0.0,11.9,0.402,0.0,0.0,,,,,,1.11,0.91,0.97
2018,Целиноградский,Пшеница,51.2,71.45,150.0,1.1800000000000002,1.97,7.3,12.36,13.5,63.4,4.3309999999999995,10.02,0.0,26.400000000000002,0.528,0.0,0.0,2.65,8.48,14.12,8.9,55.5,4.015,8.22,0.0,34.8,0.514,0.0,0.0,5.9818181818181815,13.02727272727273,19.527272727272727,11.6,52.45454545454545,5.602727272727273,10.82,0.0,89.2,0.5018181818181818,0.0,0.0,10.61,17.15,22.759999999999998,17.4,49.3,4.655,10.78,0.0,121.5,0.48599999999999993,0.0,0.0,11.629999999999999,17.34,22.52,5.1,53.7,3.084,7.3,0.0,123.39999999999999,0.47000000000000003,0.0,0.0,13.89,18.96,23.6,40.5,68.7,2.964,7.26,0.0,139.6,0.46799999999999997,0.0,0.0,16.3,21.82,27.360000000000003,11.9,61.8,3.085,6.76,0.0,168.2,0.45599999999999996,0.0,0.0,16.46,22.05,27.23,12.5,61.2,2.9939999999999998,7.44,0.0,170.5,0.434,0.0,0.0,13.236363636363636,18.10909090909091,22.963636363636365,28.0,65.81818181818181,3.9518181818181817,8.29,0.0,144.2,0.44909090909090915,0.0,0.0,15.469999999999999,20.96,26.71,13.2,66.4,2.9210000000000003,6.16,0.0,159.6,0.434,0.0,0.0,13.180000000000001,18.73,24.61,37.0,61.8,3.058,8.39,0.0,137.3,0.42400000000000004,0.0,0.0,9.799999999999999,13.618181818181819,17.8,49.7,78.45454545454545,3.522727272727273,9.53,0.0,94.8,0.4581818181818182,0.0,0.0,6.760000000000001,10.92,15.09,2.3,68.4,3.6149999999999998,6.42,0.0,59.2,0.44699999999999995,0.0,0.0,6.39,12.370000000000001,17.94,0.4,54.1,3.6770000000000005,8.18,0.0,73.7,0.43600000000000005,0.0,0.0,6.58,11.49,17.02,11.8,69.6,3.539,9.82,0.0,64.9,0.44699999999999995,0.0,0.0,4.74,10.290000000000001,16.15,1.5,55.9,3.501,6.5,0.0,52.9,0.44000000000000006,0.0,0.0,-0.44000000000000006,3.8,7.779999999999999,12.7,71.8,4.164,8.78,0.0,8.0,0.446,0.0,0.0,,,,,,0.72,1.11,0.91
2019,Целиноградский,Пшеница,51.2,71.45,150.0,0.8,3.15,12.01,19.21,0.3,47.1,2.088,6.32,0.0,75.7,0.519,0.0,0.0,5.21,11.92,18.259999999999998,10.799999999999999,48.1,3.7980000000000005,9.93,0.0,69.4,0.49000000000000005,0.0,0.0,6.545454545454546,14.145454545454545,20.5,4.0,45.81818181818182,3.480909090909091,8.16,0.0,100.6,0.4799999999999999,0.0,0.0,11.42,16.169999999999998,20.84,24.1,62.0,3.7640000000000002,7.5,0.0,111.7,0.46399999999999997,0.0,0.0,10.379999999999999,15.86,20.75,16.6,62.1,3.2060000000000004,7.06,0.0,108.6,0.471,0.0,0.0,12.32,18.259999999999998,23.79,23.4,59.5,3.87,7.05,0.0,132.6,0.457,0.0,0.0,14.59,20.419999999999998,26.29,8.2,56.6,3.499,8.58,0.0,154.2,0.44000000000000006,0.0,0.0,17.91,24.73,30.9,0.0,41.6,3.659,6.27,0.0,197.3,0.41,0.0,0.0,16.80909090909091,22.181818181818183,27.88181818181818,11.7,55.81818181818182,3.1899999999999995,7.71,0.0,189.0,0.4036363636363637,0.0,0.0,15.2,22.130000000000003,27.919999999999998,1.0,42.5,3.5509999999999997,8.55,0.0,171.3,0.395,0.0,0.0,15.23,21.259999999999998,26.560000000000002,1.7,52.2,3.0469999999999997,6.99,0.0,162.6,0.394,0.0,0.0,12.372727272727273,17.3,22.227272727272727,10.4,58.63636363636363,3.87,12.87,0.0,135.3,0.40545454545454546,0.0,0.0,7.56,11.23,15.530000000000001,26.6,74.1,2.8129999999999997,7.27,0.0,62.300000000000004,0.41500000000000004,0.0,0.0,9.72,15.219999999999999,20.54,0.30000000000000004,60.2,3.055,8.32,0.0,102.2,0.417,0.0,0.0,3.06,8.77,13.0,17.3,57.8,3.997,10.33,0.0,40.7,0.417,0.0,0.0,3.1599999999999997,10.36,17.68,0.0,55.1,2.321,5.42,0.0,54.3,0.41899999999999993,0.0,0.0,6.74,9.76,13.4,8.2,72.4,3.978,7.59,0.0,23.8,0.422,0.0,0.0,,,,,,1.1800000000000002,0.72,1.11
2020,Целиноградский,Пшеница,51.2,71.45,150.0,1.29,7.26,13.780000000000001,19.869999999999997,1.8,48.5,3.661,7.84,0.0,87.8,0.538,0.0,0.0,12.930000000000001,18.740000000000002,23.95,6.7,56.8,3.63,9.97,0.0,137.4,0.502,0.0,0.0,13.19090909090909,20.645454545454545,26.99090909090909,0.3,44.54545454545455,3.189090909090909,7.58,0.0,172.1,0.4772727272727273,0.0,0.0,13.25,19.86,25.6,0.2,39.2,3.8609999999999998,8.1,0.0,148.6,0.44299999999999995,0.0,0.0,13.059999999999999,18.42,23.259999999999998,13.1,43.8,4.083,9.77,0.0,134.2,0.45099999999999996,0.0,0.0,12.040000000000001,18.07,23.66,57.4,54.9,4.311,9.36,0.0,130.7,0.46699999999999997,0.0,0.0,15.169999999999998,20.5,25.55,16.8,64.2,3.496,7.0,0.0,155.0,0.46799999999999997,0.0,0.0,18.130000000000003,24.55,30.1,4.1,46.4,4.066,8.6,0.0,195.5,0.43,0.0,0.0,15.009090909090908,19.59090909090909,24.20909090909091,29.3,66.0909090909091,3.0954545454545452,7.02,0.0,160.5,0.4327272727272727,0.0,0.0,17.46,23.669999999999998,29.139999999999997,3.0,49.7,3.847,7.41,0.0,186.7,0.417,0.0,0.0,13.280000000000001,16.93,20.81,13.4,66.0,3.8369999999999997,7.82,0.0,119.3,0.42699999999999994,0.0,0.0,11.39090909090909,17.10909090909091,22.818181818181817,5.0,62.54545454545455,2.8181818181818183,6.13,0.0,133.2,0.4209090909090909,0.0,0.0,8.23,13.13,18.02,5.699999999999999,57.6,3.161,7.32,0.0,81.30000000000001,0.41,0.0,0.0,8.92,14.15,19.61,9.3,55.9,4.41,10.89,0.0,91.5,0.40800000000000003,0.0,0.0,3.54,7.390000000000001,11.61,19.5,69.8,4.3420000000000005,10.41,0.0,23.9,0.43099999999999994,0.0,0.0,0.09000000000000004,4.24,7.970000000000001,7.8,67.4,3.092,7.09,0.0,10.399999999999999,0.43,0.0,0.0,3.0,7.62,13.62,0.3,62.6,2.864,5.61,0.0,13.099999999999998,0.43,0.0,0.0,,,,,,0.8,1.1800000000000002,0.72
2021,Целиноградский,Пшеница,51.2,71.45,150.0,0.96327,7.159999999999999,13.9,20.580000000000002,12.3,48.3,3.586,8.07,0.0,89.0,0.493,0.0,0.0,9.629999999999999,16.86,23.46,1.4,50.6,3.446,7.91,0.0,118.6,0.484,0.0,0.0,14.545454545454545,22.145454545454545,28.90909090909091,1.1,41.45454545454545,2.955454545454545,6.38,0.0,188.6,0.44636363636363635,0.0,0.0,11.25,17.57,23.369999999999997,14.899999999999999,51.4,4.103,8.6,0.0,125.7,0.43499999999999994,0.0,0.0,12.530000000000001,19.28,24.869999999999997,7.699999999999999,46.5,3.857,9.17,0.0,142.8,0.417,0.0,0.0,11.830000000000002,17.3,22.130000000000003,10.9,58.0,3.649,8.92,0.0,123.0,0.421,0.0,0.0,18.31,24.25,29.860000000000003,12.5,48.2,4.693,8.93,0.0,192.5,0.40099999999999997,0.0,0.0,12.64,17.45,22.31,31.800000000000004,64.9,3.748,7.09,0.0,124.5,0.425,0.0,0.0,14.381818181818181,20.981818181818184,26.781818181818185,0.5,49.09090909090909,2.8863636363636362,6.96,0.0,175.8,0.40454545454545454,0.0,0.0,16.759999999999998,22.89,28.339999999999996,1.9,51.3,2.944,6.51,0.0,178.9,0.391,0.0,0.0,13.709999999999999,19.06,24.7,5.6000000000000005,57.7,2.909,6.85,0.0,140.6,0.391,0.0,0.0,14.245454545454544,21.027272727272727,26.736363636363638,2.2,50.90909090909091,3.7127272727272724,6.8,0.0,176.3,0.3854545454545455,0.0,0.0,9.91,15.919999999999998,21.669999999999998,8.1,50.2,3.5020000000000002,10.15,0.0,109.2,0.39,0.0,0.0,5.63,10.7,15.459999999999999,20.1,58.8,4.126,7.59,0.0,57.0,0.409,0.0,0.0,1.58,5.43,9.35,23.7,70.5,3.406,9.03,0.0,6.699999999999999,0.41100000000000003,0.0,0.0,-1.46,2.2399999999999998,6.43,7.3,75.2,3.479,7.24,0.0,0.0,0.43200000000000005,0.0,0.0,-1.1600000000000001,4.18,9.1,4.7,71.2,3.1420000000000003,6.22,0.0,2.8,0.43,0.0,0.0,,,,,,1.29,0.8,1.1800000000000002
2022,Целиноградский,Пшеница,51.2,71.45,150.0,0.71971,5.9799999999999995,12.08,18.21,2.3000000000000003,42.5,4.404999999999999,8.65,0.0,70.8,0.477,0.0,0.0,10.51,17.03,22.91,8.4,50.2,3.8689999999999998,9.81,0.0,120.3,0.457,0.0,0.0,12.081818181818182,19.163636363636364,25.745454545454546,10.0,42.0,4.076363636363637,9.96,0.09090909090909091,155.8,0.4390909090909091,0.0,0.0,12.11,18.36,24.61,18.9,47.8,3.2159999999999997,8.52,0.0,133.6,0.43099999999999994,0.0,0.0,15.12,21.25,26.85,4.4,49.6,3.469,8.68,0.0,162.5,0.41600000000000004,0.0,0.0,15.219999999999999,21.490000000000002,27.160000000000004,8.8,50.3,3.946,9.93,0.0,164.9,0.402,0.0,0.0,13.4,18.91,24.169999999999998,43.199999999999996,59.8,3.758,8.44,0.0,139.1,0.40800000000000003,0.0,0.0,16.48,22.919999999999998,28.75,8.9,53.1,3.271,8.27,0.0,179.2,0.406,0.0,0.0,16.363636363636363,21.727272727272727,26.836363636363636,32.5,56.18181818181818,3.0963636363636367,6.79,0.0,184.0,0.39181818181818184,0.0,0.0,14.64,19.470000000000002,24.55,21.7,63.8,3.933,7.56,0.0,144.70000000000002,0.40099999999999997,0.0,0.0,11.41,16.32,21.380000000000003,8.0,61.6,2.995,6.67,0.0,113.2,0.417,0.0,0.0,10.054545454545455,17.045454545454547,23.29090909090909,6.2,57.54545454545455,2.5272727272727273,6.32,0.0,132.5,0.39909090909090916,0.0,0.0,13.11,20.23,26.82,0.0,39.0,3.5549999999999997,9.12,0.0,152.3,0.385,0.0,0.0,4.99,11.23,17.009999999999998,5.9,56.3,2.992,7.85,0.0,62.3,0.394,0.0,0.0,6.85,12.979999999999999,18.45,3.6999999999999997,51.8,3.116,8.08,0.0,93.39999999999999,0.389,0.0,0.0,1.0100000000000002,6.5,12.139999999999999,3.3000000000000003,56.7,3.0780000000000003,7.21,0.0,27.2,0.39,0.0,0.0,2.62,9.42,16.5,0.0,55.4,2.6260000000000003,4.22,0.0,22.1,0.39,0.0,0.0,,,,,,0.96327,1.29,0.8
2023,Целиноградский,Пшеница,51.2,71.45,150.0,0.51,3.25,11.78,19.03,0.8,41.9,2.8369999999999997,6.75,0.0,68.3,0.48200000000000004,0.0,0.0,7.5200000000000005,13.680000000000001,19.54,7.4,42.9,4.343,10.62,0.0,86.8,0.461,0.0,0.0,11.009090909090908,18.445454545454545,24.672727272727272,6.4,39.0,3.091818181818182,7.3,0.0,147.9,0.44181818181818183,0.0,0.0,17.35,24.91,31.26,11.0,36.1,2.955,5.99,0.0,199.1,0.4149999999999999,0.0,0.0,12.5,20.04,26.29,5.499999999999999,43.3,3.71,9.31,0.0,150.4,0.404,0.0,0.0,10.91,16.03,20.98,29.4,54.4,4.343,10.02,0.0,110.3,0.402,0.0,0.0,16.69,23.7,29.75,0.5,42.2,3.0780000000000003,8.67,0.1,187.0,0.396,0.0,0.0,19.419999999999998,25.77,31.9,4.4,42.8,3.933,10.17,0.0,207.7,0.382,0.0,0.0,17.009090909090908,23.072727272727274,29.154545454545453,8.9,48.36363636363637,3.0863636363636364,9.0,0.0,198.8,0.38272727272727275,0.0,0.0,18.23,24.580000000000002,30.55,8.700000000000001,45.3,2.967,7.06,0.0,195.8,0.38,0.0,0.0,12.35,17.93,23.66,9.6,54.6,3.041,6.51,0.0,129.3,0.393,0.0,0.0,13.681818181818182,18.70909090909091,23.954545454545453,17.900000000000002,56.72727272727273,4.02,10.51,0.0,150.8,0.3845454545454546,0.0,0.0,9.15,12.9,17.490000000000002,35.0,75.5,3.4229999999999996,9.54,0.0,79.0,0.40599999999999997,0.0,0.0,8.1,12.52,17.32,27.4,77.7,2.6550000000000002,7.18,0.0,75.2,0.42400000000000004,0.0,0.0,7.659999999999999,12.15,16.91,5.0,72.8,2.5010000000000003,5.95,0.0,71.5,0.42000000000000004,0.0,0.0,5.64,10.74,16.27,0.6000000000000001,71.5,3.3870000000000005,8.29,0.0,57.4,0.42000000000000004,0.0,0.0,2.1399999999999997,6.26,10.7,4.8,68.0,3.8480000000000003,7.08,0.0,7.3999999999999995,0.42000000000000004,0.0,0.0,,,,,,0.71971,0.96327,1.29
2024,Целиноградский,Пшеница,51.2,71.45,150.0,1.29,4.58,10.23,15.330000000000002,28.0,66.8,3.825,9.48,0.0,52.3,0.549,0.0,0.0,8.290000000000001,13.829999999999998,19.07,29.3,63.0,3.7960000000000003,8.02,0.0,88.3,0.526,0.0,0.0,5.909090909090909,10.727272727272727,15.745454545454544,55.3,74.45454545454545,4.779090909090909,8.77,0.0,63.6,0.5481818181818182,0.0,0.0,12.370000000000001,18.1,23.56,42.8,68.3,3.2399999999999998,6.53,0.0,131.0,0.542,0.0,0.0,14.690000000000001,20.14,25.31,27.5,69.3,3.2009999999999996,7.98,0.0,151.4,0.524,0.0,0.0,16.94,22.91,28.97,7.3,55.9,3.4899999999999998,9.23,0.0,179.1,0.488,0.0,0.0,14.419999999999998,18.5,23.11,26.6,74.8,3.5940000000000003,6.65,0.0,135.0,0.483,0.0,0.0,16.39,21.729999999999997,26.660000000000004,36.3,69.0,2.7399999999999998,5.43,0.0,167.29999999999998,0.489,0.0,0.0,15.990909090909092,21.490909090909092,26.763636363636362,4.2,63.27272727272727,3.117272727272727,6.75,0.0,181.4,0.4681818181818182,0.0,0.0,16.65,21.71,26.96,36.5,63.1,3.16,8.87,0.0,167.1,0.453,0.0,0.0,13.02,17.5,22.79,37.8,70.2,3.21,7.43,0.0,125.0,0.46699999999999997,0.0,0.0,10.763636363636364,14.909090909090908,19.354545454545455,14.0,76.9090909090909,3.1136363636363638,7.45,0.0,109.0,0.4645454545454546,0.0,0.0,7.31,11.58,15.63,23.0,77.1,3.3520000000000003,6.91,0.0,65.8,0.472,0.0,0.0,6.529999999999999,11.209999999999999,16.04,3.3,68.2,4.043,7.36,0.0,62.099999999999994,0.465,0.0,0.0,3.21,9.25,15.12,2.8000000000000003,63.4,2.8280000000000003,8.14,0.0,43.4,0.454,0.0,0.0,3.2700000000000005,9.84,16.69,0.0,53.3,2.911,7.4,0.0,48.4,0.45,0.0,0.0,-4.14,-0.86,2.4,11.6,76.0,5.33,7.7,0.0,0.7000000000000002,0.458,0.0,0.0,,,,,,0.51,0.71971,0.96327
2025,Целиноградский,Пшеница,51.2,71.45,150.0,1.38,9.27,15.530000000000001,21.55,5.2,53.8,3.3909999999999996,7.82,0.0,105.3,0.521,0.0,0.0,13.169999999999998,19.18,25.07,32.7,59.0,3.6119999999999997,9.26,0.0,141.8,0.508,0.0,0.0,10.372727272727273,15.727272727272727,20.818181818181817,5.1,60.27272727272727,3.5627272727272725,9.58,0.0,118.0,0.5036363636363637,0.0,0.0,14.680000000000001,19.97,24.75,24.4,58.1,3.293,7.35,0.0,149.7,0.477,0.0,0.0,17.98,23.29,28.7,6.2,56.9,3.0509999999999997,10.27,0.0,182.9,0.454,0.0,0.0,13.8,17.84,21.91,36.2,67.6,3.8980000000000006,10.29,0.0,128.4,0.453,0.0,0.0,15.6,20.830000000000002,25.509999999999998,16.8,63.8,2.832,6.05,0.0,158.3,0.44000000000000006,0.0,0.0,14.77,20.02,25.07,2.9,61.2,2.661,6.56,0.0,150.2,0.42000000000000004,0.0,0.0,16.045454545454547,21.063636363636363,26.08181818181818,25.9,61.36363636363637,2.809090909090909,6.4,0.0,176.7,0.41363636363636364,0.0,0.0,12.23,16.9,21.8,18.4,66.6,3.065,6.81,0.0,119.0,0.42299999999999993,0.0,0.0,13.35,17.72,22.240000000000002,41.0,70.1,3.6950000000000003,8.75,0.0,127.19999999999999,0.429,0.0,0.0,13.454545454545455,18.799999999999997,23.781818181818185,4.9,57.45454545454545,3.222727272727273,7.18,0.0,151.79999999999998,0.4154545454545454,0.0,0.0,10.55,15.4,19.93,9.6,66.1,3.402,6.76,0.0,104.0,0.413,0.0,0.0,7.5200000000000005,11.370000000000001,15.559999999999999,8.7,72.1,3.3289999999999997,6.29,0.0,63.7,0.429,0.0,0.0,7.12,11.77,16.869999999999997,9.1,70.8,3.1740000000000004,5.52,0.0,73.0,0.42699999999999994,0.0,0.0,-1.15,3.28,7.94,0.7999999999999999,67.2,2.899,7.88,0.0,0.8999999999999995,0.42699999999999994,0.0,0.0,-4.4,-0.8400000000000001,3.28,0.0,66.8,4.644,6.89,0.0,0.0,0.42000000000000004,0.0,0.0,,,,,,1.29,0.51,0.71971
1991,Аршалынский,Зерновые и бобовые,51.35,70.9,120.0,0.71,4.49,12.930000000000001,20.05,0.0,43.6,3.405,7.97,0.0,82.0,0.667,0.0,0.0,8.5,14.98,20.380000000000003,4.5,49.9,2.993,6.4,0.0,99.80000000000001,0.633,0.0,0.0,9.709090909090909,17.263636363636365,23.372727272727275,1.4000000000000001,35.81818181818182,3.6627272727272726,7.0,0.0,134.9,0.6063636363636363,0.0,0.0,16.86,23.419999999999998,28.79,0.3,31.5,3.9560000000000004,8.05,0.2,184.2,0.588,0.0,0.0,16.65,22.86,27.75,7.1,41.3,2.8289999999999997,8.81,0.0,178.6,0.582,0.0,0.0,14.74,21.64,27.089999999999996,0.5,44.0,3.067,5.46,0.0,166.4,0.587,0.0,0.0,15.84,21.3,25.56,6.6,43.9,3.007,6.58,0.0,163.0,0.58,0.0,0.0,15.809999999999999,20.82,26.03,21.7,58.2,3.322,6.47,0.0,158.2,0.589,0.0,0.0,17.245454545454546,22.29090909090909,27.09090909090909,17.9,63.63636363636363,2.868181818181818,5.39,0.0,190.2,0.5963636363636363,0.0,0.0,11.48,16.7,20.96,8.3,53.4,4.4,8.9,0.0,117.0,0.59,0.0,0.0,11.370000000000001,16.29,21.18,7.5,64.5,3.2439999999999998,7.51,0.0,112.9,0.59,0.0,0.0,12.054545454545455,17.900000000000002,23.363636363636363,0.5,53.54545454545455,2.8363636363636364,7.16,0.0,141.9,0.5881818181818181,0.0,0.0,13.41,18.48,23.25,9.2,51.2,3.8299999999999996,7.98,0.0,134.8,0.586,0.0,0.0,7.49,12.6,17.580000000000002,3.4,51.2,3.6670000000000003,6.94,0.0,76.0,0.58,0.0,0.0,8.129999999999999,13.16,18.79,11.1,60.1,3.133,6.94,0.0,81.6,0.587,0.0,0.0,3.84,8.27,13.55,2.3,58.6,3.404,7.43,0.0,37.699999999999996,0.59,0.0,0.0,0.5599999999999999,3.3600000000000003,6.540000000000001,5.6,62.4,3.782,5.61,0.0,1.0,0.592,0.0,0.0,254.0,69.0,464.0,283.0,767.0,,,
1992,Аршалынский,Зерновые и бобовые,51.35,70.9,120.0,1.87,1.2399999999999998,6.5200000000000005,11.35,11.8,60.8,3.6369999999999996,8.15,0.0,30.8,0.688,0.0,0.0,10.28,18.380000000000003,25.28,1.8,47.7,2.731,5.14,0.0,133.8,0.658,0.0,0.0,6.218181818181819,11.727272727272727,16.37272727272727,15.1,60.54545454545455,3.2836363636363632,9.52,0.0,74.0,0.64,0.0,0.0,7.340000000000001,13.02,17.79,32.3,62.8,3.9090000000000003,11.21,0.0,80.3,0.647,0.0,0.0,9.059999999999999,14.45,19.119999999999997,6.4,61.2,3.072,6.22,0.0,94.5,0.639,0.0,0.0,14.87,21.28,26.839999999999996,13.2,53.5,3.3289999999999997,7.36,0.0,162.8,0.618,0.0,0.0,12.6,18.36,23.06,22.700000000000003,57.2,3.7049999999999996,7.55,0.0,133.6,0.635,0.0,0.0,16.94,23.34,29.25,1.4,48.9,3.2399999999999998,6.46,0.0,183.4,0.598,0.0,0.0,13.4,17.990909090909092,22.227272727272727,31.7,67.54545454545455,3.347272727272727,7.29,0.0,142.9,0.61,0.0,0.0,13.669999999999998,19.65,25.259999999999998,3.2,58.0,2.7960000000000003,5.74,0.0,146.5,0.602,0.0,0.0,12.01,16.3,20.64,28.900000000000002,69.9,2.835,7.22,0.0,113.0,0.616,0.0,0.0,11.136363636363637,14.318181818181818,18.163636363636364,37.9,72.81818181818181,3.5518181818181818,7.4,0.0,102.5,0.6163636363636363,0.0,0.0,9.26,13.09,17.14,10.700000000000001,71.3,3.3560000000000003,9.59,0.0,80.9,0.626,0.0,0.0,3.55,7.459999999999999,11.35,0.0,67.2,3.2439999999999998,6.61,0.0,24.799999999999997,0.615,0.0,0.0,1.2799999999999998,5.15,9.209999999999999,7.8,68.2,2.882,6.23,0.0,9.200000000000001,0.613,0.0,0.0,1.6800000000000002,5.34,9.49,8.600000000000001,64.2,3.368,8.79,0.0,10.1,0.617,0.0,0.0,4.34,7.720000000000001,12.080000000000002,4.2,68.0,4.368,8.46,0.0,15.299999999999999,0.622,0.0,0.0,254.0,69.0,464.0,283.0,767.0,0.71,,
1993,Аршалынский,Зерновые и бобовые,51.35,70.9,120.0,1.22,-0.86,5.91,11.940000000000001,25.2,63.9,4.068,11.32,0.0,28.1,0.742,0.0,0.0,4.9799999999999995,12.84,19.979999999999997,3.0,52.7,3.692,9.14,0.0,78.4,0.724,0.0,0.0,6.7272727272727275,12.145454545454545,16.79090909090909,13.7,56.90909090909091,3.877272727272727,10.87,0.0,78.60000000000001,0.6890909090909091,0.0,0.0,9.91,15.62,20.369999999999997,31.2,73.2,2.255,4.68,0.0,106.2,0.6849999999999999,0.0,0.0,11.7,17.130000000000003,21.580000000000002,13.4,61.9,3.5780000000000003,7.93,0.0,121.3,0.66,0.0,0.0,15.34,20.830000000000002,25.630000000000003,17.9,64.7,3.557,7.6,0.0,158.3,0.646,0.0,0.0,16.09,20.93,25.54,25.9,63.9,3.7840000000000003,6.57,0.0,159.3,0.62,0.0,0.0,16.419999999999998,20.98,25.72,35.4,70.8,3.114,7.05,0.0,159.8,0.629,0.0,0.0,13.881818181818181,18.19090909090909,22.0,37.7,71.0909090909091,2.640909090909091,8.13,0.0,145.1,0.6254545454545455,0.0,0.0,12.26,17.919999999999998,22.86,0.6,62.5,2.493,5.19,0.0,129.2,0.615,0.0,0.0,14.41,20.119999999999997,25.06,3.3,57.8,3.428,8.26,0.0,151.2,0.594,0.0,0.0,12.954545454545455,17.29090909090909,21.881818181818183,24.5,65.63636363636364,3.898181818181818,10.51,0.0,135.2,0.6063636363636363,0.0,0.0,6.4799999999999995,10.68,14.89,5.3,60.8,3.4579999999999997,9.67,0.0,56.8,0.604,0.0,0.0,6.26,10.57,14.809999999999999,3.3,57.5,3.9659999999999997,8.34,0.0,55.7,0.595,0.0,0.0,2.45,6.029999999999999,9.629999999999999,14.399999999999999,61.9,4.578,8.32,0.0,21.4,0.599,0.0,0.0,0.75,4.64,8.61,0.8,65.5,3.85,10.49,0.0,9.700000000000001,0.6,0.0,0.0,0.1800000000000001,5.5,12.4,0.0,57.8,2.818,4.92,0.0,7.4,0.59,0.0,0.0,254.0,69.0,464.0,283.0,767.0,1.87,0.71,
1994,Аршалынский,Зерновые и бобовые,51.35,70.9,120.0,0.6799999999999999,8.33,15.34,21.53,2.2,52.7,3.757,9.03,0.0,103.4,0.665,0.0,0.0,4.35,10.23,15.680000000000001,33.1,67.8,3.978,10.3,0.0,52.3,0.671,0.0,0.0,7.6,15.218181818181819,21.654545454545456,1.5,45.36363636363637,3.8236363636363637,9.8,0.0,112.4,0.6454545454545455,0.0,0.0,13.569999999999999,20.54,26.73,1.6,36.8,4.3549999999999995,7.99,0.0,155.4,0.612,0.0,0.0,15.63,23.16,28.65,0.6,34.0,2.886,6.55,0.0,181.6,0.593,0.0,0.0,16.72,23.380000000000003,29.25,15.3,46.2,3.433,7.08,0.0,183.8,0.585,0.0,0.0,16.02,21.22,26.139999999999997,22.1,57.1,2.944,5.83,0.0,162.2,0.591,0.0,0.0,13.34,16.4,19.94,28.7,74.5,3.279,8.68,0.0,114.0,0.605,0.0,0.0,13.672727272727274,18.272727272727273,22.62727272727273,29.200000000000003,67.45454545454545,3.274545454545455,7.45,0.0,146.0,0.6118181818181818,0.0,0.0,12.88,18.15,22.56,11.6,72.9,2.649,5.51,0.0,131.5,0.621,0.0,0.0,13.940000000000001,19.07,24.110000000000003,10.1,67.7,2.6550000000000002,5.64,0.0,140.7,0.618,0.0,0.0,10.545454545454545,14.618181818181819,18.581818181818182,9.4,66.36363636363636,3.588181818181818,7.61,0.0,105.8,0.6054545454545455,0.0,0.0,7.01,11.790000000000001,16.56,17.1,63.8,3.492,6.57,0.0,67.9,0.615,0.0,0.0,5.67,9.01,13.169999999999998,17.0,70.1,3.524,7.76,0.0,41.0,0.626,0.0,0.0,6.2700000000000005,11.35,16.41,5.4,60.1,3.5100000000000002,7.24,0.0,63.5,0.635,0.0,0.0,5.0600000000000005,10.0,16.21,0.0,57.0,2.589,5.67,0.0,50.0,0.62,0.0,0.0,-0.33999999999999997,4.24,9.28,0.0,49.0,2.8920000000000003,5.29,0.0,3.1999999999999993,0.612,0.0,0.0,254.0,69.0,464.0,283.0,767.0,1.22,1.87,0.71
1995,Аршалынский,Зерновые и бобовые,51.35,70.9,120.0,0.82,7.6,13.75,19.740000000000002,29.3,56.1,3.8009999999999997,8.56,0.0,87.5,0.663,0.0,0.0,5.9,12.290000000000001,17.28,5.8999999999999995,54.0,3.7700000000000005,7.52,0.0,72.9,0.656,0.0,0.0,7.581818181818182,13.009090909090908,18.11818181818182,21.1,60.45454545454545,3.5063636363636363,7.59,0.0,88.1,0.6518181818181819,0.0,0.0,7.37,13.879999999999999,19.32,11.6,58.6,4.029,9.62,0.0,88.8,0.648,0.0,0.0,12.11,18.919999999999998,24.53,2.5,51.7,2.776,5.73,0.0,139.2,0.631,0.0,0.0,16.9,23.56,29.05,2.3,41.3,3.4130000000000003,7.18,0.0,185.6,0.6,0.0,0.0,19.61,23.869999999999997,27.85,29.0,62.1,3.3909999999999996,7.42,0.0,188.7,0.606,0.0,0.0,15.030000000000001,19.89,24.82,7.800000000000001,51.9,3.367,7.8,0.0,148.9,0.606,0.0,0.0,15.845454545454544,21.772727272727273,26.872727272727275,9.9,53.90909090909091,2.944545454545455,5.91,0.0,184.5,0.5954545454545455,0.0,0.0,15.919999999999998,21.66,26.830000000000002,19.9,51.6,3.382,7.42,0.0,166.6,0.593,0.0,0.0,16.16,21.880000000000003,27.080000000000002,0.7,40.1,3.775,6.66,0.1,168.8,0.581,0.0,0.0,11.736363636363636,16.227272727272727,20.509090909090908,47.699999999999996,61.27272727272727,3.238181818181818,6.81,0.0,123.5,0.6118181818181818,0.0,0.0,9.72,15.48,20.82,1.2000000000000002,62.2,2.472,4.79,0.0,104.8,0.607,0.0,0.0,6.69,12.01,16.869999999999997,40.5,61.9,3.367,7.69,0.0,71.39999999999999,0.609,0.0,0.0,4.029999999999999,8.209999999999999,12.59,21.6,68.9,3.879,9.35,0.0,32.1,0.637,0.0,0.0,3.19,8.8,15.190000000000001,0.1,66.1,3.039,5.35,0.0,38.0,0.639,0.0,0.0,4.1,7.08,10.26,29.4,73.2,5.846,10.72,0.0,13.4,0.64,0.0,0.0,254.0,69.0,464.0,283.0,767.0,0.6799999999999999,1.22,1.87
1996,Аршалынский,Зерновые и бобовые,51.35,70.9,120.0,1.12,4.33,11.84,18.4,11.4,64.4,2.9210000000000003,9.83,0.0,69.6,0.733,0.0,0.0,6.95,14.66,21.330000000000002,5.1000000000000005,53.2,3.877,8.86,0.0,96.6,0.697,0.0,0.0,5.318181818181818,11.118181818181817,15.663636363636364,7.4,52.0,3.908181818181818,8.49,0.0,67.3,0.6645454545454546,0.0,0.0,12.629999999999999,20.06,25.97,2.8,45.2,3.1919999999999997,7.42,0.0,150.6,0.624,0.0,0.0,13.34,18.15,22.869999999999997,36.5,66.8,4.117,7.16,0.0,131.5,0.619,0.0,0.0,15.55,21.9,26.839999999999996,1.7,50.6,3.2299999999999995,6.8,0.0,169.0,0.596,0.0,0.0,14.75,19.4,23.98,38.8,64.4,2.836,8.06,0.0,144.0,0.591,0.0,0.0,14.459999999999999,19.759999999999998,24.419999999999998,13.0,68.4,3.207,5.54,0.0,147.6,0.593,0.0,0.0,16.78181818181818,22.054545454545455,26.863636363636363,4.3,59.0,2.805454545454545,5.24,0.0,187.6,0.5863636363636363,0.0,0.0,15.55,22.04,27.839999999999996,3.6000000000000005,49.7,3.065,7.22,0.0,170.4,0.58,0.0,0.0,9.97,14.16,17.79,11.6,61.8,2.749,5.89,0.0,91.6,0.581,0.0,0.0,8.272727272727273,12.427272727272726,16.7,35.2,66.27272727272727,4.100909090909091,8.23,0.0,81.7,0.6090909090909091,0.0,0.0,7.0,13.24,18.92,0.5,61.0,2.614,6.21,0.0,82.4,0.624,0.0,0.0,9.09,12.4,16.169999999999998,18.2,66.0,3.165,7.02,0.0,74.0,0.61,0.0,0.0,3.94,7.62,11.19,26.5,64.8,3.1,7.21,0.0,27.8,0.613,0.0,0.0,-0.5,4.380000000000001,9.78,14.2,76.0,3.4590000000000005,7.81,0.0,9.600000000000001,0.645,0.0,0.0,3.72,6.539999999999999,9.52,5.9,78.2,3.404000000000001,7.0,0.0,8.099999999999998,0.65,0.0,0.0,254.0,69.0,464.0,283.0,767.0,0.82,0.6799999999999999,1.22
1997,Аршалынский,Зерновые и бобовые,51.35,70.9,120.0,0.65,6.5200000000000005,11.84,16.36,22.1,67.6,3.883,8.95,0.0,68.4,0.6859999999999999,0.0,0.0,6.11,11.209999999999999,15.919999999999998,28.5,68.4,3.5799999999999996,8.54,0.0,62.1,0.6849999999999999,0.0,0.0,12.036363636363637,19.445454545454545,25.70909090909091,3.2,54.0,2.9054545454545457,6.02,0.0,158.9,0.6681818181818181,0.0,0.0,11.32,18.27,24.27,0.2,37.8,3.6229999999999998,8.71,0.0,132.7,0.62,0.0,0.0,13.669999999999998,20.240000000000002,26.110000000000003,3.3,45.0,3.565,7.2,0.0,152.4,0.594,0.0,0.0,14.969999999999999,20.97,26.119999999999997,0.8999999999999999,45.1,3.5660000000000003,6.94,0.0,159.7,0.591,0.0,0.0,16.169999999999998,22.3,27.859999999999996,14.299999999999999,44.4,3.518,6.71,0.0,173.0,0.586,0.0,0.0,15.01,20.56,25.660000000000004,6.800000000000001,45.0,3.3689999999999998,6.13,0.0,155.6,0.587,0.0,0.0,13.3,19.0,24.09090909090909,6.1000000000000005,42.81818181818182,3.4054545454545457,6.48,0.0,154.0,0.5836363636363636,0.0,0.0,15.87,21.779999999999998,27.1,2.8,45.5,3.71,7.36,0.0,167.79999999999998,0.585,0.0,0.0,15.459999999999999,21.28,26.5,6.8,41.6,3.434,8.55,0.1,162.8,0.585,0.0,0.0,10.472727272727273,15.745454545454544,20.3,4.2,53.63636363636363,3.6145454545454543,7.23,0.0,118.2,0.5881818181818181,0.0,0.0,5.1899999999999995,10.5,15.52,10.0,58.3,2.9210000000000003,8.2,0.0,55.0,0.59,0.0,0.0,8.64,14.45,20.23,5.7,51.2,3.632,6.7,0.0,94.5,0.585,0.0,0.0,9.39,15.23,21.68,0.2,44.5,3.559,5.98,0.0,102.30000000000001,0.586,0.0,0.0,7.0,12.74,19.02,5.7,34.5,3.725,9.14,0.0,77.4,0.583,0.0,0.0,3.46,8.680000000000001,13.98,6.1000000000000005,75.2,4.0920000000000005,9.76,0.0,18.400000000000002,0.598,0.0,0.0,254.0,69.0,464.0,283.0,767.0,1.12,0.82,0.6799999999999999
1998,Аршалынский,Зерновые и бобовые,51.35,70.9,120.0,0.4599999999999999,3.3200000000000003,10.4,16.490000000000002,8.1,54.0,3.7649999999999997,9.44,0.0,61.1,0.688,0.0,0.0,2.5900000000000003,8.540000000000001,14.13,19.5,59.0,4.84,9.25,0.0,38.7,0.688,0.0,0.0,10.19090909090909,18.027272727272727,24.70909090909091,4.9,48.0,3.1263636363636365,8.0,0.0,143.3,0.6563636363636364,0.0,0.0,12.85,20.240000000000002,26.15,8.5,39.9,3.029,6.43,0.0,152.4,0.619,0.0,0.0,15.7,22.509999999999998,28.169999999999998,10.8,46.6,3.31,5.72,0.0,175.1,0.609,0.0,0.0,16.619999999999997,22.490000000000002,28.560000000000002,5.4,52.1,3.027,7.86,0.0,174.9,0.59,0.0,0.0,17.06,22.93,28.53,23.6,56.3,3.3689999999999998,6.08,0.0,179.3,0.587,0.0,0.0,18.59,23.65,28.8,33.3,58.6,3.281,6.36,0.0,186.5,0.61,0.0,0.0,18.581818181818182,24.89090909090909,30.181818181818183,2.0,39.72727272727273,4.138181818181818,6.41,0.0,218.8,0.6090909090909091,0.0,0.0,21.830000000000002,28.23,33.79,1.4,33.9,2.932,5.43,0.1,232.3,0.584,0.0,0.0,14.809999999999999,19.8,24.41,21.700000000000003,56.8,2.449,6.11,0.0,148.0,0.587,0.0,0.0,13.318181818181818,19.89090909090909,26.08181818181818,0.2,44.09090909090909,3.0090909090909093,7.26,0.0,163.8,0.5845454545454545,0.0,0.0,10.7,15.23,19.78,5.8,53.5,3.6450000000000005,8.83,0.0,102.3,0.58,0.0,0.0,5.14,11.91,18.65,2.6,40.4,2.857,7.21,0.0,69.1,0.582,0.0,0.0,3.6799999999999997,8.57,13.540000000000001,1.7,50.3,3.8280000000000003,11.01,0.0,36.6,0.58,0.0,0.0,2.2800000000000002,5.6899999999999995,9.73,8.3,54.0,5.26,9.4,0.0,21.7,0.587,0.0,0.0,3.8600000000000003,6.319999999999999,8.879999999999999,2.4,61.8,4.779999999999999,8.14,0.0,8.0,0.6,0.0,0.0,254.0,69.0,464.0,283.0,767.0,0.65,1.12,0.82
1999,Аршалынский,Зерновые и бобовые,51.35,70.9,120.0,1.14,4.91,11.73,17.47,15.5,50.9,3.429,7.84,0.0,67.80000000000001,0.669,0.0,0.0,6.93,14.690000000000001,21.77,2.7,38.0,4.4350000000000005,12.3,0.2,96.9,0.655,0.0,0.0,10.218181818181819,18.018181818181816,24.327272727272728,0.8999999999999999,44.27272727272727,3.2245454545454546,8.44,0.0,143.2,0.620909090909091,0.0,0.0,11.18,16.779999999999998,21.85,26.900000000000002,54.3,3.786,8.78,0.0,117.8,0.614,0.0,0.0,7.4799999999999995,12.74,17.47,40.2,61.9,3.4589999999999996,8.57,0.0,77.4,0.624,0.0,0.0,12.47,16.55,20.770000000000003,48.4,73.9,3.8230000000000004,6.88,0.0,115.5,0.671,0.0,0.0,16.04,22.01,27.72,9.9,55.9,3.173,5.51,0.0,170.10000000000002,0.645,0.0,0.0,15.61,20.27,24.7,33.2,68.5,3.3259999999999996,7.32,0.0,152.7,0.641,0.0,0.0,16.063636363636363,22.454545454545453,27.663636363636364,3.3,55.81818181818182,3.105454545454546,5.88,0.0,192.0,0.6163636363636363,0.0,0.0,14.9,20.080000000000002,24.9,22.5,54.4,3.2399999999999998,6.96,0.0,150.79999999999998,0.598,0.0,0.0,15.1,21.1,26.51,1.2,47.5,2.7030000000000003,6.59,0.0,161.0,0.591,0.0,0.0,14.172727272727274,20.763636363636365,27.027272727272727,0.0,38.45454545454545,3.1481818181818184,7.47,0.0,173.4,0.58,0.0,0.0,8.98,13.11,17.45,14.9,63.8,4.396,8.36,0.0,81.1,0.593,0.0,0.0,12.42,17.72,23.880000000000003,1.0,45.7,3.346,8.19,0.0,127.2,0.591,0.0,0.0,5.36,9.7,14.219999999999999,2.3,57.9,2.5949999999999998,6.69,0.0,47.0,0.589,0.0,0.0,8.33,12.0,16.65,4.3,68.5,2.854,5.85,0.0,70.0,0.585,0.0,0.0,4.14,9.940000000000001,15.9,0.0,57.0,3.2620000000000005,7.34,0.0,24.7,0.59,0.0,0.0,254.0,69.0,464.0,283.0,767.0,0.4599999999999999,0.65,1.12
2000,Аршалынский,Зерновые и бобовые,51.35,70.9,120.0,0.8300000000000001,3.45,8.809999999999999,14.8,22.8,62.7,4.337000000000001,8.99,0.0,39.6,0.688,0.0,0.0,6.7,11.58,16.5,27.0,66.0,3.675,10.31,0.0,65.8,0.677,0.0,0.0,8.163636363636364,12.872727272727273,17.62727272727273,29.7,71.54545454545455,3.598181818181818,8.02,0.0,86.6,0.6736363636363637,0.0,0.0,10.459999999999999,14.73,19.2,30.5,71.5,3.7009999999999996,7.42,0.0,97.3,0.677,0.0,0.0,13.11,19.240000000000002,24.03,24.5,62.8,3.279,7.26,0.0,142.4,0.654,0.0,0.0,17.9,22.95,27.82,26.6,61.8,3.782,8.71,0.0,179.5,0.619,0.0,0.0,14.680000000000001,20.05,24.94,3.6,51.9,3.3259999999999996,7.64,0.0,150.5,0.609,0.0,0.0,14.37,19.09,23.54,19.1,62.3,3.4590000000000005,7.07,0.0,140.9,0.593,0.0,0.0,15.345454545454546,21.818181818181817,27.218181818181815,3.9,47.27272727272727,2.7418181818181817,6.26,0.0,185.0,0.589090909090909,0.0,0.0,18.130000000000003,23.35,28.330000000000002,4.4,49.6,3.415,7.67,0.0,183.5,0.58,0.0,0.0,14.52,20.380000000000003,26.26,5.4,47.0,3.116,6.4,0.0,153.8,0.58,0.0,0.0,12.57272727272727,16.79090909090909,21.263636363636365,6.700000000000001,55.09090909090909,3.5090909090909093,6.36,0.0,129.70000000000002,0.5881818181818181,0.0,0.0,11.11,18.71,25.75,0.0,34.2,3.726,7.06,0.2,137.1,0.58,0.0,0.0,9.22,13.469999999999999,17.869999999999997,5.2,53.5,4.016,8.22,0.0,84.7,0.586,0.0,0.0,0.53,3.75,7.12,35.5,71.8,4.689,8.21,0.0,7.599999999999999,0.605,0.0,0.0,-1.2899999999999998,0.75,3.4299999999999997,7.7,70.3,3.685,6.73,0.0,0.20000000000000018,0.623,0.0,0.0,-1.8199999999999998,1.24,5.1,1.1,75.8,2.782,5.12,0.0,0.0,0.63,0.0,0.0,254.0,69.0,464.0,283.0,767.0,1.14,0.4599999999999999,0.65
2001,Аршалынский,Зерновые и бобовые,51.35,70.9,120.0,0.99,7.25,16.47,23.8,5.8999999999999995,47.2,3.4219999999999997,7.93,0.0,114.7,0.6990000000000001,0.0,0.0,9.309999999999999,15.64,21.52,2.3,46.2,3.783,6.78,0.0,106.4,0.666,0.0,0.0,13.80909090909091,21.599999999999998,28.218181818181815,0.6,38.0,3.4272727272727277,8.97,0.09090909090909091,182.6,0.629090909090909,0.0,0.0,12.29,17.009999999999998,21.78,14.7,53.2,4.053,8.75,0.0,120.1,0.618,0.0,0.0,12.54,18.29,23.18,50.7,61.2,3.175,7.71,0.0,132.9,0.61,0.0,0.0,14.540000000000001,20.64,26.29,2.5,45.1,3.849,8.78,0.0,156.4,0.595,0.0,0.0,11.8,16.27,20.39,42.4,67.2,4.007,9.82,0.0,112.7,0.616,0.0,0.0,13.09,17.509999999999998,21.84,31.6,72.9,2.936,6.71,0.0,125.1,0.635,0.0,0.0,13.818181818181818,19.527272727272727,24.38181818181818,3.4,56.81818181818182,3.097272727272727,6.16,0.0,159.8,0.6109090909090908,0.0,0.0,16.06,21.16,26.419999999999998,19.9,56.5,3.7079999999999997,7.33,0.0,161.6,0.597,0.0,0.0,13.9,18.73,23.5,34.4,62.5,3.4299999999999997,6.84,0.0,137.3,0.61,0.0,0.0,10.518181818181818,14.754545454545456,19.12727272727273,30.6,65.72727272727273,3.652727272727273,8.3,0.0,107.3,0.6081818181818182,0.0,0.0,9.92,14.38,18.79,1.2000000000000002,57.8,3.654,6.57,0.0,93.8,0.602,0.0,0.0,3.6799999999999997,7.029999999999999,10.209999999999999,18.4,75.0,3.5469999999999997,7.71,0.0,20.5,0.606,0.0,0.0,4.35,9.48,14.95,1.0999999999999999,62.6,3.0460000000000003,9.4,0.0,45.800000000000004,0.616,0.0,0.0,3.72,6.87,10.64,34.7,65.3,4.297,9.47,0.0,22.599999999999998,0.636,0.0,0.0,0.56,4.38,8.6,2.5999999999999996,73.2,4.482,8.21,0.0,2.2,0.676,0.0,0.0,254.0,69.0,464.0,283.0,767.0,0.8300000000000001,1.14,0.4599999999999999
2002,Аршалынский,Зерновые и бобовые,51.35,70.9,120.0,0.8800000000000001,1.4899999999999998,9.540000000000001,15.88,4.800000000000001,55.2,2.8369999999999997,6.95,0.0,45.7,0.763,0.0,0.0,6.09,12.23,17.71,10.799999999999999,60.2,3.9219999999999997,8.5,0.0,72.8,0.725,0.0,0.0,7.754545454545454,12.909090909090908,17.61818181818182,24.8,58.0,4.552727272727273,10.92,0.0,87.0,0.6809090909090909,0.0,0.0,9.42,15.84,21.22,11.5,58.6,3.215,6.08,0.0,108.39999999999999,0.661,0.0,0.0,11.02,16.82,21.84,18.7,65.2,2.729,6.36,0.0,118.2,0.65,0.0,0.0,14.0,18.740000000000002,23.110000000000003,34.1,68.6,3.2,8.06,0.0,137.4,0.639,0.0,0.0,13.7,18.54,23.04,18.9,71.7,2.862,5.71,0.0,135.4,0.636,0.0,0.0,14.14,19.56,24.39,15.2,67.0,2.6239999999999997,5.9,0.0,145.6,0.614,0.0,0.0,14.145454545454545,19.21818181818182,23.654545454545453,3.2,58.45454545454545,3.2218181818181817,6.34,0.0,156.4,0.6090909090909091,0.0,0.0,16.990000000000002,24.330000000000002,31.1,2.8,49.9,3.194,7.24,0.0,193.3,0.591,0.0,0.0,13.88,19.72,24.89,6.5,52.0,3.5140000000000002,7.65,0.0,147.2,0.588,0.0,0.0,9.954545454545455,14.854545454545455,19.736363636363635,22.1,61.18181818181818,3.377272727272727,8.35,0.0,108.39999999999999,0.5927272727272727,0.0,0.0,9.39,15.180000000000001,20.619999999999997,19.200000000000003,64.0,2.841,6.58,0.0,101.8,0.602,0.0,0.0,5.74,13.12,20.5,0.3,39.1,3.345,6.42,0.1,81.2,0.594,0.0,0.0,9.45,14.969999999999999,20.240000000000002,0.4,45.1,4.099,7.98,0.0,99.7,0.588,0.0,0.0,3.7600000000000002,8.209999999999999,13.14,1.0,48.9,3.9799999999999995,9.54,0.0,32.8,0.59,0.0,0.0,-0.11999999999999993,2.4200000000000004,5.16,17.2,64.0,5.398,12.41,0.0,7.700000000000001,0.596,0.0,0.0,254.0,69.0,464.0,283.0,767.0,0.99,0.8300000000000001,1.14
2003,Аршалынский,Зерновые и бобовые,51.35,70.9,120.0,0.63,5.76,12.25,18.05,9.2,63.1,3.339,8.32,0.0,72.5,0.718,0.0,0.0,11.83,19.08,25.470000000000002,1.6,42.3,3.711,6.67,0.1,140.79999999999998,0.675,0.0,0.0,10.509090909090908,16.436363636363637,21.990909090909092,30.2,60.90909090909091,3.3536363636363635,7.25,0.0,125.8,0.6590909090909091,0.0,0.0,12.35,16.79,21.4,59.5,71.0,4.01,9.08,0.0,117.9,0.655,0.0,0.0,12.65,17.509999999999998,21.7,13.4,64.3,3.664,6.67,0.0,125.1,0.659,0.0,0.0,13.77,19.580000000000002,24.259999999999998,14.8,54.7,3.442,7.96,0.0,145.8,0.631,0.0,0.0,16.98,21.740000000000002,26.35,29.8,66.6,2.994,5.64,0.0,167.4,0.614,0.0,0.0,12.209999999999999,17.09,21.06,6.2,60.1,2.8899999999999997,5.52,0.0,120.9,0.611,0.0,0.0,10.927272727272728,15.772727272727273,20.2,16.4,64.63636363636364,3.2563636363636363,6.94,0.0,118.5,0.62,0.0,0.0,14.319999999999999,20.03,24.78,3.2,60.3,3.053,6.66,0.0,150.3,0.602,0.0,0.0,17.31,22.979999999999997,27.99,12.3,58.1,2.404,5.22,0.0,179.79999999999998,0.598,0.0,0.0,15.545454545454545,21.745454545454546,27.545454545454547,4.1000000000000005,46.36363636363637,3.041818181818182,6.18,0.0,184.2,0.5945454545454546,0.0,0.0,15.13,22.240000000000002,29.089999999999996,0.1,37.3,3.101,9.27,0.0,172.4,0.582,0.0,0.0,9.129999999999999,13.459999999999999,17.91,6.6,56.0,3.3240000000000003,6.96,0.0,84.6,0.589,0.0,0.0,3.8,7.44,11.370000000000001,11.4,60.7,3.3230000000000004,6.44,0.0,24.700000000000003,0.59,0.0,0.0,0.37,6.07,12.3,0.0,54.5,2.684,4.47,0.0,17.3,0.59,0.0,0.0,-1.9600000000000002,3.7,10.32,0.0,42.0,3.408,5.64,0.0,0.0,0.59,0.0,0.0,254.0,69.0,464.0,283.0,767.0,0.8800000000000001,0.99,0.8300000000000001
2004,Аршалынский,Зерновые и бобовые,51.35,70.9,120.0,0.79,2.7399999999999998,10.33,16.47,0.5,51.1,3.414,7.34,0.0,53.6,0.701,0.0,0.0,12.03,21.04,28.169999999999998,0.3,35.6,3.2369999999999997,6.02,0.2,160.4,0.658,0.0,0.0,10.818181818181818,16.654545454545453,21.79090909090909,21.4,51.63636363636363,3.8290909090909087,6.85,0.0,128.2,0.6363636363636364,0.0,0.0,11.559999999999999,18.21,24.0,11.2,40.6,3.5469999999999997,8.21,0.0,132.1,0.606,0.0,0.0,15.830000000000002,22.91,28.439999999999998,0.4,37.8,3.6399999999999997,9.3,0.0,179.1,0.59,0.0,0.0,14.580000000000002,19.32,23.56,16.1,53.2,3.41,7.47,0.0,143.2,0.59,0.0,0.0,13.530000000000001,18.43,22.69,23.0,62.0,3.158,7.2,0.0,134.3,0.616,0.0,0.0,16.43,21.82,26.46,14.600000000000001,56.3,3.3549999999999995,6.28,0.0,168.2,0.613,0.0,0.0,16.981818181818184,23.318181818181817,28.645454545454548,6.3,47.18181818181818,2.6954545454545453,4.78,0.0,201.5,0.5927272727272727,0.0,0.0,12.540000000000001,16.83,20.81,39.9,68.7,3.646,7.63,0.0,118.3,0.63,0.0,0.0,14.59,21.43,27.339999999999996,0.0,45.9,2.758,6.34,0.0,164.3,0.613,0.0,0.0,11.463636363636363,16.90909090909091,21.736363636363635,2.3000000000000003,54.72727272727273,3.352727272727273,7.32,0.0,131.0,0.5936363636363636,0.0,0.0,9.709999999999999,15.180000000000001,20.69,9.399999999999999,54.7,3.17,8.43,0.0,101.8,0.594,0.0,0.0,8.92,14.75,20.2,10.6,53.3,3.304,10.77,0.0,97.5,0.592,0.0,0.0,7.33,12.75,18.11,5.300000000000001,59.7,3.344,7.3,0.0,77.5,0.59,0.0,0.0,7.18,10.889999999999999,15.25,5.1,55.8,3.776,7.48,0.0,62.599999999999994,0.594,0.0,0.0,3.0,8.16,13.86,12.2,53.4,4.962000000000001,12.52,0.0,20.1,0.6,0.0,0.0,254.0,69.0,464.0,283.0,767.0,0.63,0.8800000000000001,0.99
2005,Аршалынский,Зерновые и бобовые,51.35,70.9,120.0,0.64,6.74,13.069999999999999,19.28,37.1,53.5,4.047,8.07,0.0,80.7,0.715,0.0,0.0,7.5200000000000005,14.790000000000001,20.79,3.6,50.2,3.404,7.92,0.0,97.9,0.71,0.0,0.0,9.754545454545454,15.409090909090908,20.5,16.7,57.81818181818182,3.5900000000000003,9.4,0.0,114.5,0.6754545454545455,0.0,0.0,13.680000000000001,20.65,26.54,5.0,50.2,2.995,7.83,0.0,156.5,0.653,0.0,0.0,15.669999999999998,21.580000000000002,26.660000000000004,3.9,51.1,3.1189999999999998,7.6,0.0,165.8,0.622,0.0,0.0,14.209999999999999,19.55,24.48,29.1,65.5,3.78,9.61,0.0,145.5,0.614,0.0,0.0,18.45,24.880000000000003,30.77,3.6,48.1,2.907,7.34,0.0,198.8,0.596,0.0,0.0,13.069999999999999,18.09,22.23,26.1,64.3,4.1770000000000005,9.51,0.0,130.9,0.612,0.0,0.0,15.69090909090909,20.518181818181816,24.981818181818184,23.9,69.36363636363636,2.982727272727273,5.77,0.0,170.7,0.6145454545454545,0.0,0.0,16.39,21.130000000000003,25.59,8.200000000000001,64.2,3.251,6.9,0.0,161.3,0.602,0.0,0.0,14.16,20.73,26.65,0.7,44.8,2.859,5.72,0.0,157.3,0.587,0.0,0.0,9.299999999999999,12.645454545454545,16.418181818181818,36.8,74.63636363636364,3.8881818181818177,10.41,0.0,84.1,0.619090909090909,0.0,0.0,10.47,15.530000000000001,20.240000000000002,3.7,61.6,3.393,7.72,0.0,105.3,0.641,0.0,0.0,8.53,13.85,19.65,1.8,50.0,3.905,7.78,0.0,88.5,0.625,0.0,0.0,4.09,9.27,15.2,5.8999999999999995,59.4,2.841,7.82,0.0,42.7,0.612,0.0,0.0,4.76,9.4,14.88,1.1,59.5,3.3340000000000005,6.94,0.0,46.6,0.605,0.0,0.0,-1.1800000000000002,3.54,9.6,0.0,59.8,1.73,2.83,0.0,1.5999999999999996,0.6,0.0,0.0,254.0,69.0,464.0,283.0,767.0,0.79,0.63,0.8800000000000001
2006,Аршалынский,Зерновые и бобовые,51.35,70.9,120.0,0.92,-0.66,6.26,11.8,3.3000000000000003,50.7,3.128,6.26,0.0,19.900000000000002,0.713,0.0,0.0,8.48,14.790000000000001,20.81,25.0,56.0,3.844,8.07,0.0,97.9,0.694,0.0,0.0,11.354545454545455,18.518181818181816,24.463636363636365,3.0,44.63636363636363,3.0354545454545456,6.94,0.0,148.7,0.67,0.0,0.0,14.1,20.02,24.96,8.2,51.0,3.382,7.82,0.0,150.2,0.644,0.0,0.0,16.740000000000002,23.380000000000003,29.46,16.7,45.4,3.222,7.72,0.0,183.8,0.621,0.0,0.0,16.29,20.52,24.72,39.4,70.4,2.242,5.08,0.0,155.2,0.626,0.0,0.0,13.36,18.32,22.45,7.5,60.6,2.804,6.35,0.0,133.2,0.63,0.0,0.0,14.85,20.59,25.23,5.0,60.3,3.029,6.35,0.0,155.9,0.612,0.0,0.0,14.663636363636362,20.081818181818182,24.981818181818184,3.0,41.72727272727273,4.177272727272728,10.26,0.0,165.9,0.5936363636363636,0.0,0.0,12.49,17.61,21.84,1.4000000000000001,55.1,3.009,6.77,0.0,126.1,0.59,0.0,0.0,12.51,18.29,23.85,3.6999999999999997,55.0,3.7990000000000004,7.65,0.0,132.9,0.589,0.0,0.0,12.081818181818182,17.78181818181818,23.39090909090909,15.8,49.72727272727273,3.524545454545455,7.71,0.09090909090909091,140.6,0.589090909090909,0.0,0.0,11.190000000000001,18.7,26.119999999999997,0.0,36.1,3.02,5.72,0.1,137.0,0.582,0.0,0.0,8.620000000000001,12.05,15.669999999999998,15.6,61.2,5.0649999999999995,9.28,0.0,70.5,0.592,0.0,0.0,4.25,9.86,15.52,0.1,55.0,3.3890000000000002,7.89,0.0,48.6,0.593,0.0,0.0,3.5700000000000003,7.970000000000001,12.32,21.8,61.5,3.906,7.99,0.0,37.6,0.604,0.0,0.0,-1.9,1.28,5.4399999999999995,1.5,72.4,2.712,5.49,0.0,0.0,0.632,0.0,0.0,254.0,69.0,464.0,283.0,767.0,0.64,0.79,0.63
2007,Аршалынский,Зерновые и бобовые,51.35,70.9,120.0,1.28,5.07,10.959999999999999,16.3,12.3,56.3,4.889,12.77,0.0,60.4,0.77,0.0,0.0,9.74,15.51,20.66,12.6,59.0,4.07,7.85,0.0,105.1,0.747,0.0,0.0,10.381818181818183,17.099999999999998,22.61818181818182,7.2,53.27272727272727,4.075454545454545,9.62,0.0,133.1,0.7,0.0,0.0,6.67,12.7,17.91,9.0,49.7,3.78,8.68,0.0,77.0,0.673,0.0,0.0,12.48,19.0,24.27,0.8,45.2,3.242,8.32,0.0,140.0,0.648,0.0,0.0,17.22,23.54,29.0,24.8,47.6,3.3850000000000002,8.24,0.0,185.4,0.618,0.0,0.0,16.02,21.48,26.360000000000003,17.7,69.3,2.174,4.92,0.0,164.8,0.615,0.0,0.0,17.759999999999998,22.9,28.060000000000002,20.2,61.7,3.311,6.14,0.0,179.0,0.607,0.0,0.0,14.109090909090908,19.827272727272728,24.572727272727274,3.1,53.72727272727273,2.9236363636363634,7.7,0.0,163.1,0.6063636363636363,0.0,0.0,15.91,21.53,26.2,4.0,55.0,2.917,5.79,0.0,165.3,0.592,0.0,0.0,10.26,15.59,20.19,2.2,51.5,3.2920000000000003,8.45,0.0,105.9,0.59,0.0,0.0,14.181818181818182,21.327272727272728,27.845454545454547,1.4,42.81818181818182,2.808181818181818,5.81,0.0,179.6,0.5872727272727273,0.0,0.0,12.72,19.53,25.76,1.7000000000000002,39.6,2.86,6.59,0.1,145.3,0.58,0.0,0.0,9.6,15.16,20.59,0.1,43.9,3.622,7.01,0.0,101.6,0.58,0.0,0.0,5.16,9.459999999999999,13.680000000000001,3.7,62.2,2.627,5.38,0.0,44.599999999999994,0.59,0.0,0.0,2.09,6.05,10.66,17.4,71.7,2.966,10.38,0.0,12.8,0.618,0.0,0.0,1.3800000000000001,6.28,12.2,0.0,58.4,2.3280000000000003,4.85,0.0,6.400000000000001,0.61,0.0,0.0,254.0,69.0,464.0,283.0,767.0,0.92,0.64,0.79
2008,Аршалынский,Зерновые и бобовые,51.35,70.9,120.0,0.8099999999999999,3.02,9.66,15.4,5.3,54.2,3.1399999999999997,6.55,0.0,48.400000000000006,0.671,0.0,0.0,8.309999999999999,16.16,22.43,11.2,53.1,2.763,6.9,0.0,111.6,0.65,0.0,0.0,13.263636363636364,20.145454545454545,26.763636363636362,7.6,43.18181818181818,3.7709090909090914,8.06,0.09090909090909091,166.6,0.6227272727272727,0.0,0.0,12.1,17.82,22.95,1.9000000000000001,47.2,3.7089999999999996,7.78,0.0,128.2,0.602,0.0,0.0,13.709999999999999,20.94,26.630000000000003,1.0,39.7,3.582,7.99,0.0,159.4,0.59,0.0,0.0,16.42,22.39,27.75,13.700000000000001,48.0,3.314,7.68,0.0,173.9,0.584,0.0,0.0,15.540000000000001,21.39,26.48,5.9,53.6,3.0669999999999997,7.92,0.0,163.9,0.598,0.0,0.0,19.15,24.18,29.22,19.7,59.0,2.888,5.71,0.0,191.8,0.595,0.0,0.0,18.154545454545453,24.29090909090909,29.872727272727275,17.1,54.45454545454545,3.2827272727272727,6.83,0.0,212.2,0.6027272727272727,0.0,0.0,16.03,21.32,25.880000000000003,15.600000000000001,47.8,3.6399999999999997,7.13,0.0,163.2,0.599,0.0,0.0,15.7,21.31,26.5,0.5,47.0,2.892,6.5,0.0,163.1,0.586,0.0,0.0,14.0,19.145454545454545,24.4,8.0,54.72727272727273,3.202727272727273,6.77,0.0,155.6,0.59,0.0,0.0,11.14,15.969999999999999,20.8,6.3999999999999995,51.6,3.374,8.32,0.0,109.7,0.594,0.0,0.0,6.470000000000001,10.540000000000001,14.969999999999999,27.0,64.8,3.78,6.37,0.0,55.5,0.598,0.0,0.0,2.17,5.58,9.34,4.3,64.3,2.661,6.36,0.0,12.0,0.607,0.0,0.0,2.66,9.42,17.240000000000002,0.0,54.3,2.0420000000000003,4.9,0.0,44.300000000000004,0.597,0.0,0.0,2.6399999999999997,5.76,8.42,14.2,72.6,5.74,9.09,0.0,5.6,0.604,0.0,0.0,254.0,69.0,464.0,283.0,767.0,1.28,0.92,0.64
2009,Аршалынский,Зерновые и бобовые,51.35,70.9,120.0,1.1800000000000002,3.38,11.74,18.98,6.5,45.2,3.525,9.63,0.0,67.4,0.683,0.0,0.0,10.64,16.759999999999998,22.94,9.0,46.9,4.3020000000000005,9.08,0.0,117.6,0.664,0.0,0.0,6.363636363636363,12.718181818181819,18.572727272727274,39.4,58.09090909090909,4.005454545454546,8.24,0.0,85.4,0.6854545454545454,0.0,0.0,12.59,19.82,25.910000000000004,15.8,60.3,2.854,7.28,0.0,148.2,0.674,0.0,0.0,12.41,18.7,23.759999999999998,4.8,46.2,3.629,7.71,0.0,137.0,0.633,0.0,0.0,13.23,17.759999999999998,21.97,1.7000000000000002,51.1,3.79,9.7,0.0,127.6,0.603,0.0,0.0,14.940000000000001,21.3,27.110000000000003,7.6,43.2,3.151,6.35,0.1,163.0,0.596,0.0,0.0,14.169999999999998,18.15,22.619999999999997,38.3,74.8,2.9509999999999996,6.74,0.0,131.5,0.603,0.0,0.0,12.245454545454544,17.254545454545454,21.709090909090907,36.300000000000004,68.81818181818181,3.3181818181818183,8.22,0.0,134.8,0.630909090909091,0.0,0.0,13.38,18.15,22.86,6.8,61.7,3.335,7.92,0.0,131.5,0.645,0.0,0.0,12.77,18.18,23.169999999999998,1.4,49.8,4.18,7.8,0.0,131.8,0.623,0.0,0.0,13.609090909090908,18.672727272727272,23.754545454545454,15.899999999999999,61.63636363636363,3.3154545454545454,7.78,0.0,150.4,0.61,0.0,0.0,6.970000000000001,11.72,16.34,7.4,63.8,3.511,7.21,0.0,67.2,0.621,0.0,0.0,7.3,13.13,19.09,9.3,61.2,2.35,6.15,0.0,81.3,0.622,0.0,0.0,7.67,12.8,18.22,10.2,56.0,3.375,7.0,0.0,78.0,0.631,0.0,0.0,5.26,9.92,15.02,2.8000000000000003,58.1,3.901,6.91,0.0,49.2,0.628,0.0,0.0,0.7,5.54,11.1,0.0,51.8,2.84,5.72,0.0,6.8,0.624,0.0,0.0,254.0,69.0,464.0,283.0,767.0,0.8099999999999999,1.28,0.92
2010,Аршалынский,Зерновые и бобовые,51.35,70.9,120.0,0.82,6.87,14.39,20.75,0.7,47.5,3.148,6.09,0.0,93.9,0.705,0.0,0.0,5.91,12.830000000000002,19.04,1.7999999999999998,42.3,3.54,10.02,0.0,78.3,0.669,0.0,0.0,8.618181818181817,14.79090909090909,20.272727272727273,6.999999999999999,52.09090909090909,3.7572727272727273,8.36,0.0,107.7,0.6518181818181819,0.0,0.0,13.61,21.7,28.130000000000003,13.2,39.4,2.7960000000000003,5.74,0.0,167.0,0.628,0.0,0.0,17.46,24.71,31.080000000000002,2.3,37.3,3.5170000000000003,7.69,0.0,197.1,0.599,0.0,0.0,12.89,18.759999999999998,23.990000000000002,10.1,47.9,3.3089999999999997,7.87,0.0,137.6,0.589,0.0,0.0,13.559999999999999,18.919999999999998,23.77,15.2,49.6,3.353,6.58,0.0,139.2,0.594,0.0,0.0,16.46,22.21,27.759999999999998,6.3,46.4,3.21,6.94,0.0,172.1,0.59,0.0,0.0,12.345454545454546,18.59090909090909,23.88181818181818,1.2000000000000002,45.63636363636363,3.178181818181818,7.16,0.0,149.5,0.5872727272727273,0.0,0.0,16.35,23.05,28.49,2.2,40.1,3.103,5.98,0.0,180.5,0.582,0.0,0.0,14.86,21.78,27.97,1.6,39.8,3.3579999999999997,7.0,0.1,167.8,0.58,0.0,0.0,15.536363636363637,21.536363636363635,26.745454545454546,16.5,50.27272727272727,3.2290909090909095,8.07,0.09090909090909091,181.9,0.6090909090909091,0.0,0.0,10.5,17.18,23.869999999999997,0.0,37.7,3.818,11.04,0.0,121.8,0.593,0.0,0.0,4.99,10.43,15.76,2.9,48.0,2.895,6.58,0.0,54.3,0.589,0.0,0.0,8.31,13.73,19.55,6.1,51.8,3.336,7.15,0.0,87.3,0.584,0.0,0.0,3.91,7.3,11.23,0.7,60.6,3.2439999999999998,7.16,0.0,28.299999999999997,0.59,0.0,0.0,2.5,7.720000000000001,14.2,5.5,57.2,3.85,8.14,0.0,13.600000000000001,0.59,0.0,0.0,254.0,69.0,464.0,283.0,767.0,1.1800000000000002,0.8099999999999999,1.28
2011,Аршалынский,Зерновые и бобовые,51.35,70.9,120.0,1.26,4.9399999999999995,11.940000000000001,18.18,0.5,38.4,3.9210000000000003,9.21,0.0,69.4,0.664,0.0,0.0,6.659999999999999,14.23,20.6,2.0,32.8,3.414,7.89,0.0,92.3,0.637,0.0,0.0,9.563636363636364,15.772727272727273,21.554545454545455,13.6,53.72727272727273,3.709090909090909,8.6,0.0,118.5,0.630909090909091,0.0,0.0,13.030000000000001,19.28,24.77,15.0,58.1,2.964,7.5,0.0,142.8,0.637,0.0,0.0,14.12,21.11,26.830000000000002,9.3,42.7,3.2950000000000004,8.85,0.0,161.1,0.609,0.0,0.0,14.36,18.31,22.5,35.9,69.9,3.807,8.26,0.0,133.1,0.617,0.0,0.0,15.09,20.79,25.65,2.6,52.9,3.224,7.21,0.0,157.9,0.609,0.0,0.0,13.88,18.830000000000002,23.75,29.1,66.5,3.5020000000000002,6.79,0.0,138.3,0.633,0.0,0.0,15.227272727272727,20.236363636363635,25.263636363636362,46.4,66.63636363636364,4.042727272727273,9.74,0.0,167.6,0.6436363636363637,0.0,0.0,12.75,17.57,22.02,12.1,59.5,3.614,7.69,0.0,125.7,0.629,0.0,0.0,15.26,20.869999999999997,25.93,9.5,54.5,3.5409999999999995,7.34,0.0,158.7,0.628,0.0,0.0,9.409090909090908,14.4,19.136363636363637,12.4,57.63636363636363,3.4718181818181817,8.42,0.0,103.39999999999999,0.6245454545454545,0.0,0.0,12.209999999999999,18.97,25.419999999999998,0.0,40.3,3.376,6.76,0.1,139.7,0.603,0.0,0.0,11.96,18.03,24.66,2.5,41.0,3.003,7.28,0.1,130.3,0.59,0.0,0.0,5.18,9.64,14.209999999999999,9.900000000000002,61.2,3.9189999999999996,9.0,0.0,46.4,0.602,0.0,0.0,5.7,9.84,14.34,18.7,70.7,3.974,9.13,0.0,48.4,0.618,0.0,0.0,2.9,9.3,16.96,0.0,71.8,2.066,2.94,0.0,21.5,0.63,0.0,0.0,254.0,69.0,464.0,283.0,767.0,0.82,1.1800000000000002,0.8099999999999999
2012,Аршалынский,Зерновые и бобовые,51.35,70.9,120.0,0.74,4.37,10.92,16.830000000000002,8.2,55.9,4.444,9.62,0.0,59.2,0.663,0.0,0.0,9.27,16.22,22.82,4.8,45.0,3.9189999999999996,7.79,0.0,112.19999999999999,0.645,0.0,0.0,11.372727272727273,18.727272727272727,25.145454545454548,7.0,39.81818181818182,3.2736363636363635,7.45,0.0,151.0,0.6218181818181818,0.0,0.0,13.91,20.57,26.23,11.5,45.4,3.133,6.48,0.0,155.7,0.601,0.0,0.0,14.02,19.59,24.36,15.0,65.1,2.8120000000000003,5.33,0.0,145.9,0.605,0.0,0.0,17.06,23.14,28.29,8.5,48.9,2.831,5.63,0.0,181.4,0.593,0.0,0.0,16.45,21.47,25.919999999999998,8.5,56.9,3.932,7.44,0.0,164.7,0.596,0.0,0.0,18.78,26.48,32.33,0.3,36.7,2.56,4.83,0.0,214.8,0.584,0.0,0.0,19.245454545454546,24.2,29.981818181818184,36.800000000000004,54.36363636363637,3.183636363636364,6.8,0.0,211.2,0.5945454545454546,0.0,0.0,15.180000000000001,20.919999999999998,25.880000000000003,0.6,55.0,2.7600000000000002,5.96,0.0,159.2,0.614,0.0,0.0,16.81,23.32,29.589999999999996,3.8,44.1,2.751,6.3,0.1,183.2,0.591,0.0,0.0,13.736363636363636,18.40909090909091,23.372727272727275,9.0,54.81818181818182,3.5963636363636367,7.7,0.0,147.5,0.59,0.0,0.0,9.959999999999999,16.45,22.72,0.7,41.2,3.226,8.42,0.0,114.5,0.588,0.0,0.0,9.84,14.059999999999999,18.64,7.9,52.8,4.6,9.25,0.0,90.6,0.591,0.0,0.0,7.290000000000001,11.55,16.27,0.0,52.0,3.061,6.62,0.0,65.5,0.59,0.0,0.0,4.66,8.540000000000001,12.709999999999999,7.8,63.3,3.9479999999999995,8.54,0.0,39.7,0.594,0.0,0.0,3.6799999999999997,9.120000000000001,15.719999999999999,0.3,44.2,3.08,4.71,0.0,20.6,0.59,0.0,0.0,254.0,69.0,464.0,283.0,767.0,1.26,0.82,1.1800000000000002
2013,Аршалынский,Зерновые и бобовые,51.35,70.9,120.0,1.19,5.3,11.1,16.2,18.8,55.4,4.327,9.71,0.0,61.0,0.788,0.0,0.0,4.43,10.58,15.38,11.399999999999999,57.5,3.585,8.5,0.0,55.8,0.758,0.0,0.0,7.2,13.981818181818182,19.354545454545455,9.0,54.54545454545455,3.5127272727272727,9.54,0.0,98.8,0.7254545454545455,0.0,0.0,11.040000000000001,16.61,21.44,4.7,46.6,3.225,7.32,0.0,116.1,0.677,0.0,0.0,11.18,18.23,23.68,4.1,45.9,3.1830000000000003,6.2,0.0,132.3,0.656,0.0,0.0,16.369999999999997,22.119999999999997,26.689999999999998,3.2,36.6,4.741,9.71,0.1,171.2,0.615,0.0,0.0,12.559999999999999,17.09,21.1,43.0,68.5,3.435,8.33,0.0,120.89999999999999,0.635,0.0,0.0,13.6,18.14,22.31,18.2,72.3,2.984,6.94,0.0,131.4,0.632,0.0,0.0,15.436363636363637,20.254545454545454,24.94545454545454,33.9,74.54545454545455,2.862727272727273,7.4,0.0,167.8,0.6654545454545455,0.0,0.0,15.709999999999999,20.0,24.41,41.800000000000004,75.5,2.662,6.55,0.0,150.0,0.678,0.0,0.0,12.03,17.19,22.03,8.5,70.3,2.939,5.63,0.0,121.89999999999999,0.67,0.0,0.0,13.29090909090909,17.481818181818184,21.936363636363637,12.3,65.0,3.9572727272727275,7.55,0.0,137.3,0.6463636363636364,0.0,0.0,12.370000000000001,17.57,22.85,0.3,58.4,3.719,6.77,0.0,125.69999999999999,0.632,0.0,0.0,5.569999999999999,9.08,12.51,5.6000000000000005,59.9,2.912,5.51,0.0,40.9,0.623,0.0,0.0,5.62,11.610000000000001,17.98,5.7,50.1,3.742,8.7,0.0,66.1,0.615,0.0,0.0,2.46,5.53,8.74,17.2,68.2,4.379,7.12,0.0,11.3,0.627,0.0,0.0,0.76,4.459999999999999,8.34,6.5,70.4,3.566,7.0,0.0,5.699999999999999,0.64,0.0,0.0,254.0,69.0,464.0,283.0,767.0,0.74,1.26,0.82
2014,Аршалынский,Зерновые и бобовые,51.35,70.9,120.0,1.11,8.2,14.84,21.04,2.6,43.4,3.9829999999999997,7.43,0.0,98.4,0.677,0.0,0.0,9.51,16.46,22.43,4.2,40.5,3.8369999999999997,7.96,0.0,114.6,0.643,0.0,0.0,8.854545454545455,14.081818181818182,18.80909090909091,17.0,58.63636363636363,3.652727272727273,8.95,0.0,99.9,0.6463636363636364,0.0,0.0,8.4,15.02,20.259999999999998,4.2,43.6,3.1399999999999997,9.12,0.0,100.2,0.635,0.0,0.0,16.6,24.130000000000003,30.25,0.30000000000000004,38.3,3.096,7.21,0.0,191.3,0.612,0.0,0.0,18.39,24.6,30.160000000000004,3.5,43.2,3.164,7.03,0.0,196.0,0.596,0.0,0.0,14.669999999999998,20.35,25.46,24.799999999999997,60.6,3.185,6.94,0.0,153.5,0.614,0.0,0.0,12.9,17.45,21.990000000000002,21.9,59.6,3.7630000000000003,8.39,0.0,124.5,0.602,0.0,0.0,11.318181818181818,15.381818181818181,19.099999999999998,25.400000000000002,67.72727272727273,3.766363636363636,9.02,0.0,114.2,0.6145454545454545,0.0,0.0,13.280000000000001,20.34,25.98,0.3,50.9,2.525,4.62,0.0,153.4,0.606,0.0,0.0,15.63,21.5,26.910000000000004,7.0,53.2,3.2960000000000003,8.2,0.0,165.0,0.59,0.0,0.0,16.509090909090908,22.663636363636364,28.372727272727275,10.2,43.45454545454545,2.943636363636364,6.49,0.0,194.3,0.59,0.0,0.0,8.620000000000001,13.220000000000002,17.55,0.30000000000000004,52.0,3.107,6.87,0.0,82.2,0.59,0.0,0.0,6.3100000000000005,10.43,15.02,8.2,59.1,3.601,8.95,0.0,54.3,0.59,0.0,0.0,4.470000000000001,9.05,13.680000000000001,27.7,63.6,3.401,7.47,0.0,41.8,0.603,0.0,0.0,1.3,4.75,8.0,7.7,71.2,4.133,8.73,0.0,11.0,0.629,0.0,0.0,4.58,7.380000000000001,10.14,17.1,73.2,4.916,8.11,0.0,12.5,0.646,0.0,0.0,254.0,69.0,464.0,283.0,767.0,1.19,0.74,1.26
2015,Аршалынский,Зерновые и бобовые,51.35,70.9,120.0,1.06752,8.92,15.98,22.36,5.199999999999999,52.7,3.539,8.87,0.0,109.8,0.759,0.0,0.0,8.459999999999999,13.34,17.96,51.3,66.6,4.163,8.91,0.0,83.4,0.75,0.0,0.0,8.290909090909091,14.081818181818182,19.09090909090909,21.2,70.27272727272727,2.8754545454545455,7.82,0.0,99.9,0.7645454545454545,0.0,0.0,13.86,19.97,24.869999999999997,5.8,59.1,2.6559999999999997,10.1,0.0,149.7,0.729,0.0,0.0,14.39,20.169999999999998,25.380000000000003,13.2,68.0,2.996,7.89,0.0,151.7,0.715,0.0,0.0,16.09,22.41,27.85,0.3,43.5,4.303,6.79,0.0,174.1,0.657,0.0,0.0,12.75,17.84,22.89,24.5,57.8,4.192,9.81,0.0,128.4,0.627,0.0,0.0,16.54,23.31,29.419999999999998,0.2,45.5,3.8589999999999995,8.96,0.0,183.1,0.607,0.0,0.0,15.245454545454548,20.20909090909091,24.727272727272727,19.7,61.27272727272727,3.450909090909091,7.94,0.0,167.3,0.6236363636363637,0.0,0.0,14.169999999999998,20.05,25.36,4.8999999999999995,48.0,2.893,5.8,0.0,150.5,0.605,0.0,0.0,14.16,19.68,24.98,3.1,48.6,3.479,6.71,0.1,146.8,0.595,0.0,0.0,10.018181818181818,14.5,19.427272727272726,17.7,57.18181818181818,4.153636363636363,8.02,0.0,104.5,0.6072727272727273,0.0,0.0,10.17,16.130000000000003,21.96,4.5,60.0,2.216,6.07,0.0,111.3,0.601,0.0,0.0,7.029999999999999,11.85,17.35,10.5,65.4,3.126,7.16,0.0,68.5,0.595,0.0,0.0,2.06,7.37,12.35,0.2,57.3,2.885,6.18,0.0,25.8,0.601,0.0,0.0,2.42,8.24,13.52,7.0,52.0,4.335,11.99,0.0,36.1,0.599,0.0,0.0,-1.98,1.3599999999999999,5.16,0.7,61.6,3.336,7.72,0.0,0.0,0.598,0.0,0.0,254.0,69.0,464.0,283.0,767.0,1.11,1.19,0.74
2016,Аршалынский,Зерновые и бобовые,51.35,70.9,120.0,0.97974,2.46,9.23,14.86,5.3,45.8,3.467,7.08,0.0,42.3,0.739,0.0,0.0,4.4,11.93,17.75,13.1,48.1,3.5479999999999996,7.18,0.0,69.3,0.721,0.0,0.0,12.409090909090908,18.763636363636365,24.154545454545453,7.9,42.36363636363637,3.6554545454545457,7.15,0.09090909090909091,151.4,0.6754545454545454,0.0,0.0,11.52,17.18,22.59,33.0,55.9,3.418,7.92,0.0,121.8,0.656,0.0,0.0,13.940000000000001,18.330000000000002,22.64,7.4,61.2,4.262,7.92,0.0,133.3,0.638,0.0,0.0,13.49,17.89,21.97,31.3,67.2,3.418,7.4,0.0,128.9,0.626,0.0,0.0,14.02,18.97,23.25,18.0,73.8,2.4,6.0,0.0,139.7,0.641,0.0,0.0,16.18,20.56,25.240000000000002,26.400000000000002,71.6,2.8899999999999997,5.43,0.0,155.6,0.631,0.0,0.0,14.636363636363637,18.472727272727273,22.509090909090908,39.1,77.0909090909091,3.2754545454545454,7.02,0.0,148.2,0.66,0.0,0.0,14.35,19.91,24.56,2.2,62.4,2.788,5.38,0.0,149.1,0.639,0.0,0.0,15.77,21.61,26.830000000000002,0.4,55.0,3.532,6.2,0.0,166.1,0.613,0.0,0.0,12.754545454545456,18.599999999999998,24.063636363636363,3.8000000000000003,50.18181818181818,2.841818181818182,6.51,0.0,149.6,0.5981818181818181,0.0,0.0,13.13,18.509999999999998,24.07,6.199999999999999,48.4,3.71,7.13,0.0,135.1,0.592,0.0,0.0,9.2,14.6,20.21,4.699999999999999,58.0,3.167,9.19,0.0,96.0,0.611,0.0,0.0,6.779999999999999,11.66,16.880000000000003,18.9,58.3,3.052,5.88,0.0,66.6,0.603,0.0,0.0,2.79,6.1,9.41,15.0,75.1,2.94,5.87,0.0,21.6,0.64,0.0,0.0,-2.1,-0.059999999999999984,2.16,6.4,77.4,3.618,7.58,0.0,0.0,0.65,0.0,0.0,254.0,69.0,464.0,283.0,767.0,1.06752,1.11,1.19
2017,Аршалынский,Зерновые и бобовые,51.35,70.9,120.0,0.77818,5.32,14.069999999999999,21.27,2.4,40.8,4.705,11.01,0.0,90.7,0.744,0.0,0.0,6.659999999999999,13.459999999999999,19.740000000000002,4.3999999999999995,44.5,3.722,8.08,0.0,84.60000000000001,0.71,0.0,0.0,9.345454545454546,16.436363636363637,22.445454545454545,14.1,48.0,4.657272727272727,13.78,0.09090909090909091,125.8,0.6736363636363637,0.0,0.0,11.870000000000001,18.4,24.009999999999998,8.7,44.6,3.975,9.87,0.0,134.0,0.654,0.0,0.0,15.05,22.52,29.369999999999997,4.7,44.6,3.065,8.35,0.0,175.2,0.625,0.0,0.0,15.680000000000001,22.369999999999997,28.560000000000002,3.3,48.7,2.923,8.04,0.0,173.7,0.602,0.0,0.0,15.26,21.54,27.74,3.8,52.1,3.817,7.63,0.0,165.4,0.599,0.0,0.0,12.09,16.8,21.2,30.3,70.0,2.847,8.54,0.0,118.0,0.628,0.0,0.0,16.40909090909091,22.027272727272727,27.245454545454546,10.2,60.18181818181818,2.7381818181818183,6.19,0.0,187.3,0.6136363636363636,0.0,0.0,16.11,22.669999999999998,28.73,2.2,48.7,3.4259999999999997,8.32,0.0,176.7,0.593,0.0,0.0,11.18,16.72,21.69,0.2,46.6,3.261,6.89,0.0,117.19999999999999,0.588,0.0,0.0,14.218181818181819,21.936363636363637,28.672727272727272,0.0,43.27272727272727,2.4863636363636363,5.44,0.0,186.3,0.58,0.0,0.0,12.99,20.119999999999997,26.55,3.5,46.6,2.878,7.29,0.0,151.2,0.58,0.0,0.0,6.609999999999999,12.830000000000002,18.619999999999997,11.4,63.3,3.5869999999999997,10.68,0.0,78.3,0.592,0.0,0.0,2.14,5.68,8.95,2.5,55.4,4.053,8.51,0.0,17.400000000000002,0.59,0.0,0.0,-2.0900000000000003,1.58,6.029999999999999,13.3,66.0,2.886,7.29,0.0,1.4000000000000004,0.594,0.0,0.0,1.4,6.94,12.620000000000001,8.7,63.8,3.814,6.01,0.0,9.7,0.602,0.0,0.0,254.0,69.0,464.0,283.0,767.0,0.97974,1.06752,1.11
2018,Аршалынский,Зерновые и бобовые,51.35,70.9,120.0,1.09,1.56,7.32,12.59,10.0,62.7,4.2700000000000005,10.16,0.0,26.299999999999997,0.771,0.0,0.0,2.3600000000000003,8.709999999999999,14.819999999999999,6.2,51.9,3.8920000000000003,7.71,0.0,37.1,0.751,0.0,0.0,5.372727272727272,12.80909090909091,19.445454545454545,13.8,51.72727272727273,5.506363636363637,10.32,0.0,87.3,0.7236363636363636,0.0,0.0,9.57,16.5,22.6,23.6,50.9,4.496,10.42,0.0,115.0,0.704,0.0,0.0,10.02,16.619999999999997,22.13,6.2,53.7,2.937,7.37,0.0,116.2,0.673,0.0,0.0,13.0,18.52,23.43,50.5,69.8,3.13,7.29,0.0,135.2,0.671,0.0,0.0,15.809999999999999,21.79,27.48,5.4,61.7,3.057,6.61,0.0,167.9,0.659,0.0,0.0,16.18,22.240000000000002,27.639999999999997,21.1,60.0,2.8600000000000003,7.08,0.0,172.4,0.632,0.0,0.0,13.090909090909092,18.30909090909091,23.336363636363636,27.900000000000002,64.45454545454545,4.205454545454545,8.04,0.0,146.4,0.6363636363636364,0.0,0.0,14.690000000000001,21.04,27.15,12.5,63.0,2.827,5.55,0.0,160.4,0.623,0.0,0.0,12.7,18.630000000000003,24.330000000000002,29.200000000000003,60.4,3.138,7.36,0.0,136.3,0.615,0.0,0.0,9.336363636363636,13.418181818181818,17.945454545454545,39.800000000000004,78.54545454545455,3.5563636363636366,9.42,0.0,92.60000000000001,0.6572727272727273,0.0,0.0,6.470000000000001,10.83,15.13,2.5,68.0,3.5020000000000002,6.76,0.0,58.300000000000004,0.653,0.0,0.0,5.93,12.28,18.35,1.9000000000000001,52.7,3.6410000000000005,8.22,0.0,72.8,0.639,0.0,0.0,6.0200000000000005,11.209999999999999,17.06,10.2,70.0,3.499,9.35,0.0,62.1,0.649,0.0,0.0,4.37,10.2,16.419999999999998,1.4,54.1,3.4480000000000004,7.32,0.0,52.0,0.64,0.0,0.0,-1.1600000000000001,3.56,8.14,12.7,69.8,3.97,8.66,0.0,7.7,0.644,0.0,0.0,254.0,69.0,464.0,283.0,767.0,0.77818,0.97974,1.06752
2019,Аршалынский,Зерновые и бобовые,51.35,70.9,120.0,0.73,3.79,12.790000000000001,19.86,0.1,41.6,1.9810000000000003,6.29,0.0,83.6,0.768,0.0,0.0,4.66,12.18,18.79,11.8,45.5,3.821,9.5,0.0,71.8,0.72,0.0,0.0,5.190909090909091,13.79090909090909,20.663636363636364,3.4000000000000004,45.18181818181818,3.462727272727273,8.07,0.0,96.7,0.6936363636363636,0.0,0.0,11.190000000000001,16.18,21.11,18.6,60.9,3.817,7.59,0.0,111.8,0.665,0.0,0.0,10.05,15.830000000000002,21.1,18.1,60.8,3.096,6.95,0.0,108.3,0.667,0.0,0.0,12.26,18.59,24.72,29.799999999999997,55.9,3.751,7.32,0.0,135.9,0.654,0.0,0.0,14.24,20.509999999999998,26.85,9.5,54.4,3.528,8.32,0.0,155.1,0.637,0.0,0.0,18.15,25.55,32.0,0.0,37.4,3.9269999999999996,6.83,0.0,205.5,0.6,0.0,0.0,16.827272727272728,22.61818181818182,28.59090909090909,8.6,52.0,3.3263636363636366,7.96,0.0,193.8,0.5909090909090909,0.0,0.0,14.719999999999999,22.09,28.29,1.5,39.9,3.63,8.18,0.0,170.9,0.59,0.0,0.0,15.23,21.39,26.73,4.7,51.3,3.0620000000000003,6.96,0.0,163.9,0.585,0.0,0.0,11.645454545454545,17.09090909090909,22.10909090909091,11.899999999999999,58.81818181818182,3.7581818181818183,11.46,0.0,133.0,0.6045454545454545,0.0,0.0,7.459999999999999,10.99,15.27,21.599999999999998,75.2,3.02,7.13,0.0,59.9,0.628,0.0,0.0,9.1,15.080000000000002,20.96,0.2,58.9,3.257,8.38,0.0,100.8,0.631,0.0,0.0,2.41,8.309999999999999,13.2,14.0,55.9,4.115,11.03,0.0,36.5,0.624,0.0,0.0,2.2199999999999998,9.870000000000001,17.61,0.0,55.5,2.412,5.0,0.0,50.6,0.623,0.0,0.0,5.9799999999999995,9.42,13.38,8.8,75.2,3.636,8.01,0.0,22.1,0.622,0.0,0.0,254.0,69.0,464.0,283.0,767.0,1.09,0.77818,0.97974
2020,Аршалынский,Зерновые и бобовые,51.35,70.9,120.0,1.31,6.590000000000001,13.84,20.580000000000002,1.6,45.2,3.896,8.71,0.0,88.4,0.804,0.0,0.0,12.76,19.02,24.61,4.9,54.1,3.7840000000000003,9.76,0.0,140.2,0.744,0.0,0.0,13.145454545454545,21.172727272727272,27.954545454545453,2.0,41.36363636363637,3.2827272727272727,8.65,0.0,177.9,0.6972727272727273,0.0,0.0,13.64,20.43,26.24,0.2,35.4,3.872,8.6,0.0,154.3,0.644,0.0,0.0,13.169999999999998,18.93,24.15,12.6,39.6,3.9450000000000003,9.03,0.0,139.3,0.618,0.0,0.0,12.34,18.32,23.89,58.1,52.1,4.419,10.62,0.1,133.2,0.63,0.0,0.0,14.709999999999999,20.16,25.369999999999997,28.700000000000003,66.1,3.4619999999999997,7.72,0.0,151.6,0.66,0.0,0.0,18.56,25.25,30.939999999999998,1.4,42.6,4.154,8.76,0.0,202.5,0.62,0.0,0.0,14.463636363636363,19.78181818181818,24.836363636363636,31.7,63.45454545454545,3.0081818181818183,7.3,0.0,162.6,0.6118181818181818,0.0,0.0,17.91,24.509999999999998,30.119999999999997,3.4000000000000004,45.1,4.046,7.82,0.0,195.1,0.595,0.0,0.0,12.709999999999999,16.77,21.119999999999997,27.0,64.8,3.713,7.88,0.0,117.7,0.6,0.0,0.0,11.036363636363637,17.60909090909091,23.59090909090909,2.5,57.81818181818182,2.8736363636363635,6.23,0.0,138.7,0.5954545454545455,0.0,0.0,8.120000000000001,13.45,18.759999999999998,5.2,53.6,3.169,8.1,0.0,84.5,0.59,0.0,0.0,8.709999999999999,14.34,19.759999999999998,7.8,54.2,4.399,11.03,0.0,93.4,0.589,0.0,0.0,3.2299999999999995,7.410000000000001,11.82,17.5,68.6,4.244,10.39,0.0,24.1,0.616,0.0,0.0,-0.26000000000000006,4.3,8.6,6.699999999999999,65.8,3.1079999999999997,7.28,0.0,10.5,0.62,0.0,0.0,2.94,8.0,14.3,0.0,56.4,2.9539999999999997,6.07,0.0,15.0,0.624,0.0,0.0,254.0,69.0,464.0,283.0,767.0,0.73,1.09,0.77818
2021,Аршалынский,Зерновые и бобовые,51.35,70.9,120.0,0.91585,7.05,14.12,20.91,10.399999999999999,46.5,3.6759999999999997,8.06,0.0,91.2,0.721,0.0,0.0,9.98,17.98,24.68,0.6,42.9,3.524,7.91,0.0,129.8,0.697,0.0,0.0,14.481818181818182,22.90909090909091,29.9,0.7999999999999999,35.09090909090909,3.0209090909090914,6.59,0.0,197.0,0.6518181818181819,0.0,0.0,11.09,17.91,24.06,17.9,47.4,3.9579999999999997,8.3,0.0,129.1,0.623,0.0,0.0,13.05,20.16,26.07,7.3,40.7,3.8560000000000003,9.85,0.0,151.6,0.597,0.0,0.0,11.91,17.8,22.78,10.7,54.7,3.528,9.84,0.0,128.0,0.601,0.0,0.0,18.35,24.75,30.410000000000004,29.0,44.7,4.865,9.53,0.1,197.5,0.593,0.0,0.0,12.77,17.619999999999997,22.56,20.4,62.9,3.878,8.28,0.0,126.2,0.622,0.0,0.0,14.463636363636363,21.61818181818182,27.59090909090909,0.8999999999999999,43.81818181818182,2.933636363636364,7.51,0.0,182.8,0.5972727272727272,0.0,0.0,16.580000000000002,23.29,29.119999999999997,1.1,48.7,3.036,7.9,0.0,182.9,0.588,0.0,0.0,13.49,19.57,25.23,3.1,53.8,3.01,7.19,0.0,145.7,0.589,0.0,0.0,14.536363636363637,21.463636363636365,27.08181818181818,10.2,48.63636363636363,3.7163636363636368,6.9,0.0,181.1,0.5918181818181818,0.0,0.0,9.440000000000001,15.62,21.41,10.8,49.9,3.3480000000000003,9.28,0.0,106.2,0.606,0.0,0.0,5.4799999999999995,10.620000000000001,15.55,11.5,57.4,4.211,8.01,0.0,56.2,0.614,0.0,0.0,1.05,5.1899999999999995,9.52,22.5,69.4,3.65,10.25,0.0,5.199999999999999,0.617,0.0,0.0,-1.83,2.2600000000000002,6.720000000000001,4.8999999999999995,74.0,3.404,6.99,0.0,0.0,0.644,0.0,0.0,-0.33999999999999997,4.8,9.5,2.0,70.6,3.022,6.07,0.0,5.199999999999999,0.65,0.0,0.0,254.0,69.0,464.0,283.0,767.0,1.31,0.73,1.09
2022,Аршалынский,Зерновые и бобовые,51.35,70.9,120.0,0.8927400000000001,5.74,12.059999999999999,18.4,1.1,41.0,4.396,9.5,0.0,70.6,0.715,0.0,0.0,9.02,16.29,22.36,14.9,52.1,3.6630000000000003,9.77,0.0,112.9,0.679,0.0,0.0,11.363636363636363,18.62727272727273,25.19090909090909,3.0,43.63636363636363,4.15090909090909,10.26,0.0,149.9,0.6481818181818182,0.0,0.0,11.36,18.119999999999997,24.54,12.600000000000001,46.0,3.2939999999999996,9.77,0.0,131.2,0.634,0.0,0.0,14.36,20.75,26.410000000000004,5.0,51.0,3.325,8.62,0.0,157.5,0.612,0.0,0.0,14.09,20.619999999999997,26.389999999999997,5.1,52.4,3.8950000000000005,9.7,0.0,156.2,0.593,0.0,0.0,13.030000000000001,18.73,24.080000000000002,39.6,59.6,3.6109999999999998,8.29,0.0,137.3,0.593,0.0,0.0,16.380000000000003,23.15,29.0,2.3,51.6,3.194,8.7,0.0,181.5,0.589,0.0,0.0,15.590909090909092,21.39090909090909,26.59090909090909,44.3,57.45454545454545,2.978181818181818,7.21,0.0,180.3,0.589090909090909,0.0,0.0,14.8,19.580000000000002,24.75,19.1,62.8,3.841,7.21,0.0,145.8,0.618,0.0,0.0,11.21,16.48,21.55,2.7,59.7,2.978,6.08,0.0,114.8,0.617,0.0,0.0,9.772727272727273,17.09090909090909,24.027272727272727,4.800000000000001,56.54545454545455,2.4336363636363636,6.99,0.0,133.0,0.6,0.0,0.0,12.120000000000001,19.8,26.630000000000003,0.0,39.6,3.8,10.02,0.0,148.0,0.584,0.0,0.0,4.5,10.74,16.79,9.2,58.4,2.874,7.65,0.0,57.4,0.599,0.0,0.0,6.43,12.58,18.35,7.8,53.4,2.931,8.36,0.0,89.5,0.59,0.0,0.0,0.21000000000000002,6.0,11.95,6.3,57.6,2.968,6.5,0.0,25.200000000000003,0.59,0.0,0.0,1.64,8.620000000000001,16.02,0.1,59.0,2.424,4.24,0.0,18.1,0.59,0.0,0.0,254.0,69.0,464.0,283.0,767.0,0.91585,1.31,0.73
2023,Аршалынский,Зерновые и бобовые,51.35,70.9,120.0,0.54,3.09,11.66,19.11,1.5999999999999999,43.9,2.7600000000000002,6.4,0.0,66.7,0.747,0.0,0.0,6.6,13.05,19.03,12.799999999999999,45.6,4.587000000000001,9.84,0.0,80.5,0.711,0.0,0.0,10.509090909090908,18.39090909090909,24.9,2.0999999999999996,39.72727272727273,3.059090909090909,6.25,0.0,147.3,0.6681818181818182,0.0,0.0,17.130000000000003,24.990000000000002,31.54,7.3,35.6,2.838,8.25,0.1,199.9,0.621,0.0,0.0,12.16,19.919999999999998,26.3,8.2,41.7,3.729,9.83,0.0,149.2,0.594,0.0,0.0,10.89,16.169999999999998,21.21,15.0,51.1,4.451,9.54,0.0,111.69999999999999,0.591,0.0,0.0,16.75,23.919999999999998,29.939999999999998,3.0,41.5,3.082,7.41,0.0,189.2,0.588,0.0,0.0,19.020000000000003,25.72,32.04,2.7,42.2,4.01,10.09,0.0,207.2,0.58,0.0,0.0,16.645454545454545,22.863636363636363,28.963636363636365,6.6000000000000005,48.72727272727273,3.0081818181818183,6.16,0.0,196.5,0.5854545454545454,0.0,0.0,17.869999999999997,24.25,30.02,18.599999999999998,47.0,3.163,8.22,0.0,192.5,0.585,0.0,0.0,12.379999999999999,18.31,24.330000000000002,8.3,51.1,3.17,7.74,0.0,133.1,0.594,0.0,0.0,13.681818181818182,18.463636363636365,23.863636363636363,14.7,55.81818181818182,3.8045454545454547,10.69,0.0,148.1,0.5990909090909091,0.0,0.0,8.78,12.51,16.85,44.1,77.1,3.3600000000000003,8.29,0.0,75.1,0.632,0.0,0.0,7.76,12.45,17.1,28.900000000000002,77.2,2.637,7.28,0.0,74.5,0.655,0.0,0.0,7.37,12.18,17.2,5.4,72.8,2.567,6.21,0.0,71.8,0.65,0.0,0.0,5.27,10.459999999999999,16.48,0.4,70.1,3.408,8.63,0.0,54.599999999999994,0.649,0.0,0.0,1.98,6.180000000000001,10.2,3.8,65.0,4.022,6.9,0.0,7.000000000000001,0.64,0.0,0.0,254.0,69.0,464.0,283.0,767.0,0.8927400000000001,0.91585,1.31
2024,Аршалынский,Зерновые и бобовые,51.35,70.9,120.0,1.3199999999999998,3.8600000000000003,9.940000000000001,15.27,28.8,66.2,3.886,9.63,0.0,49.4,0.853,0.0,0.0,7.75,13.719999999999999,19.169999999999998,15.5,60.9,3.874,7.75,0.0,87.2,0.8150000000000001,0.0,0.0,5.672727272727273,10.527272727272727,15.363636363636363,51.6,74.54545454545455,4.71,9.07,0.0,61.5,0.829090909090909,0.0,0.0,12.07,18.16,23.8,29.2,67.8,3.255,7.38,0.0,131.6,0.8219999999999998,0.0,0.0,14.41,20.41,25.6,9.6,66.6,3.283,7.92,0.0,154.1,0.793,0.0,0.0,15.959999999999999,22.0,27.98,11.299999999999999,59.8,3.4629999999999996,7.5,0.0,170.0,0.733,0.0,0.0,14.24,18.69,23.23,21.8,73.5,3.534,7.19,0.0,136.9,0.705,0.0,0.0,16.1,21.43,26.189999999999998,27.2,70.8,2.981,5.39,0.0,164.3,0.692,0.0,0.0,14.654545454545456,20.572727272727274,26.072727272727274,11.899999999999999,66.27272727272727,3.286363636363636,6.86,0.0,171.3,0.6754545454545454,0.0,0.0,15.820000000000002,20.880000000000003,26.24,117.5,66.9,3.037,8.05,0.0,158.8,0.653,0.0,0.0,12.120000000000001,16.84,21.98,34.599999999999994,73.3,3.196,8.1,0.0,118.39999999999999,0.679,0.0,0.0,10.363636363636363,14.590909090909092,19.054545454545455,15.799999999999999,78.0909090909091,3.151818181818182,7.69,0.0,105.5,0.6772727272727272,0.0,0.0,6.82,11.379999999999999,15.690000000000001,17.5,78.3,3.593,6.9,0.0,63.8,0.676,0.0,0.0,6.470000000000001,11.26,16.119999999999997,1.6,68.0,4.2170000000000005,7.57,0.0,62.6,0.674,0.0,0.0,2.66,9.14,15.180000000000001,0.4,61.0,2.9,7.3,0.0,41.699999999999996,0.662,0.0,0.0,2.91,9.89,16.990000000000002,0.0,49.9,2.984,7.08,0.0,48.9,0.65,0.0,0.0,-4.24,-1.1,2.5,12.0,73.0,5.642,7.45,0.0,0.09999999999999964,0.65,0.0,0.0,254.0,69.0,464.0,283.0,767.0,0.54,0.8927400000000001,0.91585
2025,Аршалынский,Зерновые и бобовые,51.35,70.9,120.0,1.33,8.4,15.7,22.41,0.8,48.9,3.649,8.75,0.0,107.0,0.784,0.0,0.0,12.709999999999999,19.25,25.47,40.5,56.0,3.7009999999999996,10.52,0.0,142.5,0.753,0.0,0.0,9.718181818181817,15.70909090909091,21.12727272727273,5.5,59.0,3.6609090909090907,10.52,0.0,117.8,0.7354545454545455,0.0,0.0,13.470000000000002,19.4,24.61,20.900000000000002,59.5,3.276,7.98,0.0,144.0,0.702,0.0,0.0,16.880000000000003,23.09,28.560000000000002,8.1,56.6,3.242,9.02,0.0,180.9,0.664,0.0,0.0,13.05,17.82,22.39,58.4,66.0,3.7980000000000005,10.59,0.0,128.20000000000002,0.649,0.0,0.0,15.030000000000001,20.85,26.060000000000002,25.799999999999997,61.9,2.992,8.18,0.0,158.5,0.631,0.0,0.0,13.969999999999999,19.81,25.36,2.6,58.9,2.827,8.0,0.0,148.1,0.606,0.0,0.0,15.009090909090908,20.436363636363637,25.90909090909091,49.199999999999996,63.09090909090909,2.850909090909091,7.41,0.0,169.8,0.6063636363636363,0.0,0.0,11.93,17.09,22.28,8.7,64.4,3.307,6.54,0.0,120.9,0.628,0.0,0.0,12.42,17.47,22.89,37.6,69.7,3.743,8.88,0.0,124.7,0.644,0.0,0.0,12.445454545454545,18.21818181818182,23.58181818181818,5.2,58.54545454545455,3.280909090909091,8.42,0.0,145.4,0.629090909090909,0.0,0.0,10.0,15.5,20.509999999999998,6.299999999999999,62.9,3.679,7.86,0.0,105.0,0.621,0.0,0.0,7.220000000000001,11.78,16.45,8.9,65.7,3.601,7.07,0.0,67.8,0.642,0.0,0.0,6.460000000000001,11.760000000000002,17.55,3.0,65.6,3.08,7.54,0.0,72.8,0.638,0.0,0.0,-2.37,3.2700000000000005,8.83,0.4,61.9,2.891,8.44,0.0,1.0,0.639,0.0,0.0,-4.74,-0.96,3.28,0.0,63.2,5.014,7.62,0.0,0.0,0.63,0.0,0.0,254.0,69.0,464.0,283.0,767.0,1.3199999999999998,0.54,0.8927400000000001
1991,Атбасарский,Пшеница,51.8,68.35,200.0,0.74,5.09,13.02,20.29,0.0,43.5,3.468,7.83,0.0,82.2,0.65,0.0,0.0,8.559999999999999,14.73,20.169999999999998,4.1,49.7,3.3879999999999995,8.04,0.0,97.3,0.638,0.0,0.0,11.181818181818182,18.39090909090909,24.327272727272728,0.4,35.36363636363637,4.03090909090909,6.82,0.09090909090909091,147.3,0.62,0.0,0.0,17.43,23.91,29.23,0.6,32.3,3.9910000000000005,7.81,0.1,189.1,0.607,0.0,0.0,17.06,23.31,28.32,2.0,40.7,3.3259999999999996,8.61,0.1,183.1,0.6,0.0,0.0,15.709999999999999,22.09,27.05,11.0,47.6,3.3600000000000003,6.29,0.0,170.9,0.603,0.0,0.0,15.51,21.22,25.48,1.4,45.7,3.173,6.39,0.0,162.2,0.6,0.0,0.0,14.930000000000001,19.84,24.59,33.2,63.3,3.141,6.43,0.0,148.4,0.603,0.0,0.0,17.018181818181816,22.28181818181818,26.818181818181817,7.5,62.72727272727273,2.9472727272727273,5.05,0.0,190.1,0.619090909090909,0.0,0.0,11.5,16.2,20.740000000000002,10.7,56.5,4.8020000000000005,9.84,0.0,112.0,0.609,0.0,0.0,11.2,15.38,20.04,10.5,69.4,3.4200000000000004,7.24,0.0,103.80000000000001,0.611,0.0,0.0,12.072727272727274,18.536363636363635,24.345454545454547,0.1,50.0,2.8318181818181816,6.27,0.0,148.9,0.6036363636363636,0.0,0.0,13.37,18.32,23.23,9.9,51.3,4.261,9.65,0.0,133.2,0.602,0.0,0.0,7.5,12.540000000000001,17.85,5.5,53.2,3.841,7.7,0.0,75.4,0.6,0.0,0.0,8.45,13.330000000000002,18.880000000000003,8.9,60.5,3.218,7.47,0.0,83.3,0.606,0.0,0.0,3.91,8.49,13.370000000000001,0.1,56.9,3.351,7.29,0.0,39.1,0.607,0.0,0.0,1.06,4.3,7.540000000000001,3.1,61.6,3.724,5.7,0.0,3.2,0.608,0.0,0.0,,,,,,,,
1992,Атбасарский,Пшеница,51.8,68.35,200.0,1.6,0.38999999999999996,6.1899999999999995,11.559999999999999,8.299999999999999,60.0,3.8129999999999997,8.59,0.0,27.6,0.662,0.0,0.0,10.47,18.57,25.59,3.3000000000000003,48.4,2.795,6.8,0.0,135.7,0.642,0.0,0.0,5.4363636363636365,11.299999999999999,16.37272727272727,10.4,58.72727272727273,3.5109090909090908,8.13,0.0,69.3,0.6445454545454545,0.0,0.0,7.5,13.2,18.2,41.800000000000004,66.4,4.21,9.73,0.0,82.2,0.656,0.0,0.0,9.129999999999999,14.809999999999999,19.869999999999997,22.6,64.2,2.982,5.72,0.0,98.1,0.651,0.0,0.0,14.469999999999999,20.53,25.98,9.8,55.3,3.437,6.89,0.0,155.3,0.626,0.0,0.0,13.39,19.66,24.9,0.6,48.1,3.8600000000000003,7.78,0.0,146.6,0.617,0.0,0.0,16.23,21.6,27.110000000000003,23.0,59.9,3.682,7.03,0.0,166.0,0.605,0.0,0.0,12.927272727272726,17.918181818181818,22.318181818181817,24.599999999999998,70.0,3.2481818181818185,6.87,0.0,142.1,0.620909090909091,0.0,0.0,13.88,19.54,25.240000000000002,11.9,61.5,2.715,5.47,0.0,145.4,0.618,0.0,0.0,11.91,16.18,20.65,25.7,72.2,3.1559999999999997,7.28,0.0,111.8,0.639,0.0,0.0,11.172727272727274,14.163636363636364,17.563636363636363,16.6,69.54545454545455,3.899090909090909,7.85,0.0,100.8,0.6272727272727273,0.0,0.0,9.01,13.45,18.02,10.600000000000001,70.1,3.681,8.68,0.0,84.5,0.624,0.0,0.0,4.279999999999999,8.690000000000001,13.430000000000001,0.3,64.6,3.223,6.19,0.0,36.9,0.614,0.0,0.0,1.47,5.55,10.02,7.6,66.0,2.931,6.04,0.0,10.2,0.617,0.0,0.0,1.81,5.7299999999999995,9.82,1.5999999999999999,60.5,4.115,8.36,0.0,13.0,0.621,0.0,0.0,5.08,8.1,12.5,3.4,62.8,4.726000000000001,8.43,0.0,19.3,0.62,0.0,0.0,,,,,,0.74,,
1993,Атбасарский,Пшеница,51.8,68.35,200.0,1.04,-0.13999999999999996,6.470000000000001,13.180000000000001,16.900000000000002,63.0,4.289,10.51,0.0,32.0,0.706,0.0,0.0,6.4,13.89,20.669999999999998,2.3,49.5,3.599,8.63,0.0,88.9,0.6900000000000001,0.0,0.0,7.054545454545454,12.454545454545455,17.28181818181818,14.1,52.0,4.376363636363636,10.49,0.0,82.0,0.6663636363636364,0.0,0.0,10.629999999999999,16.35,21.490000000000002,21.6,70.7,2.206,5.28,0.0,113.5,0.6839999999999999,0.0,0.0,12.190000000000001,17.0,21.43,33.4,64.1,3.6710000000000003,7.64,0.0,120.0,0.667,0.0,0.0,15.169999999999998,20.31,24.97,25.4,69.5,3.247,7.18,0.0,153.1,0.646,0.0,0.0,16.369999999999997,20.95,25.56,13.3,64.3,4.413,7.74,0.0,159.5,0.63,0.0,0.0,16.45,21.66,26.74,18.1,68.2,2.8600000000000003,7.49,0.0,166.6,0.63,0.0,0.0,14.018181818181818,18.21818181818182,22.163636363636364,35.8,70.72727272727273,3.4472727272727273,8.9,0.0,145.4,0.6418181818181818,0.0,0.0,12.98,18.830000000000002,23.79,1.1,61.3,2.462,5.25,0.0,138.3,0.631,0.0,0.0,15.24,20.509999999999998,25.85,22.299999999999997,57.4,3.336,8.25,0.0,155.1,0.614,0.0,0.0,12.363636363636363,16.918181818181818,21.745454545454546,31.000000000000004,67.72727272727273,4.1463636363636365,10.95,0.0,131.1,0.66,0.0,0.0,7.19,11.209999999999999,15.45,1.1,59.7,3.749,8.5,0.0,62.1,0.657,0.0,0.0,6.3,10.6,15.2,14.799999999999999,60.7,4.348,9.01,0.0,56.0,0.65,0.0,0.0,1.6800000000000002,4.9799999999999995,8.17,16.400000000000002,69.4,4.483,8.4,0.0,14.5,0.66,0.0,0.0,0.8699999999999999,4.3,8.21,3.5,71.4,3.6730000000000005,9.15,0.0,6.800000000000001,0.66,0.0,0.0,1.7599999999999998,6.459999999999999,12.9,0.0,59.6,3.364,5.38,0.0,10.799999999999999,0.656,0.0,0.0,,,,,,1.6,0.74,
1994,Атбасарский,Пшеница,51.8,68.35,200.0,0.7,8.52,15.27,21.32,7.3999999999999995,54.7,3.745,10.33,0.0,102.7,0.688,0.0,0.0,4.2700000000000005,9.76,15.0,27.9,69.3,4.164,10.12,0.0,47.7,0.708,0.0,0.0,8.509090909090908,15.290909090909093,21.7,3.4,46.63636363636363,3.99,9.43,0.0,113.2,0.6709090909090909,0.0,0.0,13.680000000000001,20.09,25.910000000000004,1.6,40.0,4.708,7.16,0.3,150.9,0.639,0.0,0.0,15.3,23.07,28.82,1.8,36.0,2.915,6.65,0.0,180.7,0.617,0.0,0.0,16.419999999999998,22.74,28.3,13.899999999999999,49.2,3.5769999999999995,8.13,0.0,177.39999999999998,0.609,0.0,0.0,15.919999999999998,20.9,25.830000000000002,12.2,55.6,3.6399999999999997,7.3,0.0,159.0,0.624,0.0,0.0,12.89,15.99,19.35,25.3,75.5,3.568,7.92,0.0,109.9,0.644,0.0,0.0,13.563636363636363,18.09090909090909,22.836363636363636,35.0,69.0,3.196363636363636,7.56,0.0,144.0,0.6372727272727272,0.0,0.0,13.180000000000001,18.46,23.53,8.399999999999999,72.5,2.734,5.85,0.0,134.6,0.648,0.0,0.0,14.780000000000001,18.89,23.22,17.7,72.0,2.8899999999999997,5.82,0.0,138.9,0.648,0.0,0.0,10.336363636363636,14.436363636363637,18.62727272727273,6.800000000000001,66.63636363636364,3.5127272727272727,6.33,0.0,103.8,0.6381818181818182,0.0,0.0,6.57,11.959999999999999,16.64,3.4000000000000004,60.0,3.5620000000000003,6.61,0.0,69.6,0.637,0.0,0.0,5.5200000000000005,9.3,13.75,23.7,70.2,4.306,7.76,0.0,44.5,0.641,0.0,0.0,7.140000000000001,12.459999999999999,17.8,5.1000000000000005,58.8,3.696,8.24,0.0,74.6,0.641,0.0,0.0,4.79,9.6,15.24,0.8,61.3,2.567,5.91,0.0,46.0,0.63,0.0,0.0,0.24000000000000005,4.96,10.42,0.0,53.4,3.1,5.28,0.0,3.7,0.626,0.0,0.0,,,,,,1.04,1.6,0.74
1995,Атбасарский,Пшеница,51.8,68.35,200.0,0.64,7.19,13.45,19.18,24.8,59.1,3.6729999999999996,8.06,0.0,84.5,0.662,0.0,0.0,5.61,12.41,18.0,12.200000000000001,56.5,3.6950000000000003,8.9,0.0,74.1,0.665,0.0,0.0,8.354545454545455,13.672727272727274,18.62727272727273,4.3,53.09090909090909,3.880909090909091,8.18,0.0,95.4,0.6445454545454545,0.0,0.0,7.15,13.66,19.32,18.0,59.5,4.05,10.11,0.0,86.6,0.64,0.0,0.0,13.37,20.130000000000003,25.689999999999998,0.8,52.3,2.895,6.08,0.0,151.3,0.631,0.0,0.0,16.4,23.18,28.839999999999996,3.9,44.4,3.278,7.59,0.0,181.8,0.61,0.0,0.0,19.169999999999998,23.54,27.75,54.4,61.3,3.8630000000000004,7.83,0.0,185.4,0.63,0.0,0.0,14.559999999999999,19.619999999999997,24.39,7.2,55.8,3.625,8.27,0.0,146.2,0.627,0.0,0.0,16.563636363636363,22.71818181818182,27.936363636363637,2.4,50.27272727272727,3.1981818181818182,6.5,0.0,194.9,0.6081818181818182,0.0,0.0,16.7,22.36,27.65,6.3,46.0,3.348,6.94,0.0,173.6,0.605,0.0,0.0,15.430000000000001,21.33,26.5,0.2,42.7,3.9799999999999995,8.15,0.0,163.29999999999998,0.6,0.0,0.0,12.890909090909092,17.8,22.60909090909091,2.4,50.45454545454545,3.238181818181818,7.4,0.0,140.8,0.6045454545454545,0.0,0.0,10.370000000000001,16.77,22.29,0.0,51.5,2.542,5.25,0.0,117.69999999999999,0.611,0.0,0.0,7.62,12.8,17.669999999999998,14.6,54.1,3.401,8.07,0.0,79.0,0.611,0.0,0.0,4.34,8.47,12.819999999999999,15.400000000000002,66.0,3.7979999999999996,9.42,0.0,34.7,0.626,0.0,0.0,3.5700000000000003,9.43,16.34,0.0,62.1,3.113,5.82,0.0,44.3,0.623,0.0,0.0,4.180000000000001,7.4,10.440000000000001,14.899999999999999,67.0,5.526,11.3,0.0,15.2,0.622,0.0,0.0,,,,,,0.7,1.04,1.6
1996,Атбасарский,Пшеница,51.8,68.35,200.0,0.58,3.7299999999999995,12.08,19.68,4.2,66.1,2.887,9.52,0.0,72.5,0.701,0.0,0.0,7.859999999999999,15.41,22.55,8.399999999999999,50.1,4.296,8.77,0.0,104.1,0.671,0.0,0.0,4.963636363636364,11.045454545454545,16.099999999999998,6.8,50.18181818181818,3.880909090909091,9.63,0.0,66.5,0.6518181818181819,0.0,0.0,13.23,20.35,26.27,1.8,45.8,3.2129999999999996,7.99,0.0,153.5,0.627,0.0,0.0,13.969999999999999,19.490000000000002,24.73,15.1,59.5,4.143,8.29,0.0,144.9,0.638,0.0,0.0,16.990000000000002,23.15,28.339999999999996,2.3000000000000003,45.5,3.632,7.11,0.0,181.5,0.617,0.0,0.0,14.930000000000001,20.35,25.27,19.0,58.2,3.19,7.72,0.0,153.5,0.61,0.0,0.0,14.319999999999999,19.48,24.09,24.900000000000002,71.1,3.62,7.91,0.0,144.8,0.614,0.0,0.0,17.345454545454547,23.081818181818182,27.981818181818184,2.9,51.90909090909091,3.2981818181818183,6.04,0.0,198.9,0.6027272727272727,0.0,0.0,15.3,21.43,27.15,8.3,50.5,3.3549999999999995,8.23,0.0,164.3,0.601,0.0,0.0,9.620000000000001,14.330000000000002,18.490000000000002,9.399999999999999,62.4,2.8850000000000002,6.3,0.0,93.3,0.609,0.0,0.0,8.69090909090909,13.172727272727274,17.69090909090909,22.6,62.0,3.938181818181818,7.92,0.0,89.9,0.6163636363636363,0.0,0.0,8.540000000000001,14.1,20.0,1.0,55.5,2.628,6.28,0.0,91.0,0.615,0.0,0.0,9.02,12.809999999999999,16.830000000000002,6.6,62.9,3.2329999999999997,8.13,0.0,78.1,0.614,0.0,0.0,4.09,7.57,10.68,35.3,61.7,3.8,7.22,0.0,31.2,0.613,0.0,0.0,0.22000000000000003,5.04,10.24,6.9,71.2,3.6719999999999997,7.35,0.0,13.3,0.634,0.0,0.0,5.08,7.040000000000001,9.4,12.799999999999999,78.6,3.502,7.11,0.0,11.0,0.64,0.0,0.0,,,,,,0.64,0.7,1.04
1997,Атбасарский,Пшеница,51.8,68.35,200.0,0.49,6.65,11.620000000000001,15.87,18.4,65.0,4.081,9.77,0.0,66.2,0.6849999999999999,0.0,0.0,6.5,11.55,16.3,26.5,65.6,3.4050000000000002,7.08,0.0,65.5,0.695,0.0,0.0,12.618181818181819,19.88181818181818,25.972727272727273,2.1,53.72727272727273,2.860909090909091,7.58,0.0,163.7,0.660909090909091,0.0,0.0,12.1,19.169999999999998,25.36,0.5,36.7,3.8200000000000003,8.02,0.0,141.7,0.628,0.0,0.0,13.91,20.21,26.360000000000003,15.7,45.7,3.8950000000000005,8.92,0.0,152.1,0.615,0.0,0.0,15.25,21.28,26.439999999999998,2.6,49.1,3.7950000000000004,7.63,0.0,162.8,0.609,0.0,0.0,15.569999999999999,20.91,26.660000000000004,36.5,55.1,3.8379999999999996,7.53,0.0,159.1,0.615,0.0,0.0,14.48,19.330000000000002,23.81,2.3,52.3,3.7979999999999996,5.97,0.0,143.3,0.617,0.0,0.0,13.563636363636363,19.2,23.954545454545453,7.0,44.72727272727273,3.4299999999999997,7.13,0.0,156.2,0.6036363636363636,0.0,0.0,15.429999999999998,20.94,26.1,3.5,48.5,3.879,7.69,0.0,159.4,0.6,0.0,0.0,14.85,20.63,26.139999999999997,0.9,43.4,3.4479999999999995,8.37,0.0,156.29999999999998,0.6,0.0,0.0,10.918181818181818,16.12727272727273,20.945454545454545,2.5,52.0,3.99,7.56,0.0,122.4,0.6018181818181818,0.0,0.0,5.21,10.48,15.5,7.6,58.9,2.897,7.39,0.0,54.8,0.61,0.0,0.0,9.68,15.01,20.36,2.8,49.7,3.6420000000000003,6.53,0.0,100.1,0.605,0.0,0.0,9.059999999999999,14.77,21.009999999999998,2.6,45.8,3.6590000000000003,6.4,0.0,97.7,0.609,0.0,0.0,8.55,13.219999999999999,18.5,8.9,42.3,4.215999999999999,9.77,0.0,82.2,0.603,0.0,0.0,4.32,8.72,13.719999999999999,1.5,77.0,4.174,10.54,0.0,18.6,0.618,0.0,0.0,,,,,,0.58,0.64,0.7
1998,Атбасарский,Пшеница,51.8,68.35,200.0,0.27,3.47,10.47,16.84,5.6,54.7,3.7630000000000003,8.91,0.0,62.8,0.6859999999999999,0.0,0.0,3.29,8.98,14.2,6.6,55.6,4.771,10.25,0.0,43.5,0.674,0.0,0.0,10.445454545454545,18.89090909090909,25.59090909090909,0.5,42.54545454545455,3.2781818181818183,8.22,0.0,152.8,0.6481818181818182,0.0,0.0,13.209999999999999,20.73,26.639999999999997,3.0,38.2,3.309,6.86,0.0,157.3,0.624,0.0,0.0,16.97,23.630000000000003,29.089999999999996,2.6999999999999997,49.8,3.9200000000000004,6.36,0.0,186.3,0.624,0.0,0.0,17.16,22.95,28.869999999999997,15.8,53.9,3.066,8.22,0.0,179.5,0.605,0.0,0.0,17.869999999999997,23.990000000000002,29.98,6.1000000000000005,51.8,3.56,6.95,0.0,189.9,0.617,0.0,0.0,18.89,24.03,28.439999999999998,14.8,58.5,3.254,6.48,0.0,190.3,0.605,0.0,0.0,19.763636363636365,25.94545454545454,31.236363636363638,0.6000000000000001,38.09090909090909,4.740909090909091,7.72,0.09090909090909091,230.4,0.6018181818181818,0.0,0.0,22.009999999999998,28.3,33.75,1.7000000000000002,35.6,3.0460000000000003,6.81,0.2,233.0,0.6,0.0,0.0,15.35,20.380000000000003,25.11,5.3,50.1,2.9560000000000004,6.22,0.0,153.8,0.6,0.0,0.0,14.7,20.927272727272726,26.5,1.0,38.72727272727273,3.2899999999999996,7.32,0.0,175.2,0.6,0.0,0.0,10.03,14.030000000000001,18.080000000000002,20.3,57.6,3.428,8.77,0.0,90.3,0.6,0.0,0.0,5.21,12.08,19.07,0.0,43.6,2.822,6.61,0.0,70.8,0.6,0.0,0.0,3.6,8.36,12.99,0.5,49.5,4.003,11.06,0.0,33.800000000000004,0.6,0.0,0.0,1.8099999999999998,5.35,9.59,11.9,56.3,5.571,11.14,0.0,20.799999999999997,0.61,0.0,0.0,3.56,6.5200000000000005,9.559999999999999,4.3,64.4,5.068,8.31,0.0,8.2,0.616,0.0,0.0,,,,,,0.49,0.58,0.64
1999,Атбасарский,Пшеница,51.8,68.35,200.0,1.31,4.2,11.07,17.16,25.799999999999997,55.7,3.713,9.18,0.0,62.0,0.66,0.0,0.0,6.85,14.219999999999999,20.64,5.2,44.8,4.595000000000001,12.38,0.0,92.2,0.649,0.0,0.0,9.427272727272728,16.12727272727273,21.672727272727272,8.7,54.27272727272727,3.2899999999999996,7.63,0.0,122.4,0.6281818181818182,0.0,0.0,11.08,16.330000000000002,21.009999999999998,16.400000000000002,57.1,4.08,9.82,0.0,113.3,0.628,0.0,0.0,7.81,12.73,17.31,29.9,61.4,3.6079999999999997,9.57,0.0,77.3,0.626,0.0,0.0,12.61,16.69,20.95,49.9,72.7,4.3020000000000005,8.06,0.0,116.9,0.6799999999999999,0.0,0.0,16.6,22.22,27.589999999999996,14.2,54.5,3.719,6.36,0.0,172.2,0.633,0.0,0.0,14.95,19.009999999999998,23.45,54.5,73.5,3.4909999999999997,8.46,0.0,140.1,0.637,0.0,0.0,16.254545454545454,22.227272727272727,27.19090909090909,1.4,65.54545454545455,2.8127272727272725,4.79,0.0,189.5,0.6236363636363637,0.0,0.0,14.940000000000001,19.65,24.41,3.6,59.8,3.618,8.77,0.0,146.5,0.611,0.0,0.0,13.66,20.03,25.889999999999997,27.599999999999998,56.1,2.739,6.73,0.0,150.3,0.615,0.0,0.0,13.409090909090908,20.027272727272727,26.318181818181817,0.0,43.09090909090909,3.4009090909090913,8.16,0.0,165.29999999999998,0.6,0.0,0.0,8.91,13.219999999999999,17.720000000000002,15.0,65.0,4.114,8.68,0.0,82.2,0.612,0.0,0.0,11.79,16.66,22.16,1.7999999999999998,52.8,3.1420000000000003,8.9,0.1,116.6,0.609,0.0,0.0,5.33,9.42,13.87,3.5999999999999996,63.2,2.789,6.23,0.0,44.2,0.61,0.0,0.0,8.690000000000001,12.4,17.3,2.8000000000000003,69.5,3.012,5.66,0.0,74.0,0.607,0.0,0.0,5.46,10.879999999999999,16.8,1.0,56.2,3.436,7.42,0.0,29.4,0.6,0.0,0.0,,,,,,0.27,0.49,0.58
2000,Атбасарский,Пшеница,51.8,68.35,200.0,0.64,2.96,8.4,13.48,15.2,58.8,4.464,11.31,0.0,35.1,0.664,0.0,0.0,6.26,11.379999999999999,16.369999999999997,9.1,56.3,4.386,11.32,0.0,63.8,0.655,0.0,0.0,7.545454545454546,12.727272727272727,17.5,28.8,69.81818181818181,3.72,8.28,0.0,85.0,0.6527272727272728,0.0,0.0,10.190000000000001,15.209999999999999,20.35,24.8,69.3,3.8229999999999995,8.3,0.0,102.1,0.659,0.0,0.0,14.14,20.47,25.41,2.6,56.7,3.429,7.86,0.0,154.7,0.637,0.0,0.0,18.98,24.25,29.54,21.2,55.5,3.8519999999999994,9.4,0.0,192.5,0.613,0.0,0.0,14.319999999999999,19.93,25.09,8.5,53.8,3.55,8.04,0.0,149.3,0.613,0.0,0.0,14.819999999999999,20.35,25.25,8.4,56.6,4.029999999999999,7.14,0.0,153.5,0.613,0.0,0.0,16.254545454545454,22.654545454545453,28.318181818181817,5.699999999999999,48.09090909090909,2.85,6.74,0.0,194.2,0.6018181818181818,0.0,0.0,17.529999999999998,23.330000000000002,28.79,0.5,48.3,3.71,9.86,0.0,183.3,0.6,0.0,0.0,14.85,20.5,25.889999999999997,7.8,43.6,2.872,6.93,0.0,155.0,0.6,0.0,0.0,12.054545454545455,16.37272727272727,20.736363636363635,16.5,59.09090909090909,3.4172727272727275,6.54,0.0,125.1,0.6081818181818182,0.0,0.0,11.58,18.880000000000003,26.080000000000002,0.0,34.0,3.6340000000000003,6.06,0.3,138.8,0.6,0.0,0.0,8.809999999999999,12.59,16.97,8.799999999999999,57.8,4.4990000000000006,9.9,0.0,75.9,0.602,0.0,0.0,1.05,4.26,7.4,16.8,66.5,4.953,8.17,0.0,7.300000000000001,0.615,0.0,0.0,-1.06,1.35,4.21,6.4,70.8,3.539,6.69,0.0,1.0,0.624,0.0,0.0,-2.72,0.31999999999999995,3.78,0.5,78.0,2.666,3.81,0.0,0.0,0.62,0.0,0.0,,,,,,1.31,0.27,0.49
2001,Атбасарский,Пшеница,51.8,68.35,200.0,1.0699999999999998,7.709999999999999,15.77,23.14,3.6999999999999997,50.0,3.224,8.65,0.0,107.7,0.6910000000000001,0.0,0.0,7.890000000000001,15.040000000000001,21.21,11.5,52.1,3.844,7.67,0.0,100.4,0.67,0.0,0.0,13.263636363636364,20.536363636363635,27.29090909090909,4.9,43.36363636363637,3.075454545454545,7.72,0.0,170.9,0.6481818181818182,0.0,0.0,11.28,16.12,20.53,27.9,56.9,4.057,8.2,0.0,111.2,0.642,0.0,0.0,12.77,18.68,23.75,8.9,54.1,3.101,6.67,0.0,136.8,0.636,0.0,0.0,14.969999999999999,21.05,26.45,2.5,44.9,4.369,8.25,0.0,160.5,0.614,0.0,0.0,12.1,16.32,20.55,43.9,66.5,4.032,9.65,0.0,113.2,0.636,0.0,0.0,13.3,17.79,21.89,27.4,71.7,3.245,9.04,0.0,127.9,0.65,0.0,0.0,14.20909090909091,19.90909090909091,24.89090909090909,6.0,58.0,3.0845454545454545,6.35,0.0,164.0,0.6281818181818182,0.0,0.0,16.28,20.990000000000002,25.79,20.7,57.0,3.6710000000000003,6.44,0.0,159.9,0.618,0.0,0.0,13.790000000000001,18.78,23.46,16.1,63.1,3.5140000000000002,7.08,0.0,137.8,0.63,0.0,0.0,10.281818181818181,14.254545454545456,18.2,32.0,69.18181818181819,3.5681818181818183,8.26,0.0,101.8,0.65,0.0,0.0,9.89,13.959999999999999,18.5,4.1,63.4,3.9219999999999997,6.72,0.0,89.6,0.648,0.0,0.0,4.279999999999999,7.75,11.25,14.299999999999999,72.5,3.6109999999999998,7.68,0.0,27.5,0.644,0.0,0.0,5.05,9.959999999999999,14.89,5.3,63.6,3.121,9.46,0.0,50.6,0.644,0.0,0.0,3.9799999999999995,6.93,10.09,38.0,68.4,4.254,10.44,0.0,23.1,0.6639999999999999,0.0,0.0,1.12,5.16,9.1,2.3,69.6,4.79,8.86,0.0,3.2,0.6839999999999999,0.0,0.0,,,,,,0.64,1.31,0.27
2002,Атбасарский,Пшеница,51.8,68.35,200.0,0.86,2.15,9.83,16.34,2.4000000000000004,57.2,2.9859999999999998,6.82,0.0,48.3,0.752,0.0,0.0,5.92,12.3,17.55,4.9,55.5,4.255,8.41,0.0,73.1,0.729,0.0,0.0,6.836363636363637,11.70909090909091,16.12727272727273,34.8,61.72727272727273,4.815454545454545,12.78,0.0,73.8,0.7127272727272728,0.0,0.0,8.86,15.66,21.04,13.7,60.6,3.279,7.32,0.0,106.6,0.6910000000000001,0.0,0.0,11.9,17.669999999999998,22.53,8.600000000000001,60.2,2.795,6.48,0.0,126.7,0.675,0.0,0.0,13.45,18.19,22.39,35.3,69.0,3.275,8.73,0.0,131.9,0.673,0.0,0.0,14.180000000000001,19.509999999999998,24.16,13.4,68.3,3.17,6.07,0.0,145.1,0.663,0.0,0.0,13.919999999999998,19.43,24.330000000000002,16.9,62.5,3.072,5.97,0.0,144.3,0.635,0.0,0.0,14.381818181818183,19.818181818181817,24.636363636363637,1.7000000000000002,57.63636363636363,3.4299999999999997,6.3,0.0,163.0,0.6263636363636363,0.0,0.0,17.130000000000003,23.69,29.869999999999997,9.4,51.6,3.467,9.01,0.0,186.9,0.61,0.0,0.0,12.68,18.16,23.32,5.300000000000001,57.9,3.5170000000000003,7.78,0.0,131.6,0.61,0.0,0.0,10.118181818181817,14.609090909090908,19.599999999999998,19.599999999999998,62.90909090909091,3.521818181818182,8.51,0.0,105.7,0.6181818181818182,0.0,0.0,9.85,15.6,21.27,5.6,61.4,3.271,7.96,0.0,106.0,0.615,0.0,0.0,6.85,13.98,21.03,0.0,34.9,3.65,7.99,0.1,89.8,0.607,0.0,0.0,10.08,14.809999999999999,20.34,4.0,49.4,4.11,8.92,0.0,98.1,0.603,0.0,0.0,3.5799999999999996,8.15,13.680000000000001,5.300000000000001,53.6,4.583,11.18,0.0,32.699999999999996,0.61,0.0,0.0,-1.52,1.4000000000000001,3.56,11.600000000000001,69.8,4.6259999999999994,10.22,0.0,6.000000000000001,0.61,0.0,0.0,,,,,,1.0699999999999998,0.64,1.31
2003,Атбасарский,Пшеница,51.8,68.35,200.0,1.01,6.1,12.09,17.47,9.6,68.2,3.571,8.85,0.0,70.9,0.68,0.0,0.0,10.97,18.25,25.0,3.8,51.4,2.992,6.82,0.0,132.5,0.654,0.0,0.0,9.963636363636363,15.654545454545454,21.245454545454546,39.4,64.54545454545455,3.786363636363636,8.26,0.0,117.2,0.6627272727272727,0.0,0.0,10.67,15.3,19.65,44.5,72.0,4.061,8.27,0.0,103.0,0.672,0.0,0.0,12.16,17.2,21.81,24.9,66.5,3.686,7.44,0.0,122.0,0.672,0.0,0.0,14.05,19.91,24.759999999999998,4.6,55.6,3.975,8.63,0.0,149.1,0.644,0.0,0.0,16.85,21.29,25.919999999999998,52.8,71.6,2.745,5.41,0.0,162.9,0.639,0.0,0.0,12.28,17.14,21.09,6.6000000000000005,63.9,2.898,5.96,0.0,121.4,0.633,0.0,0.0,11.681818181818182,16.845454545454547,21.272727272727273,5.1,60.09090909090909,3.3845454545454543,7.65,0.0,130.3,0.630909090909091,0.0,0.0,15.309999999999999,21.02,26.139999999999997,4.3,58.5,2.856,6.28,0.0,160.2,0.618,0.0,0.0,18.45,24.12,29.45,7.4,54.2,2.2190000000000003,4.3,0.0,191.20000000000002,0.608,0.0,0.0,16.045454545454547,22.536363636363635,28.227272727272727,0.1,42.90909090909091,3.2245454545454546,6.77,0.0,192.9,0.6009090909090908,0.0,0.0,15.219999999999999,22.31,29.35,0.2,38.9,3.2,8.01,0.0,173.1,0.6,0.0,0.0,9.91,13.709999999999999,17.94,11.3,56.7,3.406,6.4,0.0,87.1,0.609,0.0,0.0,4.21,8.02,12.290000000000001,11.8,61.3,3.437,7.37,0.0,30.200000000000003,0.617,0.0,0.0,0.27,6.2,12.84,0.0,55.6,2.545,4.04,0.0,16.400000000000002,0.611,0.0,0.0,-1.6,4.2,11.22,0.0,40.6,2.82,4.41,0.0,0.0,0.61,0.0,0.0,,,,,,0.86,1.0699999999999998,0.64
2004,Атбасарский,Пшеница,51.8,68.35,200.0,0.58,3.8200000000000003,10.85,16.93,2.0,49.8,3.9019999999999997,9.32,0.0,58.5,0.683,0.0,0.0,12.65,20.71,27.72,2.9,37.9,3.7600000000000002,8.1,0.3,157.1,0.652,0.0,0.0,10.645454545454545,17.045454545454547,22.572727272727274,6.699999999999999,44.36363636363637,3.860909090909091,6.8,0.0,132.5,0.6436363636363637,0.0,0.0,12.02,19.029999999999998,24.66,8.2,38.1,3.95,10.34,0.1,140.29999999999998,0.624,0.0,0.0,16.5,22.830000000000002,28.29,1.2000000000000002,37.8,4.338,8.99,0.1,178.3,0.61,0.0,0.0,15.16,20.380000000000003,25.03,5.800000000000001,49.9,3.9810000000000003,6.99,0.0,153.8,0.606,0.0,0.0,14.559999999999999,19.56,23.8,13.3,55.1,3.098,7.39,0.0,145.6,0.612,0.0,0.0,17.03,23.32,28.25,0.5,48.3,3.3049999999999997,6.15,0.0,183.2,0.604,0.0,0.0,17.754545454545454,23.527272727272727,28.327272727272724,18.7,46.36363636363637,2.6890909090909094,5.94,0.0,203.8,0.6009090909090908,0.0,0.0,13.09,17.0,21.21,59.5,69.7,3.9230000000000005,7.91,0.0,120.0,0.623,0.0,0.0,14.95,21.0,26.45,0.0,48.7,3.059,5.73,0.0,160.0,0.606,0.0,0.0,12.090909090909092,18.09090909090909,23.481818181818184,1.9000000000000001,53.81818181818182,3.3454545454545452,8.32,0.0,144.0,0.6,0.0,0.0,9.34,15.169999999999998,20.65,5.0,54.4,3.4850000000000003,9.19,0.0,101.7,0.608,0.0,0.0,9.75,14.66,19.64,2.5,53.8,3.313,9.88,0.0,96.6,0.607,0.0,0.0,7.860000000000001,13.809999999999999,19.84,2.8000000000000003,56.2,3.3260000000000005,7.43,0.0,88.10000000000001,0.602,0.0,0.0,6.55,10.55,14.95,7.9,59.2,4.083,7.28,0.0,59.9,0.606,0.0,0.0,3.62,8.04,13.4,8.8,53.4,5.576,11.12,0.0,20.099999999999998,0.61,0.0,0.0,,,,,,1.01,0.86,1.0699999999999998
2005,Атбасарский,Пшеница,51.8,68.35,200.0,0.8400000000000001,6.7700000000000005,12.78,18.64,24.0,59.9,4.1240000000000006,8.91,0.0,77.8,0.713,0.0,0.0,7.659999999999999,15.080000000000002,21.3,3.9000000000000004,57.0,3.116,7.63,0.0,100.8,0.727,0.0,0.0,10.218181818181817,15.572727272727274,20.527272727272727,24.6,61.81818181818182,3.960909090909091,8.02,0.0,116.3,0.6972727272727273,0.0,0.0,13.069999999999999,19.31,24.580000000000002,4.3,56.0,2.6719999999999997,7.7,0.0,143.1,0.6769999999999999,0.0,0.0,14.830000000000002,21.32,26.65,5.2,51.9,2.77,6.52,0.0,163.2,0.647,0.0,0.0,14.45,19.19,23.669999999999998,39.199999999999996,68.2,3.6740000000000004,8.64,0.0,141.9,0.662,0.0,0.0,16.82,23.05,28.48,10.5,57.0,2.68,7.57,0.0,180.5,0.636,0.0,0.0,12.78,17.759999999999998,21.89,35.0,68.8,3.8369999999999997,9.82,0.0,127.6,0.658,0.0,0.0,15.936363636363637,21.445454545454545,26.236363636363638,4.6,64.36363636363636,2.8563636363636364,5.73,0.0,180.9,0.6390909090909092,0.0,0.0,16.86,21.39,25.72,8.7,62.8,3.348,6.94,0.0,163.9,0.634,0.0,0.0,14.86,21.4,27.169999999999998,0.0,43.9,2.495,5.68,0.0,164.0,0.614,0.0,0.0,8.763636363636364,11.536363636363637,14.381818181818181,78.0,82.63636363636364,3.755454545454545,11.51,0.0,71.9,0.6781818181818182,0.0,0.0,10.190000000000001,15.0,19.86,4.7,67.5,3.5060000000000002,7.22,0.0,100.0,0.671,0.0,0.0,8.459999999999999,13.41,18.990000000000002,2.2,56.5,3.66,7.12,0.0,84.1,0.655,0.0,0.0,3.9299999999999997,8.98,14.709999999999999,2.1,63.4,2.6879999999999997,7.57,0.0,39.8,0.643,0.0,0.0,4.2700000000000005,9.08,14.73,0.1,61.3,3.2619999999999996,6.58,0.0,40.8,0.64,0.0,0.0,-0.8800000000000001,4.0600000000000005,10.5,0.0,62.0,1.8079999999999998,2.65,0.0,1.5,0.64,0.0,0.0,,,,,,0.58,1.01,0.86
2006,Атбасарский,Пшеница,51.8,68.35,200.0,0.85,0.34,7.260000000000001,12.709999999999999,1.9000000000000001,50.7,3.054,6.07,0.0,26.900000000000002,0.716,0.0,0.0,8.53,14.430000000000001,20.46,24.4,58.2,3.6630000000000003,8.51,0.0,94.3,0.703,0.0,0.0,11.345454545454546,18.354545454545455,24.372727272727275,5.1,50.81818181818182,3.0818181818181816,7.13,0.0,146.9,0.6781818181818182,0.0,0.0,13.63,19.81,24.75,6.6,51.5,3.504,6.99,0.0,148.1,0.654,0.0,0.0,17.71,24.0,29.630000000000003,5.1000000000000005,41.6,3.6700000000000004,8.51,0.1,190.0,0.635,0.0,0.0,16.36,20.78,25.11,16.5,67.9,2.653,5.47,0.0,157.8,0.635,0.0,0.0,13.89,18.79,23.15,8.7,55.1,3.405,9.01,0.0,137.9,0.637,0.0,0.0,15.530000000000001,21.55,26.330000000000002,3.4000000000000004,58.6,3.336,6.02,0.0,165.5,0.625,0.0,0.0,14.554545454545455,19.599999999999998,24.372727272727275,6.4,43.72727272727273,4.721818181818182,11.25,0.0,160.6,0.6163636363636363,0.0,0.0,12.059999999999999,17.07,21.490000000000002,3.1,58.0,2.903,7.02,0.0,120.7,0.611,0.0,0.0,13.91,19.259999999999998,24.55,1.6,50.9,4.201,8.34,0.0,142.6,0.609,0.0,0.0,12.754545454545456,18.018181818181816,23.472727272727273,10.600000000000001,51.72727272727273,3.5427272727272725,7.4,0.0,143.2,0.6027272727272727,0.0,0.0,12.09,19.19,26.03,1.1,35.6,3.043,5.34,0.1,141.9,0.6,0.0,0.0,8.35,11.5,15.23,32.6,67.5,4.964,10.57,0.0,65.9,0.619,0.0,0.0,4.9399999999999995,10.0,15.51,1.5,58.1,3.707,7.92,0.0,50.0,0.624,0.0,0.0,3.6700000000000004,7.63,11.67,23.1,65.6,3.9850000000000003,8.63,0.0,33.0,0.631,0.0,0.0,-0.9,1.9600000000000002,6.2,5.4,74.6,2.666,5.38,0.0,0.0,0.654,0.0,0.0,,,,,,0.8400000000000001,0.58,1.01
2007,Атбасарский,Пшеница,51.8,68.35,200.0,1.04,4.45,10.16,15.05,31.099999999999998,61.4,5.141,15.3,0.0,52.0,0.747,0.0,0.0,9.15,14.84,20.23,7.3999999999999995,65.2,4.104,8.72,0.0,98.39999999999999,0.75,0.0,0.0,10.899999999999999,17.663636363636364,23.5,9.8,56.18181818181818,3.940909090909091,10.12,0.0,139.3,0.7145454545454545,0.0,0.0,6.5200000000000005,12.48,17.41,7.0,49.5,3.893,8.71,0.0,74.8,0.69,0.0,0.0,11.879999999999999,18.68,24.18,1.0,48.8,3.058,8.32,0.0,136.8,0.67,0.0,0.0,17.509999999999998,23.46,28.910000000000004,8.299999999999999,48.1,3.844,8.37,0.0,184.6,0.648,0.0,0.0,16.78,22.14,26.99,12.299999999999999,68.1,2.369,4.72,0.0,171.4,0.645,0.0,0.0,17.169999999999998,22.22,26.869999999999997,18.099999999999998,64.6,3.457,6.6,0.0,172.2,0.654,0.0,0.0,14.163636363636364,19.38181818181818,23.781818181818185,10.0,57.54545454545455,3.17,7.18,0.0,158.2,0.6281818181818182,0.0,0.0,15.23,20.55,25.47,7.4,62.2,3.286,5.7,0.0,155.5,0.616,0.0,0.0,10.74,16.169999999999998,21.03,1.5999999999999999,53.2,3.168,7.75,0.0,111.7,0.61,0.0,0.0,14.627272727272727,21.8,28.672727272727272,0.7999999999999999,43.45454545454545,3.0481818181818183,6.84,0.0,184.8,0.6054545454545455,0.0,0.0,12.34,18.59,24.91,1.5,47.6,3.251,6.14,0.0,135.9,0.6,0.0,0.0,9.33,14.709999999999999,20.15,1.4,46.7,3.723,8.13,0.0,97.1,0.6,0.0,0.0,4.79,9.61,14.219999999999999,20.4,67.4,2.852,6.82,0.0,46.1,0.61,0.0,0.0,1.86,6.37,11.66,7.3,71.6,2.928,9.63,0.0,16.299999999999997,0.624,0.0,0.0,2.1,6.840000000000001,12.459999999999999,1.2,64.4,2.742,5.73,0.0,9.2,0.62,0.0,0.0,,,,,,0.85,0.8400000000000001,0.58
2008,Атбасарский,Пшеница,51.8,68.35,200.0,0.79,2.79,9.57,15.680000000000001,2.1,55.6,3.8299999999999996,8.44,0.0,47.0,0.661,0.0,0.0,8.870000000000001,16.2,22.46,7.2,51.7,3.116,6.77,0.0,112.0,0.65,0.0,0.0,12.927272727272726,19.80909090909091,26.545454545454547,11.600000000000001,45.0,3.8045454545454547,8.42,0.0,162.9,0.6281818181818182,0.0,0.0,10.790000000000001,16.369999999999997,21.65,4.9,49.3,4.061999999999999,9.33,0.0,113.7,0.624,0.0,0.0,14.1,21.369999999999997,27.169999999999998,0.3,41.4,3.6399999999999997,10.12,0.0,163.7,0.617,0.0,0.0,16.89,22.38,27.35,30.0,50.5,3.303,6.6,0.0,173.79999999999998,0.605,0.0,0.0,14.930000000000001,20.56,25.490000000000002,14.4,60.9,2.627,7.61,0.0,155.6,0.628,0.0,0.0,18.77,24.1,28.8,15.8,58.5,3.3609999999999998,6.45,0.0,191.0,0.612,0.0,0.0,18.509090909090908,24.90909090909091,30.41818181818182,4.9,52.90909090909091,3.3763636363636365,6.8,0.0,219.0,0.6118181818181818,0.0,0.0,16.53,21.47,26.05,4.8,44.8,3.915,7.62,0.0,164.7,0.603,0.0,0.0,15.940000000000001,22.14,27.68,0.3,47.0,3.023,6.93,0.0,171.4,0.6,0.0,0.0,13.981818181818182,19.463636363636365,24.663636363636364,8.2,54.09090909090909,3.1481818181818184,7.49,0.0,159.1,0.6,0.0,0.0,11.11,15.77,20.630000000000003,3.8,54.5,3.929,8.46,0.0,107.7,0.604,0.0,0.0,6.529999999999999,10.46,14.64,9.1,64.7,3.7520000000000002,7.18,0.0,54.6,0.605,0.0,0.0,2.2199999999999998,6.01,10.059999999999999,0.8,60.8,2.894,6.58,0.0,15.8,0.61,0.0,0.0,2.1399999999999997,9.129999999999999,17.31,0.0,52.3,2.082,4.84,0.0,41.3,0.604,0.0,0.0,2.8,5.4,8.18,18.8,74.2,5.372,8.73,0.0,3.8,0.618,0.0,0.0,,,,,,1.04,0.85,0.8400000000000001
2009,Атбасарский,Пшеница,51.8,68.35,200.0,1.22,3.55,11.540000000000001,18.35,5.7,48.9,3.847,7.93,0.0,65.39999999999999,0.662,0.0,0.0,9.6,15.45,21.270000000000003,21.6,56.8,4.021,7.92,0.0,104.5,0.65,0.0,0.0,5.945454545454546,12.218181818181819,17.69090909090909,28.9,60.0,3.8072727272727276,8.91,0.0,79.4,0.6727272727272727,0.0,0.0,11.9,19.09,24.96,53.0,65.4,2.94,8.23,0.0,140.9,0.667,0.0,0.0,12.780000000000001,19.39,24.66,1.7999999999999998,48.8,3.4619999999999997,7.71,0.0,143.9,0.63,0.0,0.0,12.6,17.35,21.57,5.6,53.7,4.117,8.6,0.0,123.5,0.612,0.0,0.0,13.98,20.04,25.36,7.7,48.6,3.175,6.16,0.0,150.4,0.61,0.0,0.0,14.280000000000001,18.42,22.619999999999997,31.900000000000002,73.4,3.5700000000000003,6.12,0.0,134.2,0.623,0.0,0.0,12.554545454545455,18.172727272727272,23.009090909090908,18.9,61.63636363636363,3.2018181818181817,7.69,0.0,144.9,0.6281818181818182,0.0,0.0,13.180000000000001,17.78,22.46,5.3,63.3,3.65,8.12,0.0,127.8,0.635,0.0,0.0,12.440000000000001,18.44,24.259999999999998,1.4,51.2,3.811,7.89,0.0,134.4,0.623,0.0,0.0,13.718181818181819,18.7,23.41818181818182,23.200000000000003,61.36363636363637,3.5345454545454547,9.22,0.0,150.7,0.619090909090909,0.0,0.0,7.99,12.559999999999999,16.95,12.600000000000001,65.2,3.143,6.1,0.0,75.6,0.631,0.0,0.0,8.08,13.45,18.830000000000002,0.0,58.9,2.386,5.36,0.0,84.5,0.627,0.0,0.0,8.25,12.52,17.65,7.300000000000001,59.4,3.543,7.35,0.0,75.2,0.623,0.0,0.0,5.36,9.5,14.7,26.1,63.3,4.389,7.5,0.0,45.0,0.632,0.0,0.0,-0.14000000000000004,4.859999999999999,10.52,0.0,60.4,2.878,4.88,0.0,5.199999999999999,0.632,0.0,0.0,,,,,,0.79,1.04,0.85
2010,Атбасарский,Пшеница,51.8,68.35,200.0,0.51,6.7700000000000005,14.559999999999999,21.130000000000003,0.1,50.1,3.107,6.32,0.0,95.6,0.673,0.0,0.0,7.3,14.220000000000002,20.39,1.3,39.9,3.6079999999999997,7.72,0.0,92.2,0.648,0.0,0.0,9.090909090909092,15.081818181818182,20.78181818181818,10.2,51.90909090909091,3.8636363636363638,8.85,0.0,110.89999999999999,0.64,0.0,0.0,13.819999999999999,21.91,28.29,2.7,38.8,2.9939999999999998,6.53,0.2,169.1,0.623,0.0,0.0,17.830000000000002,25.080000000000002,31.160000000000004,1.0,37.3,4.161,8.68,0.0,200.8,0.61,0.0,0.0,14.13,20.54,25.660000000000004,3.3000000000000003,41.3,3.5799999999999996,8.48,0.0,155.4,0.605,0.0,0.0,14.170000000000002,19.880000000000003,24.93,6.6000000000000005,44.4,3.6399999999999997,7.46,0.0,148.8,0.605,0.0,0.0,16.75,22.45,27.71,6.6,46.5,3.372,6.8,0.0,174.5,0.616,0.0,0.0,13.8,20.054545454545455,25.5,13.0,44.90909090909091,3.139090909090909,7.21,0.0,165.6,0.6036363636363636,0.0,0.0,17.34,23.85,29.4,1.4,39.7,3.2230000000000003,6.73,0.0,188.5,0.6,0.0,0.0,15.61,22.54,28.71,0.2,40.7,3.1879999999999997,7.95,0.0,175.4,0.6,0.0,0.0,14.6,21.09090909090909,26.8,22.8,53.63636363636363,3.517272727272727,9.22,0.0,177.0,0.6281818181818182,0.0,0.0,10.7,17.009999999999998,23.740000000000002,0.0,39.1,3.9579999999999997,11.22,0.1,120.1,0.605,0.0,0.0,5.279999999999999,10.83,16.52,2.6,49.2,3.0010000000000003,6.8,0.0,58.3,0.6,0.0,0.0,8.35,13.830000000000002,19.71,0.5,50.2,3.386,8.7,0.0,88.3,0.6,0.0,0.0,4.05,7.45,10.91,2.8,59.2,3.098,7.94,0.0,28.8,0.609,0.0,0.0,2.5200000000000005,7.359999999999999,13.540000000000001,10.5,59.2,4.16,8.37,0.0,11.999999999999998,0.616,0.0,0.0,,,,,,1.22,0.79,1.04
2011,Атбасарский,Пшеница,51.8,68.35,200.0,1.5,5.45,12.290000000000001,18.73,1.0,39.9,4.025,8.82,0.0,72.9,0.6849999999999999,0.0,0.0,6.34,13.580000000000002,19.69,10.2,36.4,3.508,8.59,0.0,85.8,0.662,0.0,0.0,8.518181818181818,14.636363636363637,20.136363636363637,34.2,62.36363636363637,3.8963636363636365,8.88,0.0,106.0,0.6809090909090909,0.0,0.0,12.17,17.669999999999998,22.54,41.3,71.1,3.02,7.83,0.0,126.7,0.713,0.0,0.0,12.72,19.08,24.27,30.2,54.4,3.196,7.59,0.0,140.79999999999998,0.667,0.0,0.0,13.790000000000001,17.95,21.98,24.3,71.8,3.8280000000000003,8.92,0.0,129.5,0.677,0.0,0.0,15.89,21.54,26.65,3.6,54.5,3.4480000000000004,7.34,0.0,165.4,0.645,0.0,0.0,13.65,18.52,23.19,41.1,68.2,3.9219999999999997,6.71,0.0,135.2,0.664,0.0,0.0,15.290909090909093,20.61818181818182,25.672727272727272,25.6,66.9090909090909,4.030909090909091,8.35,0.0,171.8,0.64,0.0,0.0,12.57,17.419999999999998,21.7,11.7,60.6,3.5269999999999997,6.96,0.0,124.2,0.631,0.0,0.0,15.080000000000002,20.8,25.869999999999997,14.8,54.4,3.4899999999999998,7.18,0.0,158.0,0.619,0.0,0.0,9.254545454545454,14.318181818181818,19.11818181818182,5.8,58.72727272727273,3.328181818181818,6.96,0.0,102.5,0.6163636363636363,0.0,0.0,13.25,19.61,25.669999999999998,0.1,40.8,3.2689999999999997,6.67,0.1,146.1,0.605,0.0,0.0,12.72,18.130000000000003,24.0,4.3,48.0,3.081,7.22,0.0,131.3,0.602,0.0,0.0,5.45,9.68,14.15,8.0,63.8,4.14,9.76,0.0,46.8,0.625,0.0,0.0,6.17,9.66,13.84,19.799999999999997,72.0,3.965,8.15,0.0,46.6,0.634,0.0,0.0,2.62,9.22,17.26,0.0,73.4,2.252,3.14,0.0,21.1,0.638,0.0,0.0,,,,,,0.51,1.22,0.79
2012,Атбасарский,Пшеница,51.8,68.35,200.0,0.58,5.24,11.42,17.16,10.4,54.8,4.148,8.99,0.0,64.2,0.6839999999999999,0.0,0.0,9.8,16.65,22.96,13.0,45.1,4.069,7.44,0.0,116.5,0.668,0.0,0.0,11.536363636363637,19.145454545454545,25.60909090909091,9.7,40.90909090909091,3.277272727272727,6.32,0.09090909090909091,155.6,0.6490909090909092,0.0,0.0,14.34,21.259999999999998,27.169999999999998,2.3,45.4,3.1759999999999997,7.73,0.0,162.6,0.628,0.0,0.0,14.88,21.6,27.07,3.8000000000000003,53.1,3.4170000000000003,7.78,0.0,166.0,0.618,0.0,0.0,17.869999999999997,22.8,27.75,13.0,51.2,3.868,6.64,0.1,178.0,0.625,0.0,0.0,16.759999999999998,22.31,26.93,1.4,50.7,4.11,6.61,0.0,173.1,0.632,0.0,0.0,19.880000000000003,27.7,33.87,2.1999999999999997,34.6,2.809,5.81,0.0,227.0,0.606,0.0,0.0,18.272727272727273,22.954545454545453,28.127272727272725,49.0,57.72727272727273,3.3445454545454543,5.91,0.0,197.5,0.6109090909090908,0.0,0.0,14.559999999999999,20.44,25.68,9.9,64.1,2.5759999999999996,5.87,0.0,154.4,0.633,0.0,0.0,16.96,23.21,29.1,3.3,49.0,3.0380000000000003,6.4,0.0,182.1,0.609,0.0,0.0,13.145454545454545,18.027272727272727,22.845454545454547,9.2,58.90909090909091,3.351818181818182,6.22,0.0,143.3,0.6154545454545454,0.0,0.0,10.24,16.34,22.07,0.5,45.5,3.524,8.17,0.0,113.4,0.611,0.0,0.0,9.66,13.4,17.47,8.9,56.0,4.79,8.78,0.0,84.0,0.614,0.0,0.0,6.82,11.540000000000001,16.61,0.2,54.9,2.877,6.37,0.0,65.4,0.61,0.0,0.0,5.08,8.67,12.8,1.6,62.1,4.096,8.41,0.0,41.5,0.611,0.0,0.0,5.5,10.48,16.72,0.8,44.4,3.5,6.81,0.0,27.4,0.61,0.0,0.0,,,,,,1.5,0.51,1.22
2013,Атбасарский,Пшеница,51.8,68.35,200.0,0.94,4.9399999999999995,10.989999999999998,16.44,17.0,56.7,4.481,11.24,0.0,59.9,0.727,0.0,0.0,4.67,10.760000000000002,15.84,14.799999999999999,60.0,3.5780000000000003,8.05,0.0,57.6,0.721,0.0,0.0,7.890909090909091,14.572727272727274,20.19090909090909,8.1,55.72727272727273,3.52,8.65,0.0,105.3,0.7045454545454546,0.0,0.0,10.639999999999999,16.44,21.36,4.3,47.7,3.304,7.5,0.0,114.4,0.676,0.0,0.0,11.83,19.2,24.96,1.0,44.8,3.091,6.79,0.0,142.0,0.653,0.0,0.0,16.96,22.14,26.660000000000004,2.7,38.9,5.161,8.59,0.0,171.4,0.626,0.0,0.0,12.940000000000001,17.490000000000002,21.369999999999997,49.2,64.3,3.961,10.32,0.0,124.9,0.649,0.0,0.0,13.84,17.86,21.96,33.0,75.4,3.004,6.47,0.0,128.6,0.661,0.0,0.0,15.554545454545455,20.463636363636365,25.08181818181818,36.2,74.9090909090909,2.811818181818182,7.53,0.0,170.1,0.6763636363636364,0.0,0.0,15.830000000000002,19.66,23.45,79.2,79.4,2.728,7.12,0.0,146.6,0.688,0.0,0.0,12.09,17.54,22.240000000000002,8.0,70.8,2.8120000000000003,6.15,0.0,125.4,0.687,0.0,0.0,12.763636363636364,16.763636363636365,20.863636363636363,33.0,67.54545454545455,4.391818181818182,8.31,0.0,129.4,0.6645454545454546,0.0,0.0,11.85,16.91,22.14,1.9,64.5,3.7920000000000003,6.11,0.0,119.1,0.657,0.0,0.0,6.35,9.39,12.7,0.6,62.9,2.8489999999999998,5.5,0.0,43.9,0.65,0.0,0.0,5.8100000000000005,11.0,16.91,9.2,55.5,3.691,9.73,0.0,60.0,0.649,0.0,0.0,1.75,4.71,7.970000000000001,10.9,72.1,4.2780000000000005,8.32,0.0,5.300000000000001,0.665,0.0,0.0,1.8199999999999998,5.220000000000001,8.84,5.0,73.0,4.324,8.3,0.0,7.9,0.67,0.0,0.0,,,,,,0.58,1.5,0.51
2014,Атбасарский,Пшеница,51.8,68.35,200.0,1.08,7.7700000000000005,14.190000000000001,20.15,4.6000000000000005,50.7,4.004,7.31,0.0,91.9,0.694,0.0,0.0,9.959999999999999,16.72,22.779999999999998,5.0,46.3,3.819,8.23,0.0,117.2,0.669,0.0,0.0,9.327272727272728,14.709090909090907,19.79090909090909,16.5,57.72727272727273,3.8881818181818186,8.3,0.0,106.8,0.6618181818181819,0.0,0.0,9.08,15.76,21.27,5.6,45.7,3.194,8.13,0.0,107.6,0.643,0.0,0.0,16.130000000000003,23.21,29.02,1.1,41.6,3.411,8.43,0.0,182.1,0.631,0.0,0.0,17.330000000000002,23.36,28.630000000000003,14.9,47.6,2.969,5.63,0.0,183.6,0.614,0.0,0.0,15.290000000000001,20.14,24.48,45.0,68.9,3.258,8.32,0.0,151.4,0.659,0.0,0.0,11.5,15.940000000000001,20.31,13.5,66.3,4.0200000000000005,8.13,0.0,109.4,0.629,0.0,0.0,10.681818181818182,14.590909090909092,18.436363636363637,24.6,70.18181818181819,4.220909090909091,9.52,0.0,105.5,0.6618181818181819,0.0,0.0,14.52,20.65,26.15,0.2,55.4,2.842,4.83,0.0,156.5,0.643,0.0,0.0,15.45,21.080000000000002,26.610000000000003,1.9,54.6,3.4549999999999996,7.24,0.0,160.8,0.625,0.0,0.0,16.445454545454545,22.263636363636365,27.981818181818184,4.0,45.72727272727273,3.2636363636363637,6.61,0.0,189.9,0.61,0.0,0.0,8.11,12.58,17.04,8.2,56.9,3.052,6.93,0.0,75.8,0.61,0.0,0.0,5.970000000000001,10.459999999999999,15.09,0.8,60.6,3.681,8.25,0.0,54.6,0.61,0.0,0.0,4.79,9.4,14.190000000000001,25.5,61.0,3.5660000000000003,8.55,0.0,44.9,0.62,0.0,0.0,1.5,5.01,8.58,6.0,69.4,4.553,9.43,0.0,10.6,0.63,0.0,0.0,3.8200000000000003,7.74,10.879999999999999,10.700000000000001,73.0,5.078,8.21,0.0,13.7,0.642,0.0,0.0,,,,,,0.94,0.58,1.5
2015,Атбасарский,Пшеница,51.8,68.35,200.0,0.98,9.05,15.930000000000001,22.240000000000002,12.9,55.5,4.083,8.7,0.0,109.3,0.709,0.0,0.0,7.92,12.790000000000001,17.29,38.2,67.1,4.425,9.05,0.0,77.9,0.727,0.0,0.0,9.054545454545455,15.2,20.581818181818182,22.7,70.0,2.766363636363636,6.33,0.0,112.2,0.7336363636363636,0.0,0.0,13.7,19.720000000000002,24.9,9.5,62.4,2.88,10.24,0.0,147.20000000000002,0.695,0.0,0.0,14.26,20.06,25.240000000000002,40.2,68.2,3.093,8.36,0.0,150.6,0.689,0.0,0.0,16.05,22.52,28.130000000000003,0.0,46.5,4.025,6.14,0.0,175.2,0.647,0.0,0.0,12.87,17.68,22.59,14.299999999999999,56.9,4.526,11.1,0.0,126.8,0.643,0.0,0.0,16.09,22.86,28.9,0.0,45.4,3.7359999999999998,9.52,0.0,178.6,0.626,0.0,0.0,14.381818181818181,19.88181818181818,24.9,18.3,61.18181818181818,3.416363636363636,7.61,0.0,163.7,0.62,0.0,0.0,13.64,19.91,24.94,1.9,48.0,3.096,6.15,0.0,149.1,0.61,0.0,0.0,14.38,20.330000000000002,25.96,9.9,46.0,3.8549999999999995,9.6,0.2,153.3,0.607,0.0,0.0,9.972727272727273,14.118181818181819,18.663636363636364,19.9,62.36363636363637,4.098181818181818,9.05,0.0,100.3,0.63,0.0,0.0,9.7,16.21,22.490000000000002,7.6000000000000005,55.9,2.6719999999999997,6.4,0.0,112.1,0.623,0.0,0.0,7.790000000000001,12.24,16.53,4.0,62.9,3.2649999999999997,7.55,0.0,72.4,0.618,0.0,0.0,3.6,8.540000000000001,13.430000000000001,0.30000000000000004,53.7,2.87,6.28,0.0,35.4,0.622,0.0,0.0,2.65,7.909999999999999,13.969999999999999,4.1,49.2,4.517,12.24,0.0,32.6,0.62,0.0,0.0,-2.6799999999999997,0.86,4.96,0.5,56.6,3.476,7.37,0.0,0.0,0.62,0.0,0.0,,,,,,1.08,0.94,0.58
2016,Атбасарский,Пшеница,51.8,68.35,200.0,1.08,2.83,9.35,14.76,6.5,46.8,3.757,7.72,0.0,43.5,0.738,0.0,0.0,4.4799999999999995,11.959999999999999,18.080000000000002,8.0,49.4,3.6950000000000003,7.19,0.0,69.6,0.733,0.0,0.0,12.272727272727273,18.599999999999998,24.018181818181816,8.3,44.72727272727273,3.7345454545454544,7.66,0.09090909090909091,149.6,0.6963636363636363,0.0,0.0,11.02,16.8,21.79,15.399999999999999,57.4,3.6049999999999995,7.72,0.0,118.0,0.682,0.0,0.0,13.669999999999998,17.85,21.6,18.4,63.5,4.636,9.86,0.0,128.5,0.703,0.0,0.0,13.63,17.85,21.97,25.700000000000003,66.7,3.4150000000000005,7.63,0.0,128.5,0.671,0.0,0.0,14.34,19.1,23.47,20.8,74.8,2.599,6.29,0.0,141.0,0.678,0.0,0.0,16.56,20.68,25.04,27.2,69.9,3.4560000000000004,6.89,0.0,156.8,0.659,0.0,0.0,15.272727272727273,19.481818181818184,23.427272727272726,5.9,70.45454545454545,3.6636363636363636,6.89,0.0,159.3,0.6590909090909091,0.0,0.0,15.169999999999998,21.240000000000002,26.22,0.30000000000000004,58.4,2.416,5.94,0.0,162.4,0.635,0.0,0.0,17.32,22.91,28.060000000000002,1.5,55.3,3.6130000000000004,5.95,0.0,179.1,0.617,0.0,0.0,13.072727272727274,19.163636363636364,24.58181818181818,3.4,48.81818181818182,2.7345454545454544,7.74,0.0,155.8,0.61,0.0,0.0,12.84,17.919999999999998,23.169999999999998,14.5,52.6,3.867,7.37,0.0,129.2,0.616,0.0,0.0,8.25,12.61,17.36,42.5,69.1,3.3480000000000003,7.47,0.0,76.1,0.667,0.0,0.0,6.0,10.870000000000001,16.3,14.1,64.2,2.9739999999999998,5.28,0.0,58.7,0.649,0.0,0.0,2.67,5.9399999999999995,9.47,23.4,77.3,2.868,6.08,0.0,17.5,0.677,0.0,0.0,-2.3600000000000003,0.26,2.84,0.7999999999999999,73.8,3.1159999999999997,7.25,0.0,0.0,0.68,0.0,0.0,,,,,,0.98,1.08,0.94
2017,Атбасарский,Пшеница,51.8,68.35,200.0,1.15,4.99,12.930000000000001,20.009999999999998,3.2,47.5,4.385,11.28,0.0,79.3,0.732,0.0,0.0,5.5,12.4,18.580000000000002,0.7999999999999999,46.2,3.4379999999999997,7.3,0.0,74.0,0.714,0.0,0.0,9.236363636363636,15.909090909090908,22.036363636363635,31.400000000000002,51.81818181818182,4.702727272727272,13.02,0.09090909090909091,120.0,0.6945454545454545,0.0,0.0,10.379999999999999,16.65,22.259999999999998,5.699999999999999,52.3,3.5769999999999995,7.84,0.0,116.5,0.6900000000000001,0.0,0.0,14.459999999999999,21.29,27.589999999999996,4.4,51.3,3.194,9.12,0.0,162.9,0.666,0.0,0.0,14.790000000000001,21.080000000000002,27.060000000000002,2.1,54.8,2.863,7.29,0.0,160.8,0.641,0.0,0.0,14.26,20.39,26.24,5.1,57.8,3.349,6.25,0.0,153.9,0.645,0.0,0.0,11.940000000000001,16.36,20.64,36.699999999999996,72.8,2.973,7.22,0.0,113.6,0.654,0.0,0.0,15.7,21.599999999999998,26.88181818181818,4.3,62.36363636363637,2.9427272727272724,6.04,0.0,182.6,0.6318181818181818,0.0,0.0,16.18,21.79,28.080000000000002,3.9000000000000004,56.6,3.3649999999999998,9.45,0.0,167.9,0.613,0.0,0.0,10.84,16.75,22.169999999999998,1.0,49.6,3.188,7.86,0.0,117.5,0.61,0.0,0.0,14.027272727272726,21.663636363636364,28.5,0.1,45.72727272727273,2.1818181818181817,5.24,0.0,183.3,0.6,0.0,0.0,12.87,19.93,26.51,3.7,48.4,2.985,7.28,0.0,149.3,0.6,0.0,0.0,7.75,13.36,18.77,7.3,60.8,3.78,9.23,0.0,83.6,0.612,0.0,0.0,2.8299999999999996,6.05,9.290000000000001,0.5,54.3,3.849,8.23,0.0,18.200000000000003,0.6,0.0,0.0,-1.29,2.2,6.5,9.5,66.2,2.8600000000000003,6.05,0.0,1.4000000000000004,0.611,0.0,0.0,1.2399999999999998,6.68,12.4,1.7,64.6,3.138,5.1,0.0,8.4,0.612,0.0,0.0,,,,,,1.08,0.98,1.08
2018,Атбасарский,Пшеница,51.8,68.35,200.0,1.09,1.08,7.140000000000001,12.66,13.799999999999999,64.2,4.307,9.4,0.0,25.9,0.723,0.0,0.0,2.95,9.53,16.15,2.3,48.2,3.9200000000000004,7.43,0.0,45.3,0.702,0.0,0.0,6.4363636363636365,13.109090909090908,19.7,28.5,53.0,5.41,11.86,0.0,89.6,0.7127272727272728,0.0,0.0,9.559999999999999,16.78,23.130000000000003,8.700000000000001,48.3,4.523,11.18,0.0,117.8,0.704,0.0,0.0,10.989999999999998,16.880000000000003,22.22,4.2,48.9,3.258,6.4,0.0,118.8,0.671,0.0,0.0,13.85,18.98,24.369999999999997,24.5,66.9,3.5810000000000004,9.63,0.0,139.8,0.662,0.0,0.0,16.64,22.16,27.560000000000002,12.1,61.9,3.149,6.64,0.0,171.6,0.654,0.0,0.0,16.29,22.16,27.439999999999998,11.1,61.1,3.021,6.41,0.0,171.6,0.637,0.0,0.0,14.218181818181819,19.90909090909091,25.4,32.5,58.90909090909091,4.421818181818182,11.41,0.0,164.0,0.629090909090909,0.0,0.0,14.919999999999998,21.07,26.96,9.3,63.5,2.772,5.94,0.0,160.7,0.624,0.0,0.0,12.85,18.080000000000002,23.65,23.6,64.5,3.418,7.07,0.0,130.8,0.627,0.0,0.0,9.563636363636364,14.018181818181818,18.836363636363636,23.8,74.36363636363636,3.612727272727273,8.86,0.0,99.2,0.6645454545454546,0.0,0.0,6.07,11.11,15.55,2.7,65.0,3.281,6.53,0.0,61.099999999999994,0.649,0.0,0.0,6.63,12.74,18.61,2.2,53.4,3.56,8.45,0.0,77.4,0.637,0.0,0.0,6.49,11.51,16.9,12.4,69.7,3.668,8.2,0.0,65.1,0.659,0.0,0.0,4.11,10.09,15.680000000000001,2.0,56.8,3.593,7.07,0.0,50.9,0.647,0.0,0.0,-0.5599999999999999,3.46,7.32,8.3,67.6,3.912,9.48,0.0,7.3999999999999995,0.648,0.0,0.0,,,,,,1.15,1.08,0.98
2019,Атбасарский,Пшеница,51.8,68.35,200.0,0.96,4.21,13.02,20.61,0.1,41.9,2.299,6.24,0.0,85.4,0.744,0.0,0.0,5.220000000000001,12.830000000000002,19.869999999999997,13.700000000000001,50.1,3.7990000000000004,9.67,0.0,78.3,0.714,0.0,0.0,6.236363636363635,14.272727272727273,20.854545454545455,2.4000000000000004,45.63636363636363,3.661818181818182,9.35,0.0,102.0,0.7063636363636363,0.0,0.0,10.99,16.36,21.75,19.599999999999998,61.3,4.031000000000001,7.56,0.0,113.6,0.689,0.0,0.0,10.33,16.0,21.16,4.300000000000001,58.0,3.025,7.79,0.0,110.0,0.682,0.0,0.0,12.98,19.619999999999997,25.41,8.4,51.6,3.47,6.88,0.0,146.2,0.653,0.0,0.0,13.63,20.31,26.45,18.1,55.8,3.658,7.9,0.0,153.1,0.642,0.0,0.0,18.07,25.669999999999998,32.42,0.0,39.8,3.501,6.9,0.0,206.7,0.615,0.0,0.0,16.445454545454545,22.327272727272728,27.754545454545454,6.6,54.27272727272727,3.514545454545454,8.42,0.0,190.6,0.6127272727272728,0.0,0.0,13.84,20.2,26.04,4.4,47.2,3.803,9.85,0.0,152.0,0.62,0.0,0.0,15.55,21.53,27.389999999999997,1.6,54.3,2.9010000000000002,7.84,0.1,165.3,0.61,0.0,0.0,11.427272727272728,16.172727272727272,21.40909090909091,33.7,66.27272727272727,3.6,9.11,0.0,122.9,0.6136363636363636,0.0,0.0,7.99,10.68,14.2,38.9,80.3,3.7369999999999997,8.41,0.0,56.8,0.661,0.0,0.0,9.2,14.59,20.19,0.5,62.5,3.433,9.3,0.0,95.9,0.657,0.0,0.0,2.1100000000000003,7.31,12.52,9.3,59.2,4.24,12.2,0.0,27.2,0.658,0.0,0.0,1.8,9.09,16.8,1.6,59.6,2.242,3.71,0.0,42.6,0.653,0.0,0.0,5.9,8.86,12.66,8.399999999999999,78.4,3.8480000000000003,7.85,0.0,19.299999999999997,0.666,0.0,0.0,,,,,,1.09,1.15,1.08
2020,Атбасарский,Пшеница,51.8,68.35,200.0,1.06,6.21,13.11,19.69,0.0,53.0,3.72,7.52,0.0,81.1,0.758,0.0,0.0,12.09,17.39,22.69,16.3,68.1,3.8409999999999997,9.98,0.0,123.89999999999999,0.726,0.0,0.0,12.754545454545456,20.363636363636363,27.218181818181815,6.0,50.54545454545455,3.602727272727273,9.37,0.0,169.0,0.7145454545454545,0.0,0.0,12.84,19.64,25.4,0.0,41.9,3.521,7.89,0.0,146.4,0.669,0.0,0.0,12.23,18.740000000000002,24.21,2.3,40.7,3.8020000000000005,8.08,0.0,137.4,0.647,0.0,0.0,11.76,16.990000000000002,22.69,27.1,55.4,4.362,9.86,0.1,119.9,0.646,0.0,0.0,14.01,19.29,24.240000000000002,23.2,67.4,3.526,9.06,0.0,142.9,0.6900000000000001,0.0,0.0,18.740000000000002,25.56,31.419999999999998,0.3,46.0,3.41,7.35,0.0,205.6,0.637,0.0,0.0,14.727272727272727,19.863636363636363,24.8,19.1,63.63636363636363,3.1772727272727277,7.72,0.0,163.5,0.6409090909090909,0.0,0.0,18.19,24.5,29.810000000000002,7.7,46.2,3.91,6.96,0.0,195.0,0.619,0.0,0.0,12.14,16.32,20.65,15.7,66.9,3.8,8.11,0.0,113.2,0.623,0.0,0.0,11.890909090909092,17.927272727272726,23.927272727272726,4.5,59.81818181818182,2.7427272727272727,5.32,0.0,142.2,0.6163636363636363,0.0,0.0,8.59,14.05,19.18,2.0,51.8,3.35,8.18,0.0,90.5,0.61,0.0,0.0,8.17,13.37,18.46,14.999999999999998,58.4,4.35,10.87,0.0,83.7,0.609,0.0,0.0,3.4899999999999998,7.67,11.86,15.900000000000002,70.5,3.8840000000000003,9.76,0.0,26.7,0.635,0.0,0.0,-0.07000000000000006,5.08,9.77,3.8,63.2,3.187,5.6,0.0,15.0,0.63,0.0,0.0,3.46,8.719999999999999,15.36,0.0,51.8,2.936,5.46,0.0,18.599999999999998,0.63,0.0,0.0,,,,,,0.96,1.09,1.15
2021,Атбасарский,Пшеница,51.8,68.35,200.0,0.8611700000000001,7.07,13.440000000000001,20.03,20.3,50.6,3.525,8.68,0.0,84.4,0.69,0.0,0.0,10.85,18.28,25.119999999999997,0.0,45.5,3.2090000000000005,7.29,0.0,132.8,0.678,0.0,0.0,13.354545454545455,21.754545454545454,29.163636363636364,0.3,40.54545454545455,2.9354545454545455,6.41,0.0,184.3,0.6427272727272727,0.0,0.0,11.48,18.66,24.759999999999998,0.8,41.4,3.7980000000000005,7.57,0.1,136.6,0.626,0.0,0.0,13.61,21.14,27.46,2.2,35.7,3.6,8.88,0.0,161.4,0.61,0.0,0.0,12.34,18.32,23.63,10.700000000000001,54.9,3.271,10.27,0.0,133.2,0.615,0.0,0.0,17.8,23.96,30.25,14.0,46.1,4.555,9.24,0.0,189.6,0.604,0.0,0.0,12.43,17.31,22.330000000000002,22.8,66.3,3.9539999999999997,8.32,0.0,123.1,0.628,0.0,0.0,14.872727272727273,21.436363636363637,27.063636363636363,0.9,48.81818181818182,2.901818181818182,6.8,0.0,180.8,0.6054545454545455,0.0,0.0,16.23,22.64,28.32,2.3,55.5,3.134,7.26,0.0,176.4,0.6,0.0,0.0,13.63,19.869999999999997,25.54,3.5,56.7,2.7039999999999997,6.84,0.0,148.7,0.603,0.0,0.0,14.30909090909091,21.10909090909091,27.05454545454546,25.6,51.81818181818182,3.1845454545454546,6.68,0.0,177.2,0.6090909090909091,0.0,0.0,9.16,14.559999999999999,19.89,7.1,58.4,3.397,9.55,0.0,95.60000000000001,0.618,0.0,0.0,6.4,10.809999999999999,15.040000000000001,1.8,56.7,4.211,8.01,0.0,58.099999999999994,0.614,0.0,0.0,1.22,5.43,9.58,19.3,68.5,3.803,9.53,0.0,6.9,0.616,0.0,0.0,-1.5,2.71,7.67,6.0,72.1,3.162,7.12,0.0,0.0,0.631,0.0,0.0,0.019999999999999928,4.82,10.38,0.0,66.2,2.752,6.14,0.0,5.4,0.63,0.0,0.0,,,,,,1.06,0.96,1.09
2022,Атбасарский,Пшеница,51.8,68.35,200.0,1.2268,4.74,11.459999999999999,18.11,3.9,42.4,4.149,8.48,0.0,64.6,0.676,0.0,0.0,8.57,15.190000000000001,21.580000000000002,4.1,54.2,4.119,10.59,0.0,101.9,0.661,0.0,0.0,11.745454545454544,18.754545454545454,25.272727272727273,5.699999999999999,41.45454545454545,4.665454545454545,9.97,0.0,151.3,0.6490909090909092,0.0,0.0,11.02,17.990000000000002,24.490000000000002,13.9,44.4,3.6689999999999996,9.0,0.0,129.9,0.645,0.0,0.0,14.030000000000001,20.89,26.93,8.3,50.8,2.835,6.11,0.0,158.9,0.639,0.0,0.0,14.569999999999999,20.45,26.339999999999996,15.299999999999999,51.5,3.936,9.3,0.0,154.5,0.635,0.0,0.0,12.4,18.29,23.47,27.3,60.5,3.729,7.1,0.0,132.9,0.634,0.0,0.0,18.29,24.48,30.52,2.9,49.6,3.349,8.44,0.0,194.8,0.618,0.0,0.0,16.472727272727273,22.10909090909091,27.363636363636363,35.8,53.63636363636363,3.4490909090909088,7.7,0.0,188.2,0.61,0.0,0.0,14.77,20.080000000000002,25.29,26.0,59.9,3.8009999999999997,6.61,0.0,150.8,0.625,0.0,0.0,11.32,16.85,22.35,3.1,57.5,3.194,6.6,0.0,118.5,0.618,0.0,0.0,10.418181818181818,17.772727272727273,24.59090909090909,4.1,55.63636363636363,2.420909090909091,5.55,0.0,140.5,0.6090909090909091,0.0,0.0,12.819999999999999,19.5,26.22,1.7,41.2,3.9550000000000005,9.65,0.1,145.0,0.6,0.0,0.0,5.1,11.540000000000001,17.509999999999998,20.900000000000002,55.8,2.793,7.13,0.0,65.4,0.624,0.0,0.0,6.05,12.27,18.130000000000003,3.8000000000000003,52.4,2.956,7.57,0.0,86.4,0.61,0.0,0.0,-0.07000000000000006,5.7,12.05,4.4,56.2,2.751,7.36,0.0,23.8,0.61,0.0,0.0,2.98,8.620000000000001,15.040000000000001,0.5,59.8,2.418,5.55,0.0,18.1,0.61,0.0,0.0,,,,,,0.8611700000000001,1.06,0.96
2023,Атбасарский,Пшеница,51.8,68.35,200.0,0.8699999999999999,3.5200000000000005,11.790000000000001,19.1,0.1,43.7,3.067,6.98,0.0,67.9,0.716,0.0,0.0,6.21,12.53,18.369999999999997,28.1,50.5,4.557,8.45,0.0,75.3,0.712,0.0,0.0,10.872727272727273,18.87272727272727,25.7,8.899999999999999,44.45454545454545,3.0254545454545454,5.85,0.0,152.6,0.6818181818181818,0.0,0.0,16.9,24.64,31.3,0.7,37.6,2.821,6.84,0.0,196.4,0.639,0.0,0.0,11.76,19.47,25.65,3.0,41.9,3.6759999999999997,10.76,0.0,144.7,0.621,0.0,0.0,10.16,15.77,20.830000000000002,19.5,55.0,4.090999999999999,8.38,0.0,107.7,0.631,0.0,0.0,16.45,23.81,29.919999999999998,2.8,44.3,2.9400000000000004,6.4,0.0,188.1,0.62,0.0,0.0,17.82,24.33,30.48,18.6,49.2,3.849,9.81,0.0,193.29999999999998,0.611,0.0,0.0,15.781818181818181,22.254545454545454,27.972727272727273,10.600000000000001,54.09090909090909,2.6681818181818184,6.65,0.0,189.8,0.6081818181818182,0.0,0.0,17.6,23.630000000000003,29.7,11.6,51.7,3.15,6.68,0.0,186.3,0.603,0.0,0.0,12.42,18.41,24.11,16.2,53.7,3.105,7.28,0.0,134.1,0.605,0.0,0.0,12.472727272727274,16.236363636363635,20.89090909090909,62.8,69.72727272727273,3.722727272727273,9.6,0.0,123.6,0.619090909090909,0.0,0.0,8.31,12.059999999999999,16.07,54.6,78.0,3.19,7.79,0.0,70.6,0.669,0.0,0.0,7.44,11.9,16.95,16.5,79.1,2.364,8.01,0.0,69.0,0.669,0.0,0.0,6.67,11.99,16.79,7.800000000000001,74.2,2.601,5.61,0.0,69.9,0.662,0.0,0.0,4.46,9.9,15.45,1.8,70.5,3.313,9.21,0.0,49.0,0.661,0.0,0.0,2.54,5.9399999999999995,9.66,1.2000000000000002,67.2,4.3180000000000005,7.68,0.0,5.499999999999999,0.656,0.0,0.0,,,,,,1.2268,0.8611700000000001,1.06
2024,Атбасарский,Пшеница,51.8,68.35,200.0,1.16,2.26,9.059999999999999,14.74,36.0,68.0,3.88,9.0,0.0,40.8,0.8230000000000001,0.0,0.0,6.590000000000001,12.67,18.28,33.8,65.7,3.675,9.39,0.0,76.7,0.8,0.0,0.0,5.5,10.709090909090909,15.872727272727273,35.6,70.18181818181819,4.352727272727273,8.7,0.0,63.5,0.8245454545454546,0.0,0.0,12.830000000000002,18.72,24.36,20.6,70.0,3.435,7.79,0.0,137.2,0.808,0.0,0.0,15.0,21.119999999999997,26.85,29.0,64.6,3.064,7.3,0.0,161.2,0.799,0.0,0.0,16.380000000000003,21.490000000000002,26.98,10.399999999999999,58.0,4.26,8.29,0.0,164.9,0.776,0.0,0.0,14.48,19.259999999999998,24.05,23.1,71.6,3.5020000000000002,7.29,0.0,142.6,0.761,0.0,0.0,16.55,21.28,25.96,36.9,70.3,3.3979999999999997,8.01,0.0,162.8,0.731,0.0,0.0,14.454545454545455,20.081818181818182,25.4,4.4,65.81818181818181,3.5463636363636364,8.35,0.0,165.9,0.7127272727272728,0.0,0.0,15.11,19.95,24.77,63.9,69.7,3.025,7.73,0.0,149.5,0.6880000000000001,0.0,0.0,12.39,16.5,20.93,17.700000000000003,72.2,3.3890000000000002,8.82,0.0,115.0,0.719,0.0,0.0,10.545454545454545,14.581818181818182,18.854545454545452,27.4,77.0909090909091,3.210909090909091,7.24,0.0,105.4,0.7227272727272727,0.0,0.0,7.67,11.879999999999999,16.02,16.1,76.6,3.753,6.86,0.0,68.8,0.715,0.0,0.0,6.49,11.66,16.79,1.0,67.8,3.66,6.8,0.0,66.6,0.71,0.0,0.0,3.06,9.55,16.18,0.2,60.4,2.9240000000000004,8.07,0.0,45.6,0.696,0.0,0.0,2.9400000000000004,9.58,16.19,0.0,52.6,3.073,7.32,0.0,45.8,0.688,0.0,0.0,-4.5,-1.28,3.0,10.3,70.0,5.2219999999999995,7.12,0.0,0.0,0.69,0.0,0.0,,,,,,0.8699999999999999,1.2268,0.8611700000000001
2025,Атбасарский,Пшеница,51.8,68.35,200.0,1.58,7.99,15.49,22.259999999999998,1.9000000000000001,52.2,3.806,9.84,0.0,104.9,0.77,0.0,0.0,11.99,18.419999999999998,24.490000000000002,9.8,58.9,3.929,8.55,0.0,134.2,0.759,0.0,0.0,9.672727272727274,15.927272727272726,21.60909090909091,22.3,58.18181818181818,3.666363636363636,8.18,0.0,120.2,0.7581818181818182,0.0,0.0,13.23,19.59,25.330000000000002,13.8,58.2,3.597,8.52,0.0,145.9,0.722,0.0,0.0,16.81,22.28,27.839999999999996,39.2,63.2,3.148,7.85,0.0,172.8,0.6910000000000001,0.0,0.0,13.11,17.919999999999998,22.39,18.5,61.8,3.66,10.82,0.0,129.2,0.679,0.0,0.0,15.180000000000001,21.119999999999997,26.330000000000002,1.9,60.7,3.1759999999999997,9.71,0.0,161.2,0.65,0.0,0.0,13.530000000000001,19.39,24.68,5.7,61.2,3.064,6.67,0.0,143.9,0.633,0.0,0.0,13.9,19.39090909090909,24.927272727272726,48.5,70.27272727272727,2.3936363636363636,6.43,0.0,158.29999999999998,0.6427272727272727,0.0,0.0,12.39,17.81,23.02,6.3,65.4,3.307,6.43,0.0,128.1,0.647,0.0,0.0,13.09,17.78,23.07,56.3,69.7,3.3989999999999996,6.96,0.0,127.8,0.667,0.0,0.0,12.254545454545456,17.88181818181818,23.21818181818182,12.299999999999999,59.72727272727273,3.2027272727272726,6.81,0.0,141.7,0.6427272727272727,0.0,0.0,10.57,15.459999999999999,20.77,16.4,64.6,3.747,8.41,0.0,104.6,0.642,0.0,0.0,6.55,11.66,16.9,7.3999999999999995,66.0,3.5839999999999996,6.94,0.0,66.6,0.651,0.0,0.0,7.109999999999999,11.68,16.75,5.8999999999999995,63.7,3.533,6.26,0.0,72.9,0.641,0.0,0.0,-1.65,4.32,10.45,0.7,62.4,2.857,7.14,0.0,2.9000000000000004,0.64,0.0,0.0,-3.88,0.25999999999999995,4.68,0.0,59.2,5.17,8.13,0.0,0.0,0.64,0.0,0.0,,,,,,1.16,0.8699999999999999,1.2268
1991,Зерендинский,Зерновые и бобовые,52.9,69.3,90.0,0.53,4.77,12.08,18.259999999999998,0.0,42.9,3.7689999999999997,7.47,0.0,75.0,0.572,0.0,0.0,8.05,13.86,19.06,1.6,50.5,3.7700000000000005,8.36,0.0,88.6,0.538,0.0,0.0,10.018181818181818,16.772727272727273,22.445454545454545,2.5,40.27272727272727,3.1536363636363633,6.45,0.0,129.5,0.5118181818181818,0.0,0.0,16.52,22.52,27.54,2.0,33.9,3.841,7.88,0.3,175.2,0.481,0.0,0.0,15.91,21.59,26.060000000000002,16.4,46.8,3.219,8.52,0.0,165.9,0.46699999999999997,0.0,0.0,14.74,20.34,24.66,6.5,55.1,2.935,6.53,0.0,153.4,0.473,0.0,0.0,14.34,19.18,23.19,1.6,49.5,3.618,6.92,0.0,141.8,0.46299999999999997,0.0,0.0,14.77,19.14,23.85,30.7,63.9,3.316,6.79,0.0,141.4,0.47000000000000003,0.0,0.0,16.20909090909091,20.681818181818183,24.80909090909091,18.2,68.36363636363636,2.708181818181818,4.81,0.0,172.5,0.4772727272727273,0.0,0.0,10.379999999999999,13.59,16.98,41.3,72.3,4.601,8.13,0.0,85.89999999999999,0.476,0.0,0.0,9.690000000000001,12.89,16.6,35.4,81.5,3.6079999999999997,8.47,0.0,78.9,0.48599999999999993,0.0,0.0,11.299999999999999,16.018181818181816,21.099999999999998,3.8,65.54545454545455,2.862727272727273,6.52,0.0,121.2,0.48272727272727267,0.0,0.0,12.190000000000001,16.0,20.580000000000002,20.1,65.2,4.181,8.61,0.0,110.0,0.484,0.0,0.0,6.93,11.07,15.330000000000002,5.7,61.0,3.846,7.38,0.0,60.7,0.47400000000000003,0.0,0.0,7.76,11.620000000000001,16.509999999999998,11.7,66.3,3.372,6.06,0.0,66.2,0.4779999999999999,0.0,0.0,3.75,7.37,11.85,0.0,61.7,3.048,6.13,0.0,33.3,0.48,0.0,0.0,-0.36000000000000015,2.78,6.040000000000001,4.7,68.0,3.7380000000000004,5.73,0.0,0.6999999999999993,0.48,0.0,0.0,,,,,,,,
1992,Зерендинский,Зерновые и бобовые,52.9,69.3,90.0,1.64,-0.18000000000000008,4.9399999999999995,9.77,6.6000000000000005,60.6,3.688,8.08,0.0,19.9,0.56,0.0,0.0,10.61,17.990000000000002,24.619999999999997,1.6,46.9,2.854,5.77,0.0,129.9,0.54,0.0,0.0,4.5636363636363635,9.645454545454545,14.236363636363636,18.0,63.54545454545455,3.348181818181818,8.05,0.0,51.1,0.5318181818181819,0.0,0.0,5.81,10.82,15.36,36.5,70.8,4.2829999999999995,11.5,0.0,61.7,0.545,0.0,0.0,8.459999999999999,13.319999999999999,17.47,2.6,62.4,3.0,5.74,0.0,83.19999999999999,0.543,0.0,0.0,12.940000000000001,18.25,22.96,10.8,60.7,3.061,6.05,0.0,132.5,0.523,0.0,0.0,13.069999999999999,18.34,22.96,5.3,52.9,4.005,7.54,0.0,133.4,0.503,0.0,0.0,15.3,19.82,24.84,72.3,69.4,3.694,6.4,0.0,148.2,0.481,0.0,0.0,12.627272727272727,16.327272727272728,19.754545454545454,83.8,76.36363636363636,3.2781818181818183,6.3,0.0,124.60000000000001,0.5227272727272727,0.0,0.0,12.7,17.23,21.630000000000003,16.3,73.4,2.761,7.21,0.0,122.30000000000001,0.536,0.0,0.0,10.97,14.530000000000001,18.29,40.3,78.9,2.9850000000000003,6.98,0.0,95.3,0.559,0.0,0.0,9.463636363636363,12.181818181818182,15.272727272727273,25.6,78.0909090909091,3.605454545454545,6.37,0.0,79.0,0.5481818181818182,0.0,0.0,8.879999999999999,12.120000000000001,15.690000000000001,11.7,75.2,4.09,9.11,0.0,71.2,0.544,0.0,0.0,3.3299999999999996,6.83,10.309999999999999,1.6,73.3,2.771,4.97,0.0,22.5,0.534,0.0,0.0,0.4600000000000001,3.78,7.470000000000001,17.1,77.7,3.143,6.64,0.0,4.3,0.537,0.0,0.0,1.3699999999999999,4.220000000000001,7.26,2.0999999999999996,67.0,4.555,8.61,0.0,6.7,0.543,0.0,0.0,4.1,6.8,10.36,5.0,71.4,4.948,8.13,0.0,13.5,0.54,0.0,0.0,,,,,,0.53,,
1993,Зерендинский,Зерновые и бобовые,52.9,69.3,90.0,1.04,-0.8300000000000001,5.1899999999999995,10.62,21.4,66.2,4.1530000000000005,9.96,0.0,24.400000000000002,0.655,0.0,0.0,5.55,12.1,17.77,2.1,54.9,3.754,8.27,0.0,71.0,0.643,0.0,0.0,5.590909090909091,11.063636363636364,15.818181818181818,10.2,55.54545454545455,4.373636363636364,9.89,0.0,67.9,0.5990909090909091,0.0,0.0,9.2,14.7,19.19,19.9,71.9,2.2640000000000002,5.1,0.0,97.0,0.578,0.0,0.0,11.3,15.88,19.85,25.6,66.8,3.375,7.07,0.0,108.8,0.555,0.0,0.0,14.430000000000001,19.2,23.39,28.0,72.4,3.403,7.5,0.0,142.0,0.542,0.0,0.0,15.209999999999999,19.11,23.240000000000002,37.800000000000004,73.7,3.7729999999999997,6.3,0.0,141.1,0.527,0.0,0.0,15.580000000000002,19.86,23.86,31.5,76.2,2.834,6.4,0.0,148.6,0.5549999999999999,0.0,0.0,13.054545454545455,16.472727272727273,19.736363636363635,35.0,77.27272727272727,3.350909090909091,7.98,0.0,126.2,0.5681818181818182,0.0,0.0,12.17,17.32,21.5,0.4,67.5,2.1870000000000003,4.9,0.0,123.2,0.553,0.0,0.0,14.14,18.43,23.22,25.9,69.6,3.338,8.14,0.0,134.3,0.523,0.0,0.0,11.354545454545455,15.318181818181818,19.490909090909092,28.7,75.45454545454545,4.1881818181818184,9.93,0.0,113.5,0.5590909090909091,0.0,0.0,6.3100000000000005,9.66,13.36,12.100000000000001,69.5,3.9019999999999997,11.17,0.0,46.6,0.567,0.0,0.0,5.09,8.629999999999999,12.22,25.7,68.0,4.692,9.52,0.0,36.3,0.557,0.0,0.0,0.4600000000000001,3.4199999999999995,6.2299999999999995,24.0,76.7,4.715,8.8,0.0,9.6,0.572,0.0,0.0,0.39,2.95,6.08,9.0,77.0,3.9549999999999996,8.01,0.0,2.2,0.577,0.0,0.0,2.44,5.84,10.379999999999999,0.0,66.6,4.2620000000000005,5.52,0.0,8.5,0.57,0.0,0.0,,,,,,1.64,0.53,
1994,Зерендинский,Зерновые и бобовые,52.9,69.3,90.0,0.6599999999999999,8.040000000000001,13.4,18.31,9.5,58.6,3.91,7.73,0.0,84.0,0.623,0.0,0.0,3.37,7.42,11.84,21.8,71.6,4.5600000000000005,9.84,0.0,31.3,0.634,0.0,0.0,8.218181818181819,13.836363636363636,19.363636363636363,4.7,53.63636363636363,4.119090909090909,11.74,0.0,97.2,0.5981818181818181,0.0,0.0,11.67,17.580000000000002,23.18,0.2,46.3,4.111,6.91,0.2,125.8,0.552,0.0,0.0,14.95,21.05,26.35,2.2,43.0,3.254,7.94,0.0,160.5,0.513,0.0,0.0,15.440000000000001,21.18,26.23,14.3,56.6,3.373,7.21,0.0,161.8,0.49000000000000005,0.0,0.0,15.2,19.05,23.03,52.400000000000006,67.2,3.375,6.08,0.0,140.5,0.518,0.0,0.0,11.77,14.24,17.14,27.9,83.9,3.5869999999999997,8.71,0.0,92.4,0.539,0.0,0.0,12.80909090909091,16.40909090909091,20.19090909090909,35.8,76.18181818181819,2.943636363636364,6.44,0.0,125.5,0.55,0.0,0.0,12.930000000000001,17.18,21.04,20.2,81.3,2.553,5.46,0.0,121.8,0.572,0.0,0.0,13.790000000000001,16.93,20.67,33.199999999999996,81.3,3.0409999999999995,6.24,0.0,119.3,0.574,0.0,0.0,8.990909090909092,12.363636363636363,15.872727272727273,46.2,77.63636363636364,3.1427272727272726,5.72,0.0,81.0,0.5654545454545454,0.0,0.0,6.18,10.2,13.98,8.399999999999999,69.8,3.7729999999999997,7.34,0.0,52.3,0.56,0.0,0.0,4.7299999999999995,7.7700000000000005,11.05,27.2,77.2,4.146,7.63,0.0,33.099999999999994,0.568,0.0,0.0,6.18,10.6,15.05,3.4,65.2,4.2,7.93,0.0,56.0,0.572,0.0,0.0,4.84,8.28,12.24,2.8000000000000003,72.1,2.852,5.12,0.0,34.0,0.556,0.0,0.0,0.6,4.1,8.1,0.0,56.6,4.156000000000001,6.26,0.0,2.3,0.55,0.0,0.0,,,,,,1.04,1.64,0.53
1995,Зерендинский,Зерновые и бобовые,52.9,69.3,90.0,0.58,6.459999999999999,11.940000000000001,17.27,26.0,61.7,3.6340000000000003,7.92,0.0,69.4,0.603,0.0,0.0,5.08,10.690000000000001,15.49,23.099999999999998,61.2,3.8630000000000004,8.36,0.0,56.9,0.587,0.0,0.0,6.6,11.60909090909091,15.97272727272727,18.9,60.72727272727273,3.560909090909091,7.86,0.0,72.7,0.5636363636363636,0.0,0.0,6.470000000000001,11.1,15.76,24.0,68.1,4.235,11.01,0.0,61.0,0.549,0.0,0.0,11.82,17.36,21.93,4.1000000000000005,62.1,2.791,6.11,0.0,123.6,0.531,0.0,0.0,14.209999999999999,20.119999999999997,24.97,4.9,55.3,2.71,6.09,0.0,151.2,0.504,0.0,0.0,17.630000000000003,21.84,26.080000000000002,27.5,66.6,3.643,7.17,0.0,168.4,0.508,0.0,0.0,13.290000000000001,17.68,21.95,17.3,61.8,3.974,8.39,0.0,126.8,0.525,0.0,0.0,15.70909090909091,20.445454545454545,24.8,10.9,61.63636363636363,2.921818181818182,5.32,0.0,169.9,0.5072727272727273,0.0,0.0,14.99,20.1,24.59,19.3,56.0,3.134,5.76,0.0,151.0,0.488,0.0,0.0,13.66,18.8,23.36,1.1,52.4,3.7619999999999996,8.18,0.0,138.0,0.471,0.0,0.0,10.272727272727273,14.681818181818182,18.672727272727272,9.6,62.18181818181818,2.919090909090909,7.48,0.0,106.5,0.47,0.0,0.0,9.98,15.37,20.46,2.1,59.1,2.2060000000000004,4.74,0.0,103.7,0.466,0.0,0.0,6.720000000000001,11.32,15.940000000000001,16.2,58.3,3.386,8.52,0.0,67.2,0.46799999999999997,0.0,0.0,3.7700000000000005,7.0200000000000005,10.83,19.7,69.3,4.182,9.61,0.0,20.9,0.489,0.0,0.0,3.15,8.61,14.680000000000001,0.6,60.9,2.871,5.15,0.0,36.7,0.49000000000000005,0.0,0.0,3.04,6.0600000000000005,8.66,9.9,67.0,5.428,10.48,0.0,11.100000000000001,0.48200000000000004,0.0,0.0,,,,,,0.6599999999999999,1.04,1.64
1996,Зерендинский,Зерновые и бобовые,52.9,69.3,90.0,0.5700000000000001,2.77,9.88,15.98,2.8,67.7,2.652,6.77,0.0,61.2,0.633,0.0,0.0,7.779999999999999,14.14,20.59,12.2,52.7,4.333,8.5,0.0,91.7,0.602,0.0,0.0,3.9818181818181815,9.327272727272726,14.390909090909092,4.7,52.36363636363637,4.006363636363637,10.02,0.0,48.1,0.5745454545454546,0.0,0.0,12.559999999999999,18.830000000000002,24.0,2.1,48.6,3.3549999999999995,6.73,0.0,138.3,0.534,0.0,0.0,12.48,17.32,21.830000000000002,36.7,70.1,3.3920000000000003,7.18,0.0,123.2,0.547,0.0,0.0,15.37,20.36,24.64,3.1,56.0,3.697,7.18,0.0,153.6,0.517,0.0,0.0,13.77,18.02,21.93,32.7,69.3,3.2590000000000003,7.4,0.0,130.2,0.502,0.0,0.0,13.690000000000001,18.14,22.15,30.1,78.8,3.439,7.12,0.0,131.4,0.518,0.0,0.0,15.70909090909091,20.172727272727272,24.09090909090909,7.6,65.27272727272727,3.391818181818182,6.2,0.0,166.9,0.5027272727272728,0.0,0.0,13.430000000000001,18.18,22.380000000000003,34.6,67.4,3.007,7.03,0.0,131.8,0.483,0.0,0.0,8.32,12.05,15.830000000000002,10.7,73.5,2.915,6.02,0.0,70.5,0.488,0.0,0.0,7.372727272727272,10.927272727272728,14.472727272727274,21.4,70.9090909090909,3.8127272727272725,6.59,0.0,65.2,0.4799999999999999,0.0,0.0,7.6899999999999995,12.36,17.31,4.9,64.2,3.2590000000000003,7.62,0.0,73.6,0.4779999999999999,0.0,0.0,7.7,10.52,13.88,17.3,73.1,3.162,6.37,0.0,55.2,0.49000000000000005,0.0,0.0,2.62,5.84,8.870000000000001,13.0,67.4,3.947,6.86,0.0,17.4,0.489,0.0,0.0,0.4600000000000001,4.32,9.0,8.5,71.8,3.808,7.94,0.0,7.2,0.49800000000000005,0.0,0.0,2.4,4.9799999999999995,7.779999999999999,3.5,82.4,3.822,7.84,0.0,2.7,0.5,0.0,0.0,,,,,,0.58,0.6599999999999999,1.04
1998,Зерендинский,Зерновые и бобовые,52.9,69.3,90.0,0.45,2.93,8.879999999999999,14.38,8.5,57.4,3.777,8.1,0.0,50.6,0.578,0.0,0.0,1.85,6.4799999999999995,10.790000000000001,25.4,63.4,4.3469999999999995,9.82,0.0,23.299999999999997,0.5650000000000001,0.0,0.0,10.60909090909091,17.363636363636363,23.145454545454545,0.5,47.81818181818182,3.1672727272727275,7.61,0.0,136.0,0.5472727272727274,0.0,0.0,11.37,18.07,23.31,1.3,47.2,3.283,7.47,0.0,130.70000000000002,0.512,0.0,0.0,15.680000000000001,21.66,26.6,3.9,57.2,3.156,5.73,0.0,166.6,0.502,0.0,0.0,13.6,18.5,23.61,35.3,66.3,3.0349999999999997,6.82,0.0,135.0,0.48200000000000004,0.0,0.0,16.9,21.78,26.580000000000002,11.6,60.9,3.3880000000000003,6.18,0.0,167.8,0.481,0.0,0.0,17.330000000000002,21.380000000000003,25.21,58.800000000000004,73.5,2.94,5.74,0.0,163.8,0.49800000000000005,0.0,0.0,17.254545454545454,22.71818181818182,27.236363636363638,0.4,54.09090909090909,3.5872727272727274,5.75,0.0,194.9,0.4981818181818182,0.0,0.0,20.52,26.02,31.24,3.9,46.2,2.55,6.65,0.0,210.2,0.469,0.0,0.0,14.01,17.990000000000002,22.16,21.900000000000002,61.6,2.8400000000000003,6.85,0.0,129.9,0.46399999999999997,0.0,0.0,13.054545454545455,18.045454545454547,22.490909090909092,4.199999999999999,51.09090909090909,3.450909090909091,8.04,0.0,143.5,0.4636363636363636,0.0,0.0,8.040000000000001,11.35,15.35,31.1,69.7,2.919,6.58,0.0,63.5,0.475,0.0,0.0,5.46,11.28,17.02,1.1,49.6,3.3810000000000002,7.47,0.0,63.0,0.47400000000000003,0.0,0.0,3.22,6.44,9.629999999999999,7.1,61.9,4.194,10.11,0.0,19.7,0.4699999999999999,0.0,0.0,-0.10000000000000005,3.0,6.05,21.0,66.7,5.234,9.07,0.0,14.0,0.48,0.0,0.0,3.4799999999999995,5.34,7.619999999999999,3.5999999999999996,72.2,5.732,9.34,0.0,4.7,0.492,0.0,0.0,,,,,,,0.5700000000000001,0.58
1999,Зерендинский,Зерновые и бобовые,52.9,69.3,90.0,1.78,4.16,10.53,16.03,9.8,53.0,4.021,9.24,0.0,59.8,0.586,0.0,0.0,6.88,13.59,19.56,3.9,40.5,5.42,11.83,0.0,85.89999999999999,0.5650000000000001,0.0,0.0,9.218181818181819,15.590909090909092,21.136363636363637,4.4,53.90909090909091,3.4036363636363633,6.87,0.0,116.5,0.5354545454545455,0.0,0.0,9.569999999999999,15.01,19.56,24.0,55.1,3.411,10.5,0.0,100.1,0.517,0.0,0.0,6.4799999999999995,10.99,15.319999999999999,48.5,67.1,3.5340000000000003,10.02,0.0,59.900000000000006,0.521,0.0,0.0,11.35,15.15,18.7,40.9,73.5,4.1259999999999994,8.85,0.0,101.5,0.577,0.0,0.0,15.91,21.48,26.639999999999997,0.5,52.6,3.353,6.31,0.0,164.8,0.545,0.0,0.0,13.65,16.96,20.46,87.4,78.1,3.9479999999999995,7.8,0.0,119.6,0.545,0.0,0.0,15.118181818181819,20.754545454545454,25.11818181818182,3.7,71.81818181818181,2.2627272727272727,4.21,0.0,173.3,0.5318181818181819,0.0,0.0,12.7,16.4,20.3,33.6,71.4,3.2060000000000004,7.61,0.0,114.0,0.507,0.0,0.0,13.540000000000001,18.59,23.7,6.2,61.4,3.084,6.71,0.0,135.9,0.502,0.0,0.0,12.418181818181818,17.5,22.318181818181817,0.5,54.72727272727273,3.561818181818182,6.42,0.0,137.5,0.4754545454545454,0.0,0.0,7.290000000000001,10.690000000000001,14.51,38.8,75.8,4.231,7.88,0.0,56.9,0.495,0.0,0.0,10.36,14.7,19.259999999999998,4.6,61.4,3.221,7.69,0.0,97.0,0.496,0.0,0.0,4.340000000000001,7.279999999999999,10.9,12.2,73.3,2.992,7.32,0.0,25.5,0.49000000000000005,0.0,0.0,7.82,10.72,14.34,10.0,79.7,3.443,6.18,0.0,57.2,0.49399999999999994,0.0,0.0,5.14,9.64,14.959999999999999,0.0,63.6,3.496,7.2,0.0,23.2,0.49000000000000005,0.0,0.0,,,,,,0.45,,0.5700000000000001
2000,Зерендинский,Зерновые и бобовые,52.9,69.3,90.0,1.08,2.46,6.839999999999999,11.3,15.1,59.6,4.575,9.23,0.0,22.5,0.547,0.0,0.0,5.43,10.290000000000001,14.920000000000002,8.3,58.2,4.3420000000000005,10.96,0.0,52.9,0.543,0.0,0.0,7.490909090909091,11.827272727272726,16.081818181818182,48.7,74.0909090909091,3.6727272727272724,7.98,0.0,75.1,0.5336363636363637,0.0,0.0,8.66,13.080000000000002,17.759999999999998,50.5,76.3,3.6369999999999996,7.78,0.0,80.8,0.557,0.0,0.0,13.61,18.94,23.22,10.7,66.3,3.3409999999999997,8.22,0.0,139.4,0.541,0.0,0.0,17.07,21.85,26.24,37.0,65.1,3.404,8.39,0.0,168.5,0.507,0.0,0.0,13.169999999999998,17.619999999999997,21.52,12.399999999999999,63.0,3.559,7.81,0.0,126.2,0.499,0.0,0.0,13.39,17.69,21.740000000000002,20.6,67.4,3.772,6.92,0.0,126.9,0.504,0.0,0.0,14.445454545454545,19.37272727272727,23.981818181818184,10.4,65.27272727272727,2.4654545454545453,5.99,0.0,158.1,0.48727272727272725,0.0,0.0,16.4,20.34,24.66,7.6,63.4,3.496,7.19,0.0,153.4,0.46699999999999997,0.0,0.0,12.690000000000001,17.3,21.98,17.400000000000002,58.3,2.903,7.34,0.0,123.0,0.4600000000000001,0.0,0.0,9.990909090909092,13.854545454545455,17.60909090909091,20.5,68.72727272727273,3.2236363636363636,6.24,0.0,97.4,0.47363636363636363,0.0,0.0,10.41,16.79,23.130000000000003,0.0,44.4,3.1350000000000002,7.03,0.1,117.9,0.466,0.0,0.0,6.67,10.39,14.15,14.6,64.4,4.645,10.57,0.0,53.9,0.471,0.0,0.0,-0.15999999999999998,2.85,6.0200000000000005,13.0,69.5,4.832,9.32,0.0,4.999999999999999,0.477,0.0,0.0,-2.1399999999999997,0.009999999999999964,2.54,2.9000000000000004,70.5,3.457,5.47,0.0,0.0,0.48,0.0,0.0,-2.1399999999999997,-0.18,2.44,2.5,79.4,3.2399999999999998,4.96,0.0,0.0,0.48,0.0,0.0,,,,,,1.78,0.45,
2001,Зерендинский,Зерновые и бобовые,52.9,69.3,90.0,1.37,6.5,14.309999999999999,20.94,5.6,53.9,3.045,8.15,0.0,93.10000000000001,0.602,0.0,0.0,6.7700000000000005,13.169999999999998,18.84,9.7,55.5,3.964,7.79,0.0,81.7,0.578,0.0,0.0,12.672727272727274,19.018181818181816,25.136363636363637,10.799999999999999,50.45454545454545,3.0936363636363637,6.46,0.0,154.2,0.5472727272727274,0.0,0.0,10.48,14.169999999999998,18.31,37.5,68.2,3.942,8.35,0.0,91.7,0.529,0.0,0.0,11.61,16.52,20.68,8.3,62.6,2.757,5.22,0.0,115.19999999999999,0.513,0.0,0.0,13.459999999999999,18.009999999999998,22.34,8.4,59.2,4.209999999999999,9.23,0.0,130.1,0.493,0.0,0.0,11.290000000000001,14.77,18.369999999999997,33.9,69.6,3.8810000000000002,8.68,0.0,97.7,0.504,0.0,0.0,12.41,15.930000000000001,19.57,62.8,79.9,3.0140000000000002,8.22,0.0,109.3,0.546,0.0,0.0,13.109090909090908,17.327272727272728,21.272727272727273,2.7,68.18181818181819,2.7545454545454544,5.72,0.0,135.6,0.53,0.0,0.0,14.319999999999999,18.509999999999998,22.97,26.2,66.7,3.2939999999999996,5.91,0.0,135.1,0.516,0.0,0.0,13.11,17.11,21.05,29.9,71.0,3.4370000000000003,6.64,0.0,121.1,0.518,0.0,0.0,9.327272727272726,12.6,16.081818181818182,61.4,77.18181818181819,3.598181818181818,9.04,0.0,83.6,0.5481818181818182,0.0,0.0,8.860000000000001,12.23,15.91,16.9,71.6,4.0329999999999995,7.18,0.0,72.3,0.56,0.0,0.0,3.37,6.2,9.05,22.2,79.9,3.5829999999999997,7.48,0.0,12.600000000000001,0.562,0.0,0.0,5.34,8.91,13.190000000000001,2.6,68.6,3.897,9.75,0.0,40.4,0.563,0.0,0.0,2.9699999999999998,5.38,8.209999999999999,36.199999999999996,73.2,4.421,9.05,0.0,13.6,0.568,0.0,0.0,1.48,4.0,7.359999999999999,5.1,78.4,4.922,8.65,0.0,0.40000000000000036,0.59,0.0,0.0,,,,,,1.08,1.78,0.45
2002,Зерендинский,Зерновые и бобовые,52.9,69.3,90.0,1.15,2.0599999999999996,8.78,14.4,7.2,58.4,2.722,6.67,0.0,40.3,0.663,0.0,0.0,5.3,11.1,16.259999999999998,11.3,59.9,4.35,8.49,0.0,62.8,0.636,0.0,0.0,5.972727272727273,10.636363636363637,14.890909090909092,40.5,63.09090909090909,5.100909090909091,11.3,0.0,62.0,0.6027272727272727,0.0,0.0,8.23,13.940000000000001,18.869999999999997,10.0,64.3,3.283,6.89,0.0,89.4,0.578,0.0,0.0,10.91,16.28,20.740000000000002,9.0,64.4,2.431,6.43,0.0,112.8,0.549,0.0,0.0,13.209999999999999,16.86,20.369999999999997,27.1,73.7,3.472,8.3,0.0,118.6,0.551,0.0,0.0,13.34,18.25,22.44,15.8,72.5,3.215,6.01,0.0,132.5,0.553,0.0,0.0,12.09,16.669999999999998,20.94,15.0,70.5,2.9690000000000003,6.1,0.0,116.7,0.533,0.0,0.0,13.345454545454546,18.018181818181816,22.018181818181816,2.1,64.72727272727273,3.1045454545454545,6.9,0.0,143.2,0.520909090909091,0.0,0.0,15.37,20.54,25.860000000000003,13.599999999999998,61.9,3.0060000000000002,5.96,0.0,155.4,0.493,0.0,0.0,11.19,15.64,20.09,17.099999999999998,68.7,3.4379999999999997,6.89,0.0,106.39999999999999,0.49399999999999994,0.0,0.0,8.445454545454545,12.336363636363636,16.61818181818182,47.2,76.0,3.390909090909091,8.8,0.0,80.7,0.4945454545454545,0.0,0.0,9.32,13.559999999999999,18.11,7.6,72.5,3.567,7.74,0.0,85.6,0.5,0.0,0.0,7.040000000000001,12.120000000000001,18.23,1.8,44.1,4.038,6.84,0.1,73.0,0.48599999999999993,0.0,0.0,7.95,11.940000000000001,16.11,3.0,61.6,4.175,8.92,0.0,69.4,0.476,0.0,0.0,2.56,6.1899999999999995,10.45,10.5,60.0,5.032,11.18,0.0,17.7,0.473,0.0,0.0,-3.2399999999999998,-0.31999999999999995,1.6200000000000003,16.6,81.6,4.654,9.25,0.0,3.8000000000000007,0.48,0.0,0.0,,,,,,1.37,1.08,1.78
2003,Зерендинский,Зерновые и бобовые,52.9,69.3,90.0,0.93,5.74,10.92,15.8,14.3,71.1,3.339,8.02,0.0,59.2,0.5650000000000001,0.0,0.0,11.53,17.53,23.36,5.4,50.1,3.88,6.9,0.0,125.30000000000001,0.538,0.0,0.0,8.563636363636364,13.718181818181819,18.763636363636365,38.3,69.81818181818181,3.8400000000000003,7.99,0.0,95.9,0.5518181818181819,0.0,0.0,10.24,14.309999999999999,18.380000000000003,30.6,73.6,4.0920000000000005,9.56,0.0,93.1,0.562,0.0,0.0,11.809999999999999,15.95,19.53,19.6,69.1,3.6670000000000003,7.12,0.0,109.5,0.549,0.0,0.0,13.719999999999999,18.89,23.25,7.7,56.4,3.8259999999999996,8.29,0.0,138.9,0.522,0.0,0.0,17.21,20.990000000000002,25.22,39.2,71.0,2.933,6.17,0.0,159.9,0.502,0.0,0.0,11.35,15.219999999999999,18.63,14.0,70.5,3.149,6.04,0.0,102.2,0.499,0.0,0.0,10.281818181818181,14.69090909090909,18.69090909090909,13.200000000000001,69.0909090909091,3.3390909090909093,8.06,0.0,106.60000000000001,0.5063636363636363,0.0,0.0,14.41,19.25,23.72,6.1,66.7,2.461,5.86,0.0,142.5,0.492,0.0,0.0,17.79,22.13,26.65,9.0,63.4,2.5759999999999996,5.39,0.0,171.29999999999998,0.481,0.0,0.0,15.427272727272726,20.900000000000002,26.063636363636363,1.3,46.81818181818182,3.157272727272727,6.71,0.0,174.9,0.46818181818181814,0.0,0.0,15.61,21.23,27.57,0.8,43.0,3.472,8.54,0.0,162.3,0.4600000000000001,0.0,0.0,8.55,11.540000000000001,15.219999999999999,15.8,66.6,3.946,7.46,0.0,65.4,0.484,0.0,0.0,2.45,6.26,10.370000000000001,3.9000000000000004,65.6,2.982,6.98,0.0,17.200000000000003,0.48,0.0,0.0,-0.23000000000000004,5.43,11.72,0.0,57.4,2.029,3.45,0.0,10.7,0.477,0.0,0.0,-1.0,4.0200000000000005,10.26,0.0,49.2,2.06,4.29,0.0,0.40000000000000036,0.4699999999999999,0.0,0.0,,,,,,1.15,1.37,1.08
2004,Зерендинский,Зерновые и бобовые,52.9,69.3,90.0,0.89,3.87,9.75,15.209999999999999,5.1000000000000005,51.2,4.485,8.67,0.0,50.8,0.583,0.0,0.0,12.58,19.61,25.77,0.1,39.2,3.874,6.58,0.3,146.1,0.548,0.0,0.0,9.0,15.436363636363637,20.69090909090909,6.2,51.72727272727273,3.4918181818181817,7.28,0.0,114.8,0.53,0.0,0.0,11.89,17.759999999999998,22.990000000000002,6.5,41.0,4.046,8.77,0.1,127.6,0.503,0.0,0.0,15.440000000000001,21.119999999999997,26.110000000000003,4.3,42.5,4.404,9.31,0.2,161.2,0.483,0.0,0.0,13.559999999999999,18.009999999999998,22.25,29.4,60.8,3.586,7.22,0.0,130.1,0.473,0.0,0.0,12.95,17.619999999999997,21.869999999999997,23.2,63.0,3.132,6.86,0.0,126.2,0.485,0.0,0.0,14.719999999999999,20.490000000000002,24.68,11.3,63.2,2.601,4.74,0.0,154.9,0.47400000000000003,0.0,0.0,16.509090909090908,21.745454545454546,26.545454545454547,25.400000000000002,55.09090909090909,2.6363636363636362,7.16,0.0,184.2,0.4645454545454546,0.0,0.0,12.190000000000001,16.04,19.990000000000002,34.6,69.7,3.944,7.37,0.0,110.4,0.481,0.0,0.0,14.11,19.29,24.23,2.0,55.2,3.603,6.44,0.0,142.9,0.473,0.0,0.0,10.945454545454545,15.654545454545454,20.572727272727274,7.3,62.54545454545455,3.4536363636363636,7.69,0.0,117.2,0.4709090909090909,0.0,0.0,7.99,13.02,17.7,16.700000000000003,63.1,3.589,10.25,0.0,80.2,0.483,0.0,0.0,9.05,12.780000000000001,16.880000000000003,8.3,62.9,3.6410000000000005,9.18,0.0,77.80000000000001,0.48599999999999993,0.0,0.0,7.33,12.0,17.05,6.8999999999999995,63.1,3.747,7.1,0.0,70.0,0.483,0.0,0.0,6.24,9.68,13.419999999999998,13.2,65.2,4.286,7.48,0.0,54.1,0.492,0.0,0.0,4.22,7.779999999999999,11.72,5.4,54.2,5.7700000000000005,9.58,0.0,20.5,0.5,0.0,0.0,,,,,,0.93,1.15,1.37
2005,Зерендинский,Зерновые и бобовые,52.9,69.3,90.0,1.19,5.36,10.18,15.2,49.0,64.2,4.6579999999999995,6.82,0.0,54.8,0.631,0.0,0.0,7.529999999999999,14.280000000000001,20.15,10.2,57.4,2.909,7.19,0.0,92.8,0.636,0.0,0.0,8.672727272727274,13.463636363636363,18.28181818181818,26.3,65.0,3.693636363636364,7.58,0.0,93.1,0.6045454545454545,0.0,0.0,12.459999999999999,18.36,23.080000000000002,10.1,60.8,2.846,8.45,0.0,133.6,0.585,0.0,0.0,13.959999999999999,19.04,23.44,8.2,59.2,2.7,5.42,0.0,140.4,0.557,0.0,0.0,13.969999999999999,17.86,21.69,90.39999999999999,74.9,3.6109999999999998,9.48,0.0,128.6,0.587,0.0,0.0,15.59,20.43,24.81,9.1,69.7,2.466,5.99,0.0,154.3,0.578,0.0,0.0,11.93,16.06,19.43,43.8,76.2,3.6420000000000003,9.63,0.0,110.60000000000001,0.623,0.0,0.0,14.781818181818181,19.69090909090909,23.827272727272728,7.0,71.27272727272727,2.523636363636364,4.88,0.0,161.6,0.6,0.0,0.0,15.459999999999999,19.15,23.05,18.6,72.5,2.87,6.02,0.0,141.5,0.569,0.0,0.0,14.169999999999998,19.060000000000002,24.04,3.0,57.8,2.669,5.58,0.0,140.60000000000002,0.535,0.0,0.0,8.363636363636363,10.581818181818182,13.481818181818182,86.2,87.27272727272727,3.690909090909091,10.9,0.0,61.400000000000006,0.5963636363636363,0.0,0.0,10.0,13.809999999999999,17.770000000000003,8.6,72.5,3.9240000000000004,6.94,0.0,88.1,0.61,0.0,0.0,6.24,11.02,16.009999999999998,3.8000000000000003,64.7,3.081,6.02,0.0,60.2,0.595,0.0,0.0,3.95,7.9,12.3,2.5,70.8,3.086,7.54,0.0,29.4,0.578,0.0,0.0,2.31,6.709999999999999,11.49,5.8999999999999995,74.2,2.799,7.23,0.0,22.6,0.571,0.0,0.0,-0.4,4.0,9.540000000000001,0.0,74.2,1.848,3.05,0.0,0.8000000000000007,0.57,0.0,0.0,,,,,,0.89,0.93,1.15
2006,Зерендинский,Зерновые и бобовые,52.9,69.3,90.0,1.51,-1.1099999999999999,5.26,10.26,1.0,56.0,3.051,6.91,0.0,16.3,0.681,0.0,0.0,7.51,12.45,17.47,20.7,62.6,3.5770000000000004,8.35,0.0,74.5,0.652,0.0,0.0,10.518181818181818,16.181818181818183,21.28181818181818,8.399999999999999,59.27272727272727,3.3636363636363638,6.99,0.0,123.0,0.63,0.0,0.0,12.32,17.8,22.490000000000002,10.3,61.7,3.113,6.75,0.0,128.0,0.598,0.0,0.0,16.41,21.52,26.4,6.5,51.3,3.6270000000000002,7.83,0.0,165.2,0.549,0.0,0.0,15.830000000000002,19.04,22.919999999999998,52.6,79.5,2.437,6.56,0.0,140.4,0.543,0.0,0.0,12.2,16.259999999999998,19.96,14.4,68.9,3.4910000000000005,7.99,0.0,112.6,0.542,0.0,0.0,14.080000000000002,19.279999999999998,23.54,10.9,73.5,2.7649999999999997,5.94,0.0,142.79999999999998,0.528,0.0,0.0,12.945454545454545,17.0,20.954545454545453,7.8,56.18181818181818,5.098181818181818,11.29,0.0,132.0,0.5218181818181818,0.0,0.0,10.72,14.55,18.03,16.4,68.9,2.839,7.45,0.0,95.5,0.512,0.0,0.0,11.9,15.88,20.28,33.8,69.3,4.424,8.51,0.0,108.8,0.52,0.0,0.0,11.254545454545454,15.127272727272727,19.09090909090909,9.0,63.81818181818182,3.0990909090909096,6.02,0.0,111.4,0.5109090909090909,0.0,0.0,11.89,17.64,23.6,3.9,42.0,3.252,5.33,0.0,126.39999999999999,0.49000000000000005,0.0,0.0,7.01,9.96,13.3,44.3,73.1,4.989,10.43,0.0,52.7,0.49800000000000005,0.0,0.0,4.720000000000001,8.540000000000001,12.72,2.4,62.5,4.226,9.76,0.0,35.9,0.512,0.0,0.0,2.38,5.290000000000001,8.3,34.0,72.2,4.318,8.52,0.0,20.5,0.526,0.0,0.0,-2.1599999999999997,0.45999999999999996,3.8600000000000003,1.4,82.0,2.904,6.24,0.0,0.0,0.556,0.0,0.0,,,,,,1.19,0.89,0.93
2007,Зерендинский,Зерновые и бобовые,52.9,69.3,90.0,1.63,3.69,8.459999999999999,13.040000000000001,47.3,66.5,5.574,15.59,0.0,37.6,0.682,0.0,0.0,8.940000000000001,13.63,18.53,17.099999999999998,67.5,4.332,8.12,0.0,86.3,0.692,0.0,0.0,9.472727272727273,15.163636363636362,20.19090909090909,14.5,62.72727272727273,4.1890909090909085,8.49,0.0,111.8,0.6554545454545454,0.0,0.0,4.7299999999999995,10.15,14.559999999999999,10.8,59.1,3.8520000000000003,8.22,0.0,52.2,0.613,0.0,0.0,10.72,16.259999999999998,21.130000000000003,10.2,61.5,3.684,8.11,0.0,112.6,0.587,0.0,0.0,16.36,21.44,26.169999999999998,11.2,58.6,3.5480000000000005,8.6,0.0,164.4,0.557,0.0,0.0,15.76,20.28,24.580000000000002,37.2,77.1,2.221,5.32,0.0,152.8,0.57,0.0,0.0,16.5,20.27,23.86,85.2,76.5,3.088,6.33,0.0,152.7,0.637,0.0,0.0,12.890909090909092,17.0,20.927272727272726,10.9,70.9090909090909,3.041818181818182,6.26,0.0,132.0,0.5945454545454546,0.0,0.0,13.89,18.02,21.830000000000002,13.4,73.9,2.83,5.73,0.0,130.2,0.5589999999999999,0.0,0.0,9.67,13.920000000000002,17.69,3.1,63.2,3.054,7.85,0.0,89.2,0.543,0.0,0.0,14.154545454545454,19.581818181818182,25.318181818181817,12.6,55.90909090909091,3.25,6.1,0.0,160.4,0.5227272727272727,0.0,0.0,11.36,16.32,21.330000000000002,0.6,56.3,3.56,6.49,0.0,113.2,0.495,0.0,0.0,8.58,12.99,17.759999999999998,3.0,56.2,4.188000000000001,7.53,0.0,79.9,0.4779999999999999,0.0,0.0,4.6,8.15,12.040000000000001,11.4,72.9,3.056,7.03,0.0,31.5,0.481,0.0,0.0,1.41,5.37,10.08,11.2,76.2,3.232,9.51,0.0,8.7,0.5,0.0,0.0,3.12,6.6,11.040000000000001,1.7999999999999998,63.2,3.344,5.42,0.0,7.999999999999999,0.5,0.0,0.0,,,,,,1.51,1.19,0.89
2008,Зерендинский,Зерновые и бобовые,52.9,69.3,90.0,1.09,2.7800000000000002,8.09,12.74,12.4,60.1,3.7030000000000003,6.83,0.0,38.4,0.562,0.0,0.0,8.26,14.75,20.32,6.6,54.0,3.315,6.4,0.0,97.5,0.545,0.0,0.0,10.027272727272727,15.936363636363637,21.69090909090909,21.3,60.81818181818182,3.710909090909091,7.47,0.0,120.3,0.5272727272727273,0.0,0.0,9.33,13.66,18.04,20.9,62.7,4.127,9.56,0.0,86.6,0.523,0.0,0.0,12.440000000000001,18.869999999999997,24.14,1.7,51.8,3.219,9.53,0.0,138.7,0.503,0.0,0.0,15.25,20.6,25.45,18.7,55.1,2.902,6.15,0.0,156.0,0.476,0.0,0.0,13.930000000000001,18.86,23.32,31.400000000000002,67.6,2.727,6.59,0.0,138.6,0.48,0.0,0.0,17.380000000000003,22.009999999999998,26.04,27.4,67.6,3.061,5.86,0.0,170.1,0.476,0.0,0.0,17.39090909090909,22.79090909090909,27.872727272727275,5.1,60.72727272727273,3.3045454545454547,6.36,0.0,195.7,0.4818181818181818,0.0,0.0,15.080000000000002,19.14,22.85,5.6000000000000005,53.6,4.112,8.6,0.0,141.4,0.46699999999999997,0.0,0.0,14.98,19.919999999999998,24.64,1.1,54.4,3.2270000000000003,6.49,0.0,149.2,0.4600000000000001,0.0,0.0,13.3,17.436363636363637,21.736363636363635,14.5,60.18181818181818,3.4272727272727277,7.94,0.0,136.8,0.46545454545454545,0.0,0.0,9.129999999999999,13.2,17.35,9.100000000000001,63.5,3.8909999999999996,8.59,0.0,82.0,0.46799999999999997,0.0,0.0,4.9399999999999995,7.58,11.120000000000001,23.0,75.6,3.4769999999999994,7.12,0.0,30.3,0.493,0.0,0.0,1.35,4.55,8.059999999999999,2.6,69.0,3.007,8.85,0.0,4.3999999999999995,0.51,0.0,0.0,3.2700000000000005,8.67,15.51,0.0,58.0,2.484,4.73,0.0,36.7,0.501,0.0,0.0,1.48,3.9200000000000004,6.779999999999999,13.3,78.2,5.228,9.69,0.0,0.7999999999999998,0.51,0.0,0.0,,,,,,1.63,1.51,1.19
2009,Зерендинский,Зерновые и бобовые,52.9,69.3,90.0,1.53,2.6,10.22,16.580000000000002,10.9,48.6,3.7269999999999994,8.1,0.0,55.2,0.579,0.0,0.0,8.790000000000001,14.12,19.259999999999998,20.4,56.3,4.095000000000001,7.59,0.0,91.2,0.561,0.0,0.0,5.463636363636363,10.799999999999999,16.11818181818182,32.6,60.63636363636363,3.9790909090909095,8.51,0.0,68.9,0.5863636363636363,0.0,0.0,12.62,19.0,24.740000000000002,6.2,57.6,2.709,7.56,0.0,140.0,0.569,0.0,0.0,12.379999999999999,17.990000000000002,22.619999999999997,5.3,49.9,3.7600000000000002,7.35,0.0,129.9,0.536,0.0,0.0,10.809999999999999,15.12,19.16,9.9,61.5,4.304,9.22,0.0,101.2,0.512,0.0,0.0,13.0,19.1,24.3,10.8,48.1,3.158,6.65,0.1,141.0,0.49800000000000005,0.0,0.0,13.680000000000001,17.07,21.0,63.0,80.7,3.368,6.73,0.0,120.7,0.515,0.0,0.0,11.9,16.354545454545455,20.57272727272727,30.2,70.0,3.444545454545455,8.32,0.0,124.9,0.5227272727272727,0.0,0.0,12.34,15.669999999999998,19.12,17.9,73.3,3.6310000000000002,7.34,0.0,106.7,0.557,0.0,0.0,10.940000000000001,15.780000000000001,20.43,15.1,61.8,3.7640000000000002,7.38,0.0,107.8,0.542,0.0,0.0,13.29090909090909,17.345454545454547,21.30909090909091,46.2,66.0,3.5927272727272723,7.71,0.0,135.8,0.5309090909090909,0.0,0.0,6.970000000000001,10.91,14.819999999999999,16.6,75.3,2.8310000000000004,6.55,0.0,59.1,0.567,0.0,0.0,6.970000000000001,11.45,16.259999999999998,10.499999999999998,69.7,2.434,5.73,0.0,64.5,0.5640000000000001,0.0,0.0,7.0200000000000005,10.89,14.87,7.1,66.1,3.755,7.57,0.0,58.9,0.56,0.0,0.0,4.9799999999999995,8.34,12.440000000000001,28.9,68.1,4.381,7.64,0.0,34.6,0.564,0.0,0.0,0.41999999999999993,4.279999999999999,8.5,0.3,60.8,3.9859999999999998,6.44,0.0,5.6,0.562,0.0,0.0,,,,,,1.09,1.63,1.51
2010,Зерендинский,Зерновые и бобовые,52.9,69.3,90.0,0.94,6.180000000000001,12.95,18.490000000000002,0.2,52.4,3.086,5.5,0.0,79.5,0.621,0.0,0.0,5.45,11.5,17.0,2.3000000000000003,49.3,3.4850000000000003,9.81,0.0,65.0,0.588,0.0,0.0,7.4363636363636365,13.19090909090909,18.700000000000003,9.0,56.90909090909091,3.7763636363636364,7.7,0.0,90.6,0.5645454545454546,0.0,0.0,12.58,19.43,25.369999999999997,6.1000000000000005,46.2,3.2380000000000004,6.68,0.0,144.3,0.537,0.0,0.0,16.009999999999998,21.81,27.369999999999997,8.6,47.0,3.835,9.42,0.0,168.1,0.508,0.0,0.0,12.48,17.82,22.34,10.5,52.4,3.189,7.87,0.0,128.20000000000002,0.497,0.0,0.0,12.540000000000001,17.1,21.259999999999998,1.4,51.4,3.775,8.25,0.0,121.0,0.475,0.0,0.0,14.8,20.25,25.15,5.800000000000001,53.6,2.949,5.95,0.0,152.5,0.469,0.0,0.0,12.372727272727273,18.3,23.072727272727274,11.6,51.54545454545455,2.8400000000000003,6.94,0.0,146.3,0.46636363636363637,0.0,0.0,16.130000000000003,22.0,27.07,0.5,47.0,2.87,6.28,0.0,170.0,0.461,0.0,0.0,14.23,20.259999999999998,25.97,1.4000000000000001,47.9,3.034,6.34,0.0,152.6,0.4600000000000001,0.0,0.0,14.427272727272726,19.62727272727273,24.936363636363637,16.2,53.90909090909091,3.88,8.92,0.0,160.9,0.49090909090909096,0.0,0.0,9.66,15.14,21.1,1.3,44.8,4.41,13.4,0.1,101.4,0.47400000000000003,0.0,0.0,5.279999999999999,9.83,14.709999999999999,3.1,54.0,3.087,6.95,0.0,49.8,0.4699999999999999,0.0,0.0,8.209999999999999,13.24,18.75,1.3,50.7,3.559,9.42,0.0,82.39999999999999,0.46399999999999997,0.0,0.0,2.54,5.55,8.8,2.5,67.6,3.2299999999999995,7.3,0.0,15.9,0.4699999999999999,0.0,0.0,2.4,7.040000000000001,12.379999999999999,8.899999999999999,58.8,4.316,8.15,0.0,11.2,0.472,0.0,0.0,,,,,,1.53,1.09,1.63
2011,Зерендинский,Зерновые и бобовые,52.9,69.3,90.0,2.2,3.79,9.89,15.2,7.0,49.7,3.433,6.63,0.0,48.9,0.595,0.0,0.0,5.33,11.65,17.23,9.4,40.3,3.189,8.94,0.0,66.5,0.573,0.0,0.0,7.9,12.97272727272727,18.263636363636365,65.2,70.54545454545455,3.713636363636364,9.14,0.0,87.7,0.5809090909090909,0.0,0.0,11.93,16.81,21.46,29.9,74.1,2.6879999999999997,6.85,0.0,118.1,0.612,0.0,0.0,12.0,17.25,21.71,23.4,61.8,3.465,8.08,0.0,122.5,0.575,0.0,0.0,13.34,16.669999999999998,19.85,23.5,78.0,3.9090000000000003,7.94,0.0,116.7,0.595,0.0,0.0,13.89,18.54,22.57,5.1,64.5,3.567,7.18,0.0,135.4,0.563,0.0,0.0,12.059999999999999,16.419999999999998,20.020000000000003,49.5,77.5,3.13,5.95,0.0,114.2,0.572,0.0,0.0,14.3,18.8,22.854545454545455,33.1,71.0909090909091,3.4127272727272726,7.6,0.0,151.8,0.5509090909090909,0.0,0.0,10.75,14.98,18.82,16.8,71.2,3.357,6.39,0.0,99.80000000000001,0.542,0.0,0.0,13.8,18.44,22.740000000000002,0.5,61.1,2.867,5.31,0.0,134.4,0.517,0.0,0.0,8.645454545454545,12.2,15.936363636363637,22.9,69.72727272727273,3.7954545454545454,6.94,0.0,79.2,0.5136363636363637,0.0,0.0,12.459999999999999,17.65,23.11,2.5,49.6,3.347,6.62,0.0,126.5,0.5,0.0,0.0,12.17,16.79,22.14,2.9,46.4,3.4829999999999997,7.92,0.0,117.9,0.488,0.0,0.0,5.21,8.49,12.059999999999999,19.8,71.3,4.392,10.26,0.0,36.2,0.497,0.0,0.0,5.92,9.02,12.75,18.8,73.0,4.137,7.45,0.0,40.2,0.505,0.0,0.0,4.74,9.379999999999999,15.84,0.0,73.2,2.62,4.33,0.0,21.9,0.51,0.0,0.0,,,,,,0.94,1.53,1.09
2012,Зерендинский,Зерновые и бобовые,52.9,69.3,90.0,1.21,3.5799999999999996,8.16,12.969999999999999,36.0,68.5,3.929,8.06,0.0,31.6,0.571,0.0,0.0,8.05,14.26,19.65,9.9,55.1,3.864,6.8,0.0,92.6,0.5650000000000001,0.0,0.0,10.727272727272727,17.045454545454547,22.645454545454545,4.300000000000001,44.63636363636363,3.261818181818182,5.9,0.09090909090909091,132.5,0.5472727272727274,0.0,0.0,13.540000000000001,19.52,24.61,9.0,50.6,3.2079999999999997,7.57,0.0,145.2,0.524,0.0,0.0,13.430000000000001,18.75,23.490000000000002,17.9,66.7,2.698,6.14,0.0,137.5,0.523,0.0,0.0,15.87,20.36,24.47,30.8,61.2,3.521,5.46,0.0,153.6,0.517,0.0,0.0,14.85,19.82,24.16,4.3,61.3,3.5479999999999996,5.97,0.0,148.2,0.523,0.0,0.0,18.57,25.93,31.54,0.2,41.3,2.463,5.5,0.0,209.3,0.491,0.0,0.0,16.69090909090909,20.918181818181818,25.563636363636363,72.8,65.9090909090909,3.167272727272727,6.0,0.0,175.1,0.4763636363636364,0.0,0.0,14.11,19.09,23.71,6.3,68.4,2.71,5.76,0.0,140.9,0.504,0.0,0.0,15.930000000000001,20.880000000000003,25.79,7.1,57.4,3.281,7.16,0.0,158.8,0.48599999999999993,0.0,0.0,11.454545454545455,15.572727272727274,19.90909090909091,23.0,68.0,3.2427272727272727,6.89,0.0,116.3,0.4981818181818182,0.0,0.0,9.440000000000001,14.15,19.45,5.7,56.0,4.046,9.15,0.0,91.5,0.499,0.0,0.0,8.01,11.53,15.280000000000001,15.299999999999999,65.0,4.857,7.55,0.0,65.3,0.496,0.0,0.0,6.12,10.2,14.530000000000001,0.0,61.2,2.8129999999999997,6.86,0.0,52.0,0.495,0.0,0.0,4.11,7.01,10.620000000000001,12.1,71.1,4.223,8.68,0.0,30.5,0.49800000000000005,0.0,0.0,5.36,9.4,15.120000000000001,0.8,46.4,3.5420000000000003,5.95,0.0,22.0,0.5,0.0,0.0,,,,,,2.2,0.94,1.53
2013,Зерендинский,Зерновые и бобовые,52.9,69.3,90.0,1.16,4.64,9.790000000000001,14.719999999999999,14.4,59.3,4.941000000000001,11.3,0.0,47.9,0.6839999999999999,0.0,0.0,3.4899999999999998,8.6,13.190000000000001,24.0,63.7,3.9619999999999997,9.4,0.0,37.6,0.682,0.0,0.0,6.863636363636363,12.645454545454545,17.62727272727273,6.6,57.54545454545455,3.691818181818182,7.2,0.0,84.1,0.66,0.0,0.0,8.57,14.12,18.79,2.8000000000000003,53.0,3.2060000000000004,6.79,0.0,91.2,0.613,0.0,0.0,11.11,17.380000000000003,22.580000000000002,6.8,48.2,3.12,6.91,0.0,123.8,0.576,0.0,0.0,14.969999999999999,20.11,24.14,3.0,44.2,4.053,8.44,0.0,151.1,0.533,0.0,0.0,11.77,15.969999999999999,19.610000000000003,46.1,69.2,3.851,9.78,0.0,109.7,0.564,0.0,0.0,13.24,16.5,20.21,51.4,80.1,2.695,6.08,0.0,115.0,0.584,0.0,0.0,15.145454545454545,19.21818181818182,23.363636363636363,62.6,80.45454545454545,2.450909090909091,5.91,0.0,156.4,0.6245454545454545,0.0,0.0,15.080000000000002,18.47,22.37,70.6,83.8,2.607,6.05,0.0,134.7,0.651,0.0,0.0,11.93,16.43,20.45,14.100000000000001,75.6,2.7190000000000003,6.48,0.0,114.3,0.646,0.0,0.0,11.263636363636364,14.545454545454545,17.963636363636365,54.8,74.9090909090909,4.157272727272727,7.63,0.0,105.0,0.62,0.0,0.0,10.93,14.830000000000002,19.14,14.5,70.9,3.475,6.13,0.0,98.30000000000001,0.609,0.0,0.0,4.99,7.720000000000001,10.22,3.3,72.1,2.328,4.65,0.0,28.400000000000002,0.59,0.0,0.0,5.8,9.48,13.809999999999999,14.299999999999999,66.0,3.6100000000000003,7.46,0.0,44.8,0.582,0.0,0.0,0.41,3.09,5.72,10.6,74.4,4.122999999999999,7.99,0.0,0.7999999999999998,0.59,0.0,0.0,0.10000000000000017,3.16,6.26,4.4,74.8,4.928,8.48,0.0,5.4,0.592,0.0,0.0,,,,,,1.21,2.2,0.94
2014,Зерендинский,Зерновые и бобовые,52.9,69.3,90.0,1.2,7.88,12.919999999999998,17.69,0.0,46.7,4.255,7.96,0.0,79.2,0.619,0.0,0.0,9.23,15.36,20.56,8.6,45.7,3.825,8.81,0.0,103.6,0.582,0.0,0.0,6.454545454545454,11.909090909090908,16.572727272727274,32.1,65.0909090909091,3.936363636363637,9.01,0.0,76.0,0.5772727272727273,0.0,0.0,7.6,13.52,18.490000000000002,11.1,53.0,3.271,7.3,0.0,85.2,0.553,0.0,0.0,15.180000000000001,21.02,26.23,2.7,53.5,3.501,7.61,0.0,160.2,0.53,0.0,0.0,15.680000000000001,20.84,25.5,22.799999999999997,57.6,2.851,5.66,0.0,158.4,0.507,0.0,0.0,13.87,18.03,21.919999999999998,79.0,78.2,3.185,8.35,0.0,130.3,0.576,0.0,0.0,9.98,13.84,17.84,37.9,75.9,3.7909999999999995,7.32,0.0,88.4,0.572,0.0,0.0,9.463636363636363,12.79090909090909,16.272727272727273,40.0,77.18181818181819,4.107272727272727,9.14,0.0,85.7,0.59,0.0,0.0,13.15,18.330000000000002,22.8,3.0,67.6,2.495,5.34,0.0,133.3,0.572,0.0,0.0,14.52,18.619999999999997,22.95,8.4,68.4,3.568,6.55,0.0,136.2,0.5589999999999999,0.0,0.0,14.8,19.50909090909091,24.472727272727273,5.1,60.27272727272727,3.4036363636363633,6.61,0.0,159.60000000000002,0.5354545454545455,0.0,0.0,7.4,10.629999999999999,14.169999999999998,7.3,65.6,3.3579999999999997,7.12,0.0,56.3,0.52,0.0,0.0,5.13,8.66,12.64,4.8999999999999995,69.7,4.232,8.88,0.0,40.1,0.52,0.0,0.0,3.5700000000000003,7.57,12.08,7.9,67.4,3.072,6.95,0.0,29.299999999999997,0.52,0.0,0.0,1.06,3.7,6.409999999999999,6.800000000000001,73.4,4.635,8.62,0.0,7.4,0.52,0.0,0.0,2.38,5.04,7.640000000000001,18.0,84.0,4.162000000000001,7.74,0.0,4.3,0.544,0.0,0.0,,,,,,1.16,1.21,2.2
2015,Зерендинский,Зерновые и бобовые,52.9,69.3,90.0,1.43881,8.31,14.059999999999999,19.66,11.8,59.3,4.004,8.08,0.0,90.6,0.64,0.0,0.0,7.51,12.03,15.84,34.2,64.2,4.305,10.45,0.0,70.3,0.645,0.0,0.0,8.272727272727273,13.427272727272726,17.981818181818184,19.3,70.27272727272727,2.9263636363636363,7.18,0.0,92.7,0.6545454545454545,0.0,0.0,13.99,18.81,23.49,9.8,65.4,3.239,9.23,0.0,138.1,0.616,0.0,0.0,13.26,18.520000000000003,23.06,40.3,70.6,3.116,8.13,0.0,135.2,0.612,0.0,0.0,14.76,20.34,25.05,0.5,56.8,3.193,5.47,0.0,153.4,0.563,0.0,0.0,11.209999999999999,15.38,19.61,32.0,68.1,4.68,9.57,0.0,103.8,0.55,0.0,0.0,15.059999999999999,20.57,25.689999999999998,7.4,56.4,3.732,8.88,0.0,155.7,0.533,0.0,0.0,14.227272727272727,17.936363636363637,21.89090909090909,26.5,70.54545454545455,3.8200000000000003,6.62,0.0,142.3,0.5127272727272728,0.0,0.0,12.4,17.259999999999998,21.45,1.7,58.0,3.274,6.75,0.0,122.6,0.495,0.0,0.0,13.65,18.19,23.04,19.3,55.6,4.076,8.68,0.0,131.9,0.48599999999999993,0.0,0.0,8.672727272727274,12.19090909090909,16.027272727272727,20.7,69.9090909090909,4.086363636363637,10.33,0.0,79.1,0.51,0.0,0.0,9.469999999999999,14.719999999999999,20.07,5.5,61.9,2.849,5.88,0.0,97.2,0.511,0.0,0.0,6.659999999999999,10.05,13.7,21.1,73.2,3.45,8.1,0.0,50.5,0.512,0.0,0.0,2.9299999999999997,7.06,11.64,1.5,61.3,3.412,7.02,0.0,23.799999999999997,0.522,0.0,0.0,2.64,6.7700000000000005,11.34,12.5,56.0,4.735,9.93,0.0,24.1,0.518,0.0,0.0,-3.4200000000000004,-0.3,3.1399999999999997,1.7,65.2,3.69,7.65,0.0,0.0,0.52,0.0,0.0,,,,,,1.2,1.16,1.21
2016,Зерендинский,Зерновые и бобовые,52.9,69.3,90.0,1.33833,1.3,7.4799999999999995,12.440000000000001,3.0,50.9,3.2310000000000003,8.28,0.0,26.7,0.664,0.0,0.0,3.7700000000000005,10.57,15.969999999999999,5.199999999999999,52.0,3.822,8.08,0.0,57.1,0.638,0.0,0.0,11.0,17.236363636363635,22.418181818181818,4.4,45.72727272727273,3.382727272727273,7.51,0.0,134.6,0.5872727272727273,0.0,0.0,10.55,15.49,19.93,12.9,58.7,3.472,8.25,0.0,104.9,0.562,0.0,0.0,12.41,16.27,20.169999999999998,30.0,72.4,4.359,7.14,0.0,112.7,0.603,0.0,0.0,12.54,16.55,20.35,36.2,71.3,3.411,7.5,0.0,115.5,0.585,0.0,0.0,13.85,17.73,21.44,48.0,81.0,2.766,6.38,0.0,127.3,0.608,0.0,0.0,15.440000000000001,19.06,22.77,35.1,78.1,3.314,6.72,0.0,140.6,0.591,0.0,0.0,13.963636363636363,17.172727272727272,20.427272727272726,28.0,81.18181818181819,3.4663636363636368,7.07,0.0,133.9,0.6054545454545455,0.0,0.0,13.959999999999999,19.34,23.78,3.4,68.8,2.214,5.93,0.0,143.4,0.579,0.0,0.0,15.780000000000001,20.54,24.89,6.7,67.9,2.75,5.1,0.0,155.4,0.542,0.0,0.0,12.345454545454546,17.3,22.254545454545454,15.4,58.63636363636363,2.940909090909091,8.38,0.0,135.3,0.5254545454545455,0.0,0.0,12.59,16.41,20.669999999999998,13.600000000000001,58.3,4.117,7.48,0.0,114.10000000000001,0.518,0.0,0.0,7.7700000000000005,11.7,15.7,38.0,72.0,3.6229999999999998,7.83,0.0,67.0,0.584,0.0,0.0,5.029999999999999,9.72,14.89,0.8999999999999999,69.4,2.588,5.86,0.0,47.199999999999996,0.5660000000000001,0.0,0.0,1.56,4.4399999999999995,7.409999999999999,15.600000000000001,81.9,3.002,6.38,0.0,10.299999999999997,0.571,0.0,0.0,-5.4399999999999995,-1.98,0.44000000000000006,1.1,82.6,2.7039999999999997,6.4,0.0,0.0,0.58,0.0,0.0,,,,,,1.43881,1.2,1.16
2017,Зерендинский,Зерновые и бобовые,52.9,69.3,90.0,1.83535,5.090000000000001,12.1,18.3,7.499999999999999,44.0,5.220000000000001,11.72,0.0,71.0,0.674,0.0,0.0,4.8,11.43,17.71,5.1000000000000005,43.9,3.6759999999999997,6.91,0.0,64.3,0.642,0.0,0.0,8.509090909090908,14.572727272727274,20.272727272727273,25.0,52.54545454545455,5.070909090909091,12.97,0.09090909090909091,105.3,0.5990909090909091,0.0,0.0,9.51,15.39,20.29,13.7,53.4,4.1,9.51,0.0,103.89999999999999,0.579,0.0,0.0,13.66,19.95,26.0,5.5,53.6,3.603,8.15,0.0,149.5,0.575,0.0,0.0,14.959999999999999,20.02,25.14,11.399999999999999,56.8,3.1870000000000003,6.7,0.0,150.2,0.542,0.0,0.0,13.059999999999999,17.96,22.84,28.9,66.0,3.771,7.92,0.0,129.6,0.532,0.0,0.0,11.17,14.930000000000001,18.77,52.4,78.1,3.057,7.67,0.0,99.3,0.553,0.0,0.0,14.47272727272727,19.2,23.58181818181818,14.5,72.18181818181819,2.8954545454545455,5.87,0.0,156.2,0.5372727272727272,0.0,0.0,14.680000000000001,19.22,23.93,9.399999999999999,64.7,3.623,8.04,0.0,142.2,0.511,0.0,0.0,9.7,14.8,19.68,0.9,55.6,3.064,6.58,0.0,98.0,0.5,0.0,0.0,13.463636363636363,20.063636363636363,26.172727272727272,0.5,52.54545454545455,2.2227272727272727,5.25,0.0,165.7,0.47818181818181815,0.0,0.0,11.059999999999999,17.130000000000003,23.369999999999997,4.5,56.3,3.4850000000000003,6.86,0.0,121.3,0.466,0.0,0.0,6.529999999999999,11.690000000000001,16.28,9.899999999999999,65.7,4.0280000000000005,9.12,0.0,68.2,0.479,0.0,0.0,0.49000000000000005,3.88,6.720000000000001,3.5,62.3,3.75,6.5,0.0,11.3,0.4699999999999999,0.0,0.0,-1.9899999999999998,1.08,4.88,7.5,65.6,3.278,7.46,0.0,0.09999999999999964,0.479,0.0,0.0,0.8399999999999999,5.4799999999999995,10.72,1.1,65.8,3.718,5.44,0.0,2.9000000000000004,0.48,0.0,0.0,,,,,,1.33833,1.43881,1.2
2018,Зерендинский,Зерновые и бобовые,52.9,69.3,90.0,1.83,0.9199999999999999,5.720000000000001,10.620000000000001,19.2,66.3,4.659000000000001,9.05,0.0,14.9,0.619,0.0,0.0,1.0399999999999998,7.42,13.569999999999999,1.3,50.8,4.529,9.1,0.0,27.5,0.6,0.0,0.0,5.1000000000000005,10.9,17.11818181818182,30.8,59.90909090909091,5.38,10.96,0.0,66.9,0.6163636363636363,0.0,0.0,8.86,15.52,21.05,10.6,49.2,4.944,11.53,0.0,105.19999999999999,0.613,0.0,0.0,9.28,14.85,19.68,12.5,54.1,3.507,6.99,0.0,98.5,0.58,0.0,0.0,12.819999999999999,16.84,21.6,42.4,77.0,3.6689999999999996,8.86,0.0,118.39999999999999,0.571,0.0,0.0,14.84,19.73,24.19,27.3,72.1,3.021,5.63,0.0,147.3,0.563,0.0,0.0,15.63,20.130000000000003,24.4,21.1,69.8,2.79,7.07,0.0,151.3,0.544,0.0,0.0,11.60909090909091,16.536363636363635,21.236363636363635,70.8,72.9090909090909,4.265454545454546,8.98,0.0,126.9,0.5481818181818182,0.0,0.0,12.85,18.68,23.84,14.100000000000001,71.0,2.691,5.81,0.0,136.8,0.544,0.0,0.0,11.23,15.719999999999999,20.2,37.900000000000006,73.5,3.614,7.89,0.0,107.2,0.545,0.0,0.0,8.4,12.009090909090908,15.936363636363637,73.60000000000001,83.0909090909091,3.9236363636363634,9.88,0.0,77.10000000000001,0.6409090909090909,0.0,0.0,5.41,9.2,12.86,5.800000000000001,74.2,3.149,6.86,0.0,42.0,0.634,0.0,0.0,6.119999999999999,10.92,15.419999999999998,1.4,60.4,4.081,7.92,0.0,59.199999999999996,0.614,0.0,0.0,6.74,10.5,14.440000000000001,31.0,75.4,4.232,9.08,0.0,55.0,0.62,0.0,0.0,4.4799999999999995,8.72,12.780000000000001,1.6,63.7,4.343,7.22,0.0,38.1,0.604,0.0,0.0,-1.1199999999999999,1.9600000000000002,5.0200000000000005,4.2,75.2,3.996,9.11,0.0,4.4,0.598,0.0,0.0,,,,,,1.83535,1.33833,1.43881
2019,Зерендинский,Зерновые и бобовые,52.9,69.3,90.0,1.31,5.0,12.52,19.25,1.1,41.2,3.003,5.94,0.0,82.10000000000001,0.732,0.0,0.0,3.9299999999999997,10.290000000000001,16.81,20.4,51.1,3.755,8.92,0.0,54.9,0.693,0.0,0.0,5.29090909090909,12.1,18.063636363636363,11.9,54.45454545454545,4.092727272727273,9.65,0.0,78.4,0.6763636363636364,0.0,0.0,9.040000000000001,13.690000000000001,18.509999999999998,19.8,72.3,4.2,7.85,0.0,86.9,0.654,0.0,0.0,8.620000000000001,13.780000000000001,18.169999999999998,7.5,64.3,2.971,6.14,0.0,87.80000000000001,0.633,0.0,0.0,10.61,16.29,20.740000000000002,13.4,63.9,3.3890000000000002,7.32,0.0,112.89999999999999,0.599,0.0,0.0,13.040000000000001,18.33,23.619999999999997,28.6,61.8,3.9549999999999996,7.72,0.0,133.29999999999998,0.5700000000000001,0.0,0.0,16.630000000000003,23.259999999999998,29.21,0.0,47.3,3.56,6.65,0.0,182.6,0.524,0.0,0.0,15.154545454545454,19.61818181818182,24.44545454545454,23.2,67.36363636363636,3.6290909090909094,7.38,0.0,160.8,0.5045454545454545,0.0,0.0,12.34,17.79,22.8,7.899999999999999,58.2,3.808,9.33,0.0,127.9,0.497,0.0,0.0,14.569999999999999,19.630000000000003,24.4,5.4,63.6,2.915,6.97,0.0,146.3,0.481,0.0,0.0,10.209090909090909,14.336363636363636,18.80909090909091,39.3,73.0,3.722727272727273,7.78,0.0,102.7,0.5036363636363637,0.0,0.0,6.790000000000001,9.05,11.76,84.0,87.5,3.8409999999999997,7.62,0.0,40.5,0.5589999999999999,0.0,0.0,9.36,13.5,17.869999999999997,2.3,66.0,4.302,9.23,0.0,85.0,0.592,0.0,0.0,1.52,5.7700000000000005,10.02,17.0,64.9,4.8149999999999995,11.76,0.0,18.4,0.583,0.0,0.0,4.380000000000001,9.809999999999999,15.669999999999998,0.2,59.8,2.933,4.84,0.0,48.9,0.575,0.0,0.0,4.86,7.7,10.379999999999999,10.3,81.8,4.154,7.91,0.0,13.5,0.582,0.0,0.0,,,,,,1.83,1.83535,1.33833
2020,Зерендинский,Зерновые и бобовые,52.9,69.3,90.0,1.4,5.65,12.129999999999999,17.78,1.5000000000000002,51.3,3.8810000000000002,9.23,0.0,71.9,0.701,0.0,0.0,11.43,17.009999999999998,22.15,12.0,66.6,3.976,12.18,0.0,120.10000000000001,0.649,0.0,0.0,11.50909090909091,18.272727272727273,24.41818181818182,9.1,55.09090909090909,3.8045454545454547,7.96,0.0,146.0,0.6154545454545454,0.0,0.0,10.91,17.35,22.68,0.2,48.8,3.286,7.6,0.0,123.5,0.576,0.0,0.0,10.22,16.59,21.61,1.3,45.9,3.7960000000000003,8.2,0.0,115.9,0.537,0.0,0.0,10.2,14.45,18.869999999999997,38.5,64.6,4.349,9.06,0.0,94.5,0.533,0.0,0.0,13.14,17.8,22.259999999999998,75.5,73.5,3.228,7.14,0.0,128.0,0.584,0.0,0.0,17.240000000000002,23.42,28.68,0.4,54.3,2.894,5.81,0.0,184.20000000000002,0.54,0.0,0.0,13.063636363636363,17.445454545454545,21.89090909090909,40.8,71.54545454545455,3.0763636363636366,6.22,0.0,136.9,0.5254545454545455,0.0,0.0,17.330000000000002,22.669999999999998,27.889999999999997,2.5,53.7,3.433,6.42,0.0,176.7,0.503,0.0,0.0,11.010000000000002,14.51,18.259999999999998,29.8,74.6,4.071,8.82,0.0,95.1,0.503,0.0,0.0,11.436363636363636,16.172727272727272,21.12727272727273,12.4,68.0909090909091,3.122727272727273,6.52,0.0,122.9,0.5009090909090909,0.0,0.0,7.35,11.76,16.330000000000002,3.3,62.1,3.8920000000000003,7.92,0.0,67.6,0.481,0.0,0.0,7.35,12.25,16.990000000000002,15.799999999999999,61.9,4.725,10.47,0.0,72.5,0.48,0.0,0.0,2.92,6.3100000000000005,9.9,18.7,76.2,4.043,9.99,0.0,13.3,0.497,0.0,0.0,-0.33999999999999997,3.9,7.909999999999999,3.1,69.4,3.6119999999999997,6.36,0.0,10.7,0.5,0.0,0.0,4.54,8.379999999999999,12.959999999999999,0.0,55.4,3.696,5.42,0.0,16.9,0.5,0.0,0.0,,,,,,1.31,1.83,1.83535
2021,Зерендинский,Зерновые и бобовые,52.9,69.3,90.0,0.98275,5.75,12.02,18.14,18.3,50.0,4.375,8.52,0.0,70.2,0.612,0.0,0.0,10.28,17.66,24.09,0.6000000000000001,43.6,3.5140000000000002,6.58,0.0,126.6,0.591,0.0,0.0,13.52727272727273,21.09090909090909,27.763636363636362,2.1,39.36363636363637,3.2172727272727273,7.94,0.0,177.0,0.5427272727272728,0.0,0.0,9.190000000000001,15.540000000000001,20.96,3.6,48.4,3.308,8.23,0.0,105.4,0.513,0.0,0.0,12.35,18.740000000000002,23.97,9.0,44.1,3.6340000000000003,7.93,0.0,137.4,0.49000000000000005,0.0,0.0,11.49,16.740000000000002,21.55,10.299999999999999,60.1,3.312,9.54,0.0,117.4,0.49399999999999994,0.0,0.0,16.919999999999998,22.880000000000003,28.23,1.6,46.6,4.04,8.27,0.0,178.8,0.471,0.0,0.0,11.379999999999999,15.940000000000001,20.34,33.7,71.9,4.117,9.36,0.0,109.4,0.497,0.0,0.0,14.663636363636364,20.363636363636363,25.463636363636365,3.8,50.54545454545455,3.4572727272727275,6.94,0.0,169.0,0.49636363636363634,0.0,0.0,15.190000000000001,20.27,25.25,17.4,65.5,3.357,7.38,0.0,152.7,0.483,0.0,0.0,12.22,17.52,22.56,11.799999999999999,66.6,2.923,6.67,0.0,125.2,0.489,0.0,0.0,13.227272727272727,19.418181818181818,24.8,22.799999999999997,57.90909090909091,2.9627272727272724,6.26,0.0,158.6,0.4809090909090909,0.0,0.0,8.65,13.27,18.0,7.3,59.4,3.78,9.22,0.0,82.7,0.492,0.0,0.0,6.32,9.77,13.319999999999999,5.7,59.8,5.15,8.28,0.0,48.6,0.49000000000000005,0.0,0.0,0.79,3.7600000000000002,6.92,23.4,75.1,3.978,8.8,0.0,2.5999999999999996,0.497,0.0,0.0,-1.42,1.65,5.58,8.2,76.1,3.7589999999999995,7.0,0.0,0.0,0.52,0.0,0.0,-0.7,3.54,8.66,0.6,69.6,2.868,6.29,0.0,0.8999999999999995,0.52,0.0,0.0,,,,,,1.4,1.31,1.83
2022,Зерендинский,Зерновые и бобовые,52.9,69.3,90.0,1.53796,2.65,9.440000000000001,15.26,0.6,43.6,3.751,9.35,0.0,44.4,0.584,0.0,0.0,8.629999999999999,14.569999999999999,19.96,7.6,51.6,4.6979999999999995,9.73,0.0,95.7,0.5589999999999999,0.0,0.0,10.854545454545455,17.745454545454546,23.88181818181818,6.199999999999999,44.72727272727273,4.852727272727273,10.82,0.09090909090909091,140.2,0.5363636363636364,0.0,0.0,9.110000000000001,15.91,21.47,19.2,48.9,3.721,7.62,0.0,109.1,0.534,0.0,0.0,13.05,18.759999999999998,24.21,29.1,57.4,3.087,6.9,0.0,137.6,0.519,0.0,0.0,12.43,17.509999999999998,22.830000000000002,23.5,61.6,4.525,9.1,0.0,125.10000000000001,0.528,0.0,0.0,11.18,16.44,20.95,11.1,65.3,3.872,7.62,0.0,114.4,0.539,0.0,0.0,16.46,22.16,27.93,17.8,55.3,3.2090000000000005,9.04,0.0,171.6,0.523,0.0,0.0,15.081818181818182,19.927272727272726,24.472727272727273,39.099999999999994,61.63636363636363,3.9400000000000004,7.38,0.0,164.2,0.5136363636363637,0.0,0.0,13.25,18.21,22.919999999999998,20.3,66.3,3.437,6.97,0.0,132.1,0.531,0.0,0.0,10.01,14.63,19.19,10.0,65.5,3.325,6.63,0.0,96.3,0.524,0.0,0.0,10.327272727272726,16.3,22.145454545454545,6.9,59.90909090909091,2.4854545454545454,4.42,0.0,124.3,0.5118181818181818,0.0,0.0,11.52,17.46,23.43,3.3000000000000003,47.6,4.067,9.68,0.0,124.6,0.491,0.0,0.0,5.2,10.8,16.3,5.6000000000000005,55.0,3.2039999999999997,8.35,0.0,58.0,0.497,0.0,0.0,5.68,11.11,16.57,8.4,57.7,3.2670000000000003,7.1,0.0,83.0,0.483,0.0,0.0,0.38,5.45,10.72,5.5,55.0,3.07,6.78,0.0,24.7,0.48,0.0,0.0,3.8200000000000003,8.959999999999999,14.419999999999998,1.3,57.6,3.136,5.61,0.0,19.799999999999997,0.48,0.0,0.0,,,,,,0.98275,1.4,1.31
2023,Зерендинский,Зерновые и бобовые,52.9,69.3,90.0,0.8400000000000001,4.3,10.9,17.45,14.4,40.8,3.083,5.79,0.0,59.0,0.597,0.0,0.0,4.46,10.2,15.74,12.0,49.0,4.206,7.14,0.0,52.0,0.593,0.0,0.0,10.081818181818182,17.636363636363637,24.372727272727275,2.4,42.09090909090909,3.193636363636364,6.84,0.0,139.0,0.5627272727272727,0.0,0.0,16.71,23.81,29.8,2.9,37.0,2.952,5.95,0.0,188.1,0.525,0.0,0.0,10.309999999999999,16.94,22.669999999999998,23.5,49.0,3.5439999999999996,10.32,0.0,119.4,0.504,0.0,0.0,9.05,13.440000000000001,17.48,17.5,63.5,4.3100000000000005,9.15,0.0,84.4,0.506,0.0,0.0,16.06,22.89,28.79,1.9,44.9,3.3009999999999997,6.8,0.0,178.9,0.499,0.0,0.0,17.53,22.740000000000002,28.49,13.2,55.5,3.8890000000000002,8.4,0.0,177.4,0.48,0.0,0.0,15.409090909090908,20.90909090909091,26.181818181818183,4.8,57.18181818181818,3.1063636363636364,7.11,0.0,175.0,0.47363636363636363,0.0,0.0,15.920000000000002,21.86,27.389999999999997,10.799999999999999,55.6,2.678,6.7,0.0,168.6,0.465,0.0,0.0,11.540000000000001,16.77,21.96,10.5,57.9,3.412,6.89,0.0,117.7,0.46699999999999997,0.0,0.0,11.036363636363637,14.563636363636363,18.663636363636364,36.1,71.0909090909091,4.163636363636363,10.43,0.0,105.2,0.4854545454545454,0.0,0.0,7.42,10.959999999999999,14.66,53.1,80.7,3.668,7.06,0.0,59.6,0.553,0.0,0.0,7.459999999999999,11.36,15.309999999999999,53.49999999999999,80.1,2.8770000000000002,8.36,0.0,63.599999999999994,0.6,0.0,0.0,6.790000000000001,10.940000000000001,15.41,8.0,78.3,3.107,6.36,0.0,59.4,0.593,0.0,0.0,4.5200000000000005,9.15,14.190000000000001,1.2000000000000002,73.4,3.7339999999999995,9.18,0.0,41.5,0.584,0.0,0.0,2.06,4.64,7.94,2.4000000000000004,71.0,4.91,8.63,0.0,1.2999999999999998,0.576,0.0,0.0,,,,,,1.53796,0.98275,1.4
2024,Зерендинский,Зерновые и бобовые,52.9,69.3,90.0,1.91,2.2199999999999998,7.959999999999999,12.930000000000001,15.0,64.7,4.429,9.23,0.0,31.9,0.772,0.0,0.0,5.0,11.2,16.43,47.599999999999994,63.9,3.682,10.18,0.0,62.0,0.735,0.0,0.0,3.4272727272727277,8.418181818181818,13.045454545454545,38.4,74.0,3.8445454545454543,10.6,0.0,38.0,0.7481818181818182,0.0,0.0,12.4,17.16,21.79,42.300000000000004,74.9,3.626,7.6,0.0,121.6,0.749,0.0,0.0,14.059999999999999,19.35,24.03,26.3,72.5,3.4240000000000004,7.41,0.0,143.5,0.733,0.0,0.0,15.39,19.77,24.44,14.1,68.4,4.306,9.57,0.0,147.7,0.696,0.0,0.0,13.690000000000001,17.55,21.57,58.3,80.5,3.569,6.27,0.0,125.5,0.693,0.0,0.0,15.87,19.81,23.7,47.4,76.7,3.633,6.14,0.0,148.1,0.663,0.0,0.0,13.509090909090908,17.827272727272728,22.463636363636365,18.0,74.54545454545455,3.963636363636364,8.6,0.0,141.1,0.6427272727272727,0.0,0.0,14.24,18.080000000000002,21.94,38.7,76.2,3.242,6.76,0.0,130.8,0.604,0.0,0.0,11.55,15.09,19.419999999999998,22.200000000000003,77.8,3.6479999999999997,8.63,0.0,100.9,0.61,0.0,0.0,9.572727272727272,13.009090909090908,16.509090909090908,18.3,82.9090909090909,3.5854545454545454,6.99,0.0,88.1,0.6227272727272727,0.0,0.0,7.32,10.190000000000001,13.38,24.8,84.1,4.144,7.26,0.0,51.9,0.642,0.0,0.0,4.83,9.91,14.75,3.7,75.8,3.036,6.5,0.0,49.1,0.637,0.0,0.0,3.62,8.52,13.959999999999999,2.5,64.3,3.787,8.11,0.0,37.6,0.62,0.0,0.0,1.8599999999999999,8.09,13.719999999999999,0.0,56.0,3.471,6.53,0.0,32.7,0.604,0.0,0.0,-6.4,-3.34,0.43999999999999995,11.8,74.4,4.686,8.2,0.0,0.0,0.6,0.0,0.0,,,,,,0.8400000000000001,1.53796,0.98275
2025,Зерендинский,Зерновые и бобовые,52.9,69.3,90.0,2.1,7.970000000000001,14.459999999999999,20.61,26.200000000000003,53.1,4.174,8.6,0.0,94.6,0.6910000000000001,0.0,0.0,10.65,16.119999999999997,21.56,10.3,67.6,4.019,7.58,0.0,111.2,0.699,0.0,0.0,8.80909090909091,14.381818181818181,19.427272727272726,17.0,59.81818181818182,4.202727272727272,10.56,0.0,103.2,0.6927272727272727,0.0,0.0,12.45,18.22,23.05,14.9,61.1,3.3199999999999994,7.59,0.0,132.2,0.643,0.0,0.0,16.25,21.16,26.380000000000003,25.599999999999998,64.7,3.409,7.19,0.0,161.6,0.598,0.0,0.0,12.46,16.5,20.4,21.6,63.4,3.694,10.31,0.0,115.0,0.579,0.0,0.0,14.280000000000001,19.6,23.97,4.300000000000001,66.0,3.406,8.17,0.0,146.0,0.547,0.0,0.0,12.559999999999999,17.169999999999998,21.5,16.1,70.2,3.7299999999999995,7.57,0.0,121.7,0.526,0.0,0.0,13.836363636363636,18.045454545454547,22.554545454545455,57.5,74.0909090909091,3.0645454545454545,6.42,0.0,143.5,0.5390909090909092,0.0,0.0,10.540000000000001,15.25,19.759999999999998,4.4,73.0,3.435,6.65,0.0,102.5,0.546,0.0,0.0,12.11,16.1,20.669999999999998,54.1,76.2,3.558,8.26,0.0,111.0,0.577,0.0,0.0,11.727272727272727,16.263636363636365,20.663636363636364,8.299999999999999,67.63636363636364,3.488181818181818,7.28,0.0,123.9,0.5663636363636364,0.0,0.0,9.73,13.919999999999998,18.169999999999998,18.4,70.4,3.553,7.06,0.0,89.2,0.568,0.0,0.0,5.58,10.3,14.73,5.9,70.7,3.041,6.52,0.0,53.0,0.586,0.0,0.0,5.79,9.959999999999999,14.38,9.399999999999999,67.3,3.7030000000000003,7.11,0.0,61.0,0.579,0.0,0.0,-1.3,3.09,7.959999999999999,3.1,67.5,3.5409999999999995,8.04,0.0,1.0,0.583,0.0,0.0,-6.12,-2.4,2.42,0.0,67.8,4.628,6.79,0.0,0.0,0.58,0.0,0.0,,,,,,1.91,0.8400000000000001,1.53796
1997,Есильский,Пшеница,51.95,66.4,175.0,0.6799999999999999,7.19,11.78,16.09,33.4,66.0,4.297,10.13,0.0,67.8,0.485,0.0,0.0,6.409999999999999,11.64,16.619999999999997,21.8,67.5,3.2359999999999998,7.03,0.0,66.4,0.488,0.0,0.0,12.772727272727273,20.145454545454545,26.29090909090909,0.9,51.72727272727273,2.938181818181818,8.96,0.0,166.6,0.4627272727272727,0.0,0.0,12.95,20.21,26.46,0.1,34.7,4.025,7.57,0.2,152.1,0.43600000000000005,0.0,0.0,13.729999999999999,20.77,26.910000000000004,17.5,46.0,3.7350000000000003,8.41,0.0,157.7,0.42299999999999993,0.0,0.0,15.680000000000001,21.65,26.53,3.4000000000000004,51.3,3.649,7.58,0.0,166.5,0.426,0.0,0.0,15.65,20.47,25.1,30.400000000000002,58.4,4.0329999999999995,7.86,0.0,154.7,0.43,0.0,0.0,14.36,19.36,23.75,2.4,54.2,3.621,6.44,0.0,143.6,0.434,0.0,0.0,14.19090909090909,19.836363636363636,24.472727272727273,10.0,43.45454545454545,3.446363636363636,7.26,0.09090909090909091,163.2,0.4163636363636364,0.0,0.0,15.87,20.96,25.8,5.6,49.4,3.929,8.28,0.0,159.6,0.41200000000000003,0.0,0.0,14.63,20.59,25.65,2.8,44.7,3.4590000000000005,8.16,0.0,155.9,0.4109999999999999,0.0,0.0,11.018181818181818,16.599999999999998,21.37272727272727,1.4000000000000001,51.0,4.256363636363637,8.41,0.0,127.6,0.4081818181818182,0.0,0.0,5.29,10.25,15.41,11.299999999999999,61.1,2.872,7.38,0.0,52.5,0.41,0.0,0.0,10.4,15.45,20.8,4.9,50.1,3.6369999999999996,7.17,0.0,104.5,0.41200000000000003,0.0,0.0,10.290000000000001,15.45,21.32,2.8000000000000003,44.4,3.843,8.2,0.0,104.5,0.4109999999999999,0.0,0.0,8.95,13.34,18.09,4.4,48.6,4.289,9.13,0.0,83.4,0.40499999999999997,0.0,0.0,5.5,9.32,14.219999999999999,3.8,76.0,4.424,10.65,0.0,21.6,0.418,0.0,0.0,,,,,,,,
1998,Есильский,Пшеница,51.95,66.4,175.0,0.29,4.25,11.1,17.36,6.1,54.2,3.838,7.75,0.0,69.4,0.493,0.0,0.0,3.5,9.67,15.39,8.4,52.0,4.75,10.03,0.0,49.4,0.483,0.0,0.0,11.1,19.636363636363637,26.454545454545453,0.8,39.36363636363637,3.277272727272727,7.92,0.09090909090909091,161.0,0.4572727272727273,0.0,0.0,13.7,20.91,26.6,7.1,38.2,3.588,8.03,0.0,159.1,0.433,0.0,0.0,18.04,24.47,29.869999999999997,7.4,49.9,3.897,6.32,0.0,194.7,0.429,0.0,0.0,17.09,23.490000000000002,29.060000000000002,5.4,48.6,3.3480000000000003,7.29,0.0,184.9,0.41200000000000003,0.0,0.0,18.98,25.22,31.21,7.2,46.2,3.714,7.19,0.0,202.2,0.41899999999999993,0.0,0.0,19.69,24.79,29.339999999999996,12.8,55.8,3.349,6.4,0.0,197.9,0.404,0.0,0.0,21.245454545454546,27.345454545454547,32.64545454545455,0.4,34.72727272727273,4.611818181818181,7.51,0.36363636363636365,245.8,0.3972727272727273,0.0,0.0,22.740000000000002,28.810000000000002,34.32,1.4,35.5,3.0420000000000003,7.2,0.0,238.1,0.39,0.0,0.0,15.14,19.9,24.69,9.0,49.9,2.931,7.21,0.0,149.0,0.40099999999999997,0.0,0.0,15.145454545454545,21.263636363636365,26.80909090909091,0.30000000000000004,37.36363636363637,3.477272727272727,6.7,0.09090909090909091,178.9,0.4,0.0,0.0,9.91,13.76,17.78,16.1,60.2,3.221,7.86,0.0,87.6,0.4,0.0,0.0,6.21,12.959999999999999,19.71,0.8999999999999999,43.0,2.95,6.55,0.0,79.6,0.4,0.0,0.0,4.8,9.05,12.95,2.9000000000000004,49.7,4.220000000000001,10.59,0.0,40.5,0.4,0.0,0.0,2.04,5.5,9.7,13.6,58.0,5.587,10.61,0.0,22.7,0.40700000000000003,0.0,0.0,3.96,7.0,9.620000000000001,3.8,65.6,5.228,8.21,0.0,10.2,0.41,0.0,0.0,,,,,,0.6799999999999999,,
1999,Есильский,Пшеница,51.95,66.4,175.0,1.04,5.13,11.27,17.09,13.7,54.2,4.207,9.81,0.0,64.7,0.47000000000000003,0.0,0.0,7.2700000000000005,14.77,21.06,5.1,44.8,4.6770000000000005,10.85,0.0,97.7,0.45999999999999996,0.0,0.0,9.790909090909091,15.69090909090909,20.8,8.2,55.63636363636363,3.4454545454545453,7.58,0.0,117.60000000000001,0.44636363636363635,0.0,0.0,11.84,17.57,22.240000000000002,6.9,49.0,4.245,10.18,0.0,125.7,0.44699999999999995,0.0,0.0,8.25,13.080000000000002,17.59,27.900000000000002,60.2,3.8579999999999997,9.49,0.0,80.8,0.44400000000000006,0.0,0.0,13.040000000000001,17.240000000000002,21.43,53.1,71.1,4.604,8.46,0.0,122.39999999999999,0.471,0.0,0.0,17.21,22.369999999999997,27.580000000000002,11.700000000000001,55.5,3.8689999999999998,6.48,0.0,173.7,0.446,0.0,0.0,13.63,17.25,21.07,65.89999999999999,77.0,3.6439999999999997,8.6,0.0,122.5,0.469,0.0,0.0,16.62727272727273,22.61818181818182,27.545454545454547,2.0,68.0,2.652727272727273,4.74,0.0,193.8,0.4481818181818182,0.0,0.0,15.36,19.669999999999998,24.46,10.2,61.0,3.7909999999999995,7.46,0.0,146.7,0.43,0.0,0.0,14.469999999999999,21.05,27.23,7.8999999999999995,50.5,3.164,6.94,0.0,160.5,0.434,0.0,0.0,13.863636363636363,20.463636363636365,26.400000000000002,0.0,42.36363636363637,3.5745454545454547,8.16,0.09090909090909091,170.1,0.41363636363636364,0.0,0.0,9.39,13.73,18.44,18.7,64.2,4.057,9.43,0.0,87.3,0.42299999999999993,0.0,0.0,12.17,15.569999999999999,19.94,15.4,63.8,3.026,6.76,0.0,105.7,0.429,0.0,0.0,6.609999999999999,10.08,14.059999999999999,4.8,62.3,2.95,7.65,0.0,50.800000000000004,0.42299999999999993,0.0,0.0,8.26,12.47,17.479999999999997,1.0,70.0,2.931,5.69,0.0,74.7,0.42000000000000004,0.0,0.0,7.459999999999999,12.2,18.240000000000002,2.0999999999999996,51.0,3.992,7.34,0.0,36.0,0.42000000000000004,0.0,0.0,,,,,,0.29,0.6799999999999999,
2000,Есильский,Пшеница,51.95,66.4,175.0,0.51,3.9799999999999995,9.309999999999999,14.5,12.399999999999999,53.2,4.612,10.26,0.0,43.3,0.466,0.0,0.0,5.65,10.809999999999999,15.38,11.9,59.5,4.889,11.68,0.0,58.1,0.46299999999999997,0.0,0.0,8.399999999999999,13.518181818181818,18.2,26.7,67.72727272727273,3.86,8.75,0.0,93.7,0.4627272727272727,0.0,0.0,10.07,16.369999999999997,21.86,8.1,60.6,4.035,7.73,0.0,113.7,0.46799999999999997,0.0,0.0,14.85,20.8,25.8,9.1,56.3,3.4659999999999997,7.65,0.0,158.0,0.45499999999999996,0.0,0.0,19.44,25.06,30.22,13.8,50.8,3.7600000000000002,8.71,0.0,200.6,0.42800000000000005,0.0,0.0,14.209999999999999,19.880000000000003,24.869999999999997,6.2,55.9,3.595,10.48,0.0,148.8,0.42299999999999993,0.0,0.0,15.4,20.85,25.98,13.5,57.4,4.333,7.38,0.0,158.5,0.42400000000000004,0.0,0.0,16.845454545454547,23.263636363636365,28.44545454545454,3.3,48.81818181818182,2.880909090909091,6.33,0.0,200.9,0.4145454545454545,0.0,0.0,17.82,23.380000000000003,28.7,1.3,48.5,3.687,9.09,0.0,183.8,0.4109999999999999,0.0,0.0,14.75,20.31,25.34,11.2,47.2,2.975,6.69,0.0,153.1,0.403,0.0,0.0,11.663636363636364,16.463636363636365,21.018181818181816,14.200000000000001,60.0,3.4481818181818182,6.93,0.0,126.1,0.4109090909090909,0.0,0.0,11.92,18.8,25.75,0.0,35.9,3.406,6.11,0.1,138.0,0.403,0.0,0.0,8.67,12.42,16.130000000000003,11.1,60.5,4.679,10.49,0.0,74.2,0.40499999999999997,0.0,0.0,1.77,4.62,7.93,14.6,67.2,5.011,9.1,0.0,7.499999999999999,0.417,0.0,0.0,-0.49000000000000005,2.27,4.96,7.2,69.8,3.3979999999999997,6.73,0.0,1.4000000000000004,0.43,0.0,0.0,-1.3800000000000001,0.9400000000000001,3.72,2.4,77.0,2.9560000000000004,4.1,0.0,0.0,0.42400000000000004,0.0,0.0,,,,,,1.04,0.29,0.6799999999999999
2001,Есильский,Пшеница,51.95,66.4,175.0,0.8699999999999999,8.25,15.559999999999999,22.72,13.299999999999999,52.1,3.429,8.5,0.0,105.6,0.489,0.0,0.0,7.6,14.830000000000002,21.03,13.5,54.7,3.599,7.11,0.0,98.30000000000001,0.476,0.0,0.0,13.372727272727273,20.009090909090908,25.79090909090909,12.1,46.09090909090909,3.4427272727272724,6.25,0.09090909090909091,165.1,0.4581818181818182,0.0,0.0,11.09,16.5,21.119999999999997,15.899999999999999,55.3,4.429,9.61,0.0,115.0,0.44400000000000006,0.0,0.0,13.2,19.36,24.509999999999998,2.4,48.5,3.18,6.91,0.0,143.6,0.43499999999999994,0.0,0.0,15.469999999999999,21.34,26.54,2.9,44.7,4.575,8.05,0.0,163.4,0.42000000000000004,0.0,0.0,11.89,16.57,21.009999999999998,45.5,65.9,3.978,9.45,0.0,115.7,0.45099999999999996,0.0,0.0,13.61,18.240000000000002,22.669999999999998,31.7,72.3,3.4659999999999997,9.46,0.0,132.4,0.454,0.0,0.0,14.481818181818182,20.472727272727273,25.572727272727274,8.4,56.63636363636363,3.0036363636363634,5.97,0.0,170.2,0.44,0.0,0.0,16.25,20.96,25.23,34.4,59.1,3.442,6.95,0.0,159.6,0.43,0.0,0.0,14.48,19.0,23.55,22.3,65.4,3.471,7.53,0.0,140.0,0.44299999999999995,0.0,0.0,10.336363636363636,13.97272727272727,17.972727272727273,37.3,72.27272727272727,3.3181818181818183,7.54,0.0,98.7,0.45363636363636367,0.0,0.0,9.8,13.780000000000001,18.02,20.6,68.9,4.113,7.5,0.0,87.8,0.458,0.0,0.0,5.33,8.72,12.35,17.1,73.4,3.496,6.9,0.0,37.199999999999996,0.462,0.0,0.0,6.7700000000000005,10.629999999999999,14.930000000000001,2.8,62.3,3.7019999999999995,9.36,0.0,56.300000000000004,0.46299999999999997,0.0,0.0,4.14,6.83,9.709999999999999,45.6,70.3,4.345000000000001,10.14,0.0,22.700000000000003,0.479,0.0,0.0,2.6799999999999997,5.96,9.3,1.3,66.8,5.022,8.74,0.0,5.1000000000000005,0.502,0.0,0.0,,,,,,0.51,1.04,0.29
2002,Есильский,Пшеница,51.95,66.4,175.0,0.8699999999999999,2.3600000000000003,10.120000000000001,16.55,6.0,55.8,3.053,6.24,0.0,51.2,0.55,0.0,0.0,5.58,12.059999999999999,17.57,5.9,57.3,4.455,8.64,0.0,70.9,0.529,0.0,0.0,6.290909090909091,10.89090909090909,15.109090909090908,28.3,63.81818181818182,4.759090909090909,11.73,0.0,64.8,0.5127272727272728,0.0,0.0,10.45,16.68,21.919999999999998,14.0,56.4,3.3869999999999996,6.45,0.0,116.8,0.491,0.0,0.0,11.940000000000001,18.06,22.919999999999998,5.9,56.9,2.9170000000000003,6.77,0.0,130.6,0.47400000000000003,0.0,0.0,13.540000000000001,18.369999999999997,22.46,23.4,66.0,3.2399999999999998,8.63,0.0,133.7,0.47000000000000003,0.0,0.0,14.41,20.36,25.330000000000002,7.3,63.7,3.154,6.38,0.0,153.6,0.46299999999999997,0.0,0.0,14.669999999999998,19.86,24.82,4.1,56.8,3.191,6.94,0.0,148.6,0.44299999999999995,0.0,0.0,15.427272727272726,20.88181818181818,25.69090909090909,3.2,54.54545454545455,3.3072727272727276,6.54,0.0,174.7,0.4336363636363636,0.0,0.0,17.89,23.630000000000003,28.919999999999998,12.7,52.8,3.3579999999999997,6.79,0.0,186.3,0.425,0.0,0.0,12.27,17.270000000000003,22.27,12.6,61.4,3.654,7.1,0.0,122.7,0.433,0.0,0.0,9.627272727272727,13.981818181818182,18.654545454545453,25.0,69.36363636363636,3.4045454545454548,8.53,0.0,98.8,0.43727272727272726,0.0,0.0,10.74,15.86,21.169999999999998,3.5,62.2,3.197,7.42,0.0,108.6,0.43,0.0,0.0,8.61,14.6,21.77,0.0,34.3,4.188000000000001,9.2,0.2,96.0,0.421,0.0,0.0,10.629999999999999,14.87,19.86,5.1,55.1,4.276,9.23,0.0,98.7,0.42000000000000004,0.0,0.0,3.5,8.45,13.7,7.6,56.0,4.968999999999999,11.87,0.0,35.6,0.42699999999999994,0.0,0.0,-2.4799999999999995,0.76,3.2,12.5,73.8,4.534000000000001,10.07,0.0,4.9,0.43,0.0,0.0,,,,,,0.8699999999999999,0.51,1.04
2003,Есильский,Пшеница,51.95,66.4,175.0,0.82,6.840000000000001,12.309999999999999,17.68,9.2,69.2,3.653,8.59,0.0,73.1,0.495,0.0,0.0,10.97,17.94,24.55,9.8,61.2,2.6719999999999997,6.71,0.0,129.4,0.475,0.0,0.0,10.336363636363636,15.445454545454545,20.727272727272727,30.599999999999998,67.63636363636364,3.8854545454545457,9.97,0.0,114.9,0.49636363636363634,0.0,0.0,9.42,14.719999999999999,19.5,43.0,71.3,3.687,8.34,0.0,97.2,0.51,0.0,0.0,12.22,17.46,22.16,6.9,64.6,3.849,7.48,0.0,124.60000000000001,0.509,0.0,0.0,14.830000000000002,20.47,25.25,8.299999999999999,54.2,4.152,8.6,0.0,154.70000000000002,0.48,0.0,0.0,17.46,21.619999999999997,26.130000000000003,47.7,72.7,3.189,6.84,0.0,166.2,0.48600000000000004,0.0,0.0,12.64,17.71,22.0,2.6,64.5,2.955,6.05,0.0,127.10000000000001,0.477,0.0,0.0,12.509090909090908,17.490909090909092,22.009090909090908,4.199999999999999,61.0,3.5527272727272727,8.93,0.0,137.4,0.47363636363636363,0.0,0.0,15.95,22.07,27.330000000000002,0.8999999999999999,53.2,2.886,6.67,0.0,170.7,0.45,0.0,0.0,19.740000000000002,25.38,30.82,10.5,48.6,2.5460000000000003,5.64,0.0,203.79999999999998,0.43099999999999994,0.0,0.0,17.21818181818182,23.4,29.063636363636363,0.1,40.0,2.9645454545454544,6.67,0.0,202.4,0.4209090909090909,0.0,0.0,16.98,23.54,30.21,0.2,37.4,3.507,7.4,0.0,185.4,0.41,0.0,0.0,10.43,13.969999999999999,17.93,17.7,60.7,3.5829999999999997,7.05,0.0,89.7,0.43099999999999994,0.0,0.0,4.58,8.53,13.2,14.0,63.9,3.4229999999999996,7.57,0.0,35.3,0.441,0.0,0.0,0.8400000000000001,7.1,14.180000000000001,0.0,54.0,2.465,4.25,0.0,21.3,0.438,0.0,0.0,0.0,5.4399999999999995,12.08,0.0,37.6,2.67,4.1,0.0,3.9000000000000004,0.43,0.0,0.0,,,,,,0.8699999999999999,0.8699999999999999,0.51
2004,Есильский,Пшеница,51.95,66.4,175.0,0.54,5.07,11.3,17.0,4.199999999999999,49.5,4.104,8.61,0.0,63.2,0.507,0.0,0.0,13.040000000000001,20.369999999999997,26.919999999999998,16.6,42.1,4.1530000000000005,8.23,0.4,153.7,0.477,0.0,0.0,10.6,17.29090909090909,22.654545454545453,0.39999999999999997,45.36363636363637,3.722727272727273,7.28,0.0,135.2,0.4581818181818182,0.0,0.0,12.7,19.41,25.16,1.4000000000000001,36.4,4.072,11.29,0.2,144.1,0.44000000000000006,0.0,0.0,16.91,22.78,28.1,2.3,38.8,4.8260000000000005,9.67,0.2,177.8,0.43099999999999994,0.0,0.0,15.48,21.04,25.76,3.8,48.7,4.034000000000001,7.35,0.0,160.4,0.426,0.0,0.0,14.59,19.9,24.259999999999998,17.299999999999997,55.1,3.229,7.36,0.0,149.0,0.426,0.0,0.0,17.380000000000003,24.2,29.2,0.7,45.6,3.1510000000000002,6.04,0.0,192.0,0.417,0.0,0.0,18.29090909090909,23.863636363636363,28.572727272727274,8.8,44.09090909090909,2.7209090909090907,6.86,0.0,207.5,0.4072727272727273,0.0,0.0,13.819999999999999,18.119999999999997,22.6,42.2,64.9,3.999,8.1,0.0,131.2,0.426,0.0,0.0,15.830000000000002,21.96,27.389999999999997,0.0,45.7,3.2910000000000004,6.97,0.0,169.6,0.413,0.0,0.0,13.609090909090908,19.454545454545453,24.827272727272728,2.8,51.36363636363637,3.2954545454545454,7.73,0.0,159.0,0.4063636363636363,0.0,0.0,9.61,15.280000000000001,20.759999999999998,9.4,55.6,3.5140000000000002,9.12,0.0,102.8,0.417,0.0,0.0,9.9,14.540000000000001,19.130000000000003,4.1,58.0,3.221,9.44,0.0,95.39999999999999,0.41899999999999993,0.0,0.0,9.709999999999999,15.4,21.34,1.8,51.8,3.777,8.39,0.0,104.0,0.418,0.0,0.0,7.159999999999999,10.91,15.080000000000002,15.1,59.1,4.154,7.09,0.0,63.7,0.42000000000000004,0.0,0.0,4.819999999999999,8.540000000000001,13.580000000000002,11.8,56.8,6.132,11.08,0.0,23.900000000000002,0.426,0.0,0.0,,,,,,0.82,0.8699999999999999,0.8699999999999999
2005,Есильский,Пшеница,51.95,66.4,175.0,0.72,7.6,13.12,18.65,36.800000000000004,61.5,4.011,7.24,0.0,81.2,0.525,0.0,0.0,8.74,16.2,22.490000000000002,2.3,56.9,2.87,7.6,0.0,112.0,0.519,0.0,0.0,11.227272727272727,16.772727272727273,21.954545454545453,14.8,58.45454545454545,4.0609090909090915,8.63,0.0,129.5,0.49090909090909096,0.0,0.0,13.23,20.2,25.93,0.0,49.2,3.107,7.49,0.0,152.0,0.476,0.0,0.0,15.1,21.910000000000004,27.130000000000003,3.4,50.0,2.836,6.48,0.0,169.10000000000002,0.449,0.0,0.0,14.569999999999999,19.509999999999998,24.23,37.5,65.3,3.1390000000000002,7.83,0.0,145.1,0.472,0.0,0.0,16.759999999999998,22.98,28.060000000000002,1.5,54.4,2.742,7.17,0.0,179.8,0.45200000000000007,0.0,0.0,13.25,18.27,22.71,36.9,67.2,3.851,8.54,0.0,132.7,0.465,0.0,0.0,16.463636363636365,22.445454545454545,27.281818181818185,2.6,60.27272727272727,2.752727272727273,5.44,0.0,191.9,0.44727272727272727,0.0,0.0,17.39,21.93,26.169999999999998,12.0,61.7,3.457,7.24,0.0,169.3,0.442,0.0,0.0,15.49,21.69,27.139999999999997,1.4,45.1,2.543,5.91,0.0,166.9,0.42400000000000004,0.0,0.0,8.827272727272726,11.818181818181818,14.718181818181819,59.2,80.45454545454545,3.7818181818181817,10.89,0.0,75.0,0.48727272727272725,0.0,0.0,10.54,15.219999999999999,19.8,2.8,66.1,3.603,7.67,0.0,102.19999999999999,0.48599999999999993,0.0,0.0,8.72,14.0,19.85,0.8999999999999999,57.8,3.191,6.36,0.0,90.0,0.46699999999999997,0.0,0.0,4.5600000000000005,9.52,15.01,1.8,61.9,2.6399999999999997,7.08,0.0,45.199999999999996,0.4600000000000001,0.0,0.0,4.26,9.41,14.959999999999999,0.1,61.1,3.009,6.38,0.0,44.1,0.45,0.0,0.0,-0.13999999999999999,5.34,11.84,0.0,57.8,1.984,3.44,0.0,3.3999999999999995,0.45,0.0,0.0,,,,,,0.54,0.82,0.8699999999999999
2006,Есильский,Пшеница,51.95,66.4,175.0,0.8,1.0,7.82,13.38,4.5,50.9,3.182,5.77,0.0,31.799999999999997,0.527,0.0,0.0,9.22,14.8,20.46,19.400000000000002,55.6,3.723,8.01,0.0,98.0,0.513,0.0,0.0,12.218181818181819,19.09090909090909,24.80909090909091,6.7,50.63636363636363,3.358181818181818,6.89,0.0,155.0,0.4945454545454545,0.0,0.0,13.9,20.830000000000002,26.25,1.7,46.7,3.5149999999999997,7.98,0.0,158.3,0.473,0.0,0.0,18.32,24.580000000000002,29.910000000000004,1.2999999999999998,40.2,3.8329999999999997,8.15,0.1,195.8,0.44800000000000006,0.0,0.0,16.09,20.47,24.72,23.7,70.7,2.903,5.72,0.0,154.7,0.45099999999999996,0.0,0.0,13.669999999999998,18.54,22.65,7.5,56.3,3.4410000000000003,7.81,0.0,135.4,0.45099999999999996,0.0,0.0,15.580000000000002,21.98,26.95,7.9,58.6,3.2409999999999997,5.98,0.0,169.8,0.44299999999999995,0.0,0.0,14.2,19.490909090909092,24.10909090909091,6.1000000000000005,45.18181818181818,4.886363636363637,12.6,0.0,159.4,0.4318181818181818,0.0,0.0,12.28,17.35,21.72,5.2,56.3,3.0789999999999997,6.9,0.0,123.5,0.43099999999999994,0.0,0.0,14.819999999999999,20.2,25.76,4.8,49.7,4.175,9.0,0.0,152.0,0.422,0.0,0.0,13.4,18.60909090909091,23.9,14.100000000000001,52.18181818181818,3.4054545454545457,7.66,0.09090909090909091,149.7,0.41727272727272724,0.0,0.0,13.75,20.43,27.4,0.0,35.6,3.464,6.87,0.2,154.3,0.41,0.0,0.0,8.21,11.29,14.89,33.9,69.1,4.79,10.79,0.0,63.9,0.42699999999999994,0.0,0.0,5.84,10.74,16.11,0.7,57.7,3.963,7.58,0.0,57.4,0.43899999999999995,0.0,0.0,4.34,7.970000000000001,11.74,29.6,64.8,4.3,8.99,0.0,37.7,0.446,0.0,0.0,-0.9800000000000001,2.1399999999999997,6.38,5.3,74.4,2.7399999999999998,5.55,0.0,0.0,0.476,0.0,0.0,,,,,,0.72,0.54,0.82
2007,Есильский,Пшеница,51.95,66.4,175.0,1.21,4.76,10.26,15.41,26.900000000000002,60.2,5.522,15.08,0.0,52.6,0.578,0.0,0.0,9.24,14.959999999999999,20.61,7.1,65.6,4.117,8.16,0.0,99.60000000000001,0.587,0.0,0.0,12.545454545454545,19.0,24.50909090909091,11.0,54.90909090909091,3.7490909090909095,8.96,0.0,154.0,0.5381818181818182,0.0,0.0,6.709999999999999,12.74,17.490000000000002,7.2,48.6,3.995,8.1,0.0,77.4,0.509,0.0,0.0,12.190000000000001,19.15,24.6,2.5999999999999996,48.8,3.195,8.45,0.0,141.5,0.488,0.0,0.0,17.21,23.43,28.98,22.3,50.7,3.874,8.93,0.0,184.3,0.45899999999999996,0.0,0.0,16.98,22.29,27.0,20.6,69.2,2.484,5.06,0.0,172.9,0.454,0.0,0.0,16.81,21.3,25.55,75.7,71.0,3.469,7.41,0.0,163.0,0.476,0.0,0.0,14.172727272727274,18.845454545454544,23.081818181818182,5.1,62.81818181818182,3.188181818181818,7.47,0.0,152.3,0.4563636363636364,0.0,0.0,15.12,20.18,24.85,7.9,65.4,3.2510000000000003,7.07,0.0,151.8,0.44000000000000006,0.0,0.0,11.809999999999999,17.169999999999998,22.130000000000003,1.3,54.4,3.254,7.33,0.0,121.7,0.43099999999999994,0.0,0.0,15.1,22.136363636363637,28.836363636363636,1.9000000000000001,45.81818181818182,2.9209090909090905,6.67,0.0,188.5,0.42454545454545456,0.0,0.0,11.870000000000001,17.95,23.619999999999997,0.5,51.1,3.3659999999999997,7.39,0.0,129.5,0.4109999999999999,0.0,0.0,10.08,14.669999999999998,19.28,4.0,48.6,4.013,7.89,0.1,96.7,0.41200000000000003,0.0,0.0,5.37,10.02,14.669999999999998,13.1,68.9,3.0460000000000003,6.8,0.0,50.2,0.433,0.0,0.0,1.9,6.76,12.459999999999999,5.5,70.5,3.018,9.56,0.0,19.3,0.438,0.0,0.0,3.3200000000000003,8.16,13.5,2.0,57.6,3.6100000000000003,6.71,0.0,15.8,0.434,0.0,0.0,,,,,,0.8,0.72,0.54
2008,Есильский,Пшеница,51.95,66.4,175.0,0.65,2.1100000000000003,9.27,15.23,3.1,55.9,3.772,8.32,0.0,44.2,0.487,0.0,0.0,9.33,16.09,22.06,7.199999999999999,53.0,3.3659999999999997,6.43,0.0,110.89999999999999,0.47400000000000003,0.0,0.0,13.827272727272726,20.12727272727273,26.218181818181815,3.6,46.72727272727273,3.9145454545454546,8.91,0.0,166.4,0.4563636363636364,0.0,0.0,10.709999999999999,15.52,20.05,13.8,53.5,4.324,12.23,0.0,105.2,0.45999999999999996,0.0,0.0,14.51,21.66,27.630000000000003,1.1,42.8,3.287,10.47,0.0,166.6,0.44299999999999995,0.0,0.0,17.009999999999998,22.32,27.110000000000003,48.7,54.5,3.5759999999999996,6.69,0.0,173.2,0.42699999999999994,0.0,0.0,14.88,20.44,25.3,18.9,63.1,2.8329999999999997,7.12,0.0,154.4,0.45099999999999996,0.0,0.0,18.91,24.64,29.68,12.3,55.1,3.46,7.26,0.0,196.4,0.43099999999999994,0.0,0.0,19.145454545454545,25.372727272727275,30.754545454545454,4.2,50.90909090909091,3.3100000000000005,6.59,0.0,224.1,0.4272727272727273,0.0,0.0,16.619999999999997,21.55,26.060000000000002,1.5999999999999999,44.3,3.914,8.08,0.0,165.5,0.41200000000000003,0.0,0.0,16.21,22.45,28.05,0.8,48.3,2.786,6.55,0.0,174.5,0.402,0.0,0.0,14.8,19.927272727272726,25.045454545454547,6.6,55.18181818181818,3.419090909090909,8.89,0.0,164.2,0.4063636363636363,0.0,0.0,12.09,16.45,21.3,5.0,52.0,4.0600000000000005,8.25,0.0,114.5,0.40499999999999997,0.0,0.0,7.720000000000001,11.17,15.12,6.9,63.1,3.7520000000000002,7.28,0.0,61.699999999999996,0.409,0.0,0.0,2.57,6.38,10.32,1.5,59.9,2.8600000000000003,6.76,0.0,18.5,0.41,0.0,0.0,3.34,10.120000000000001,17.919999999999998,0.0,48.3,2.173,4.75,0.0,51.2,0.41,0.0,0.0,3.18,5.34,8.48,14.899999999999999,73.8,5.45,9.34,0.0,3.4000000000000004,0.434,0.0,0.0,,,,,,1.21,0.8,0.72
2009,Есильский,Пшеница,51.95,66.4,175.0,0.8099999999999999,4.32,12.34,19.11,9.200000000000001,45.8,4.218,8.41,0.0,73.39999999999999,0.493,0.0,0.0,10.01,15.38,20.630000000000003,24.3,59.9,4.2090000000000005,8.4,0.0,103.8,0.475,0.0,0.0,6.636363636363637,12.645454545454545,17.89090909090909,36.800000000000004,58.45454545454545,3.9818181818181815,8.64,0.0,84.1,0.49727272727272726,0.0,0.0,13.49,20.95,26.919999999999998,2.6,51.8,3.2479999999999998,7.22,0.0,159.5,0.47300000000000003,0.0,0.0,14.290000000000001,20.91,26.169999999999998,6.3,44.5,3.533,7.4,0.0,159.1,0.445,0.0,0.0,12.47,17.93,22.39,2.7,49.4,4.245,7.57,0.0,129.3,0.43,0.0,0.0,14.37,20.759999999999998,25.97,4.9,40.4,3.406,7.4,0.1,157.6,0.422,0.0,0.0,14.49,18.93,23.080000000000002,15.7,71.4,3.662,6.42,0.0,139.3,0.429,0.0,0.0,13.654545454545454,19.227272727272727,24.072727272727274,6.8,53.54545454545455,3.289090909090909,7.26,0.0,156.5,0.4227272727272727,0.0,0.0,13.030000000000001,17.65,22.09,11.1,64.1,3.7630000000000003,7.98,0.0,126.5,0.425,0.0,0.0,12.55,18.669999999999998,24.509999999999998,4.8,52.2,3.344,6.43,0.0,136.7,0.42299999999999993,0.0,0.0,14.281818181818181,19.59090909090909,24.481818181818184,20.3,57.0,3.64,8.92,0.0,160.5,0.4290909090909091,0.0,0.0,9.03,13.8,18.35,4.9,63.0,2.993,6.09,0.0,88.0,0.44000000000000006,0.0,0.0,8.8,14.459999999999999,20.229999999999997,1.8,54.5,2.536,5.61,0.0,94.6,0.43,0.0,0.0,8.72,13.09,17.71,6.4,55.7,3.72,7.93,0.0,80.9,0.43,0.0,0.0,5.84,9.790000000000001,14.55,23.2,60.8,4.65,7.6,0.0,47.9,0.438,0.0,0.0,0.6599999999999999,6.1,11.86,0.0,54.0,3.38,5.79,0.0,9.8,0.44000000000000006,0.0,0.0,,,,,,0.65,1.21,0.8
2010,Есильский,Пшеница,51.95,66.4,175.0,0.31,7.159999999999999,15.38,22.2,0.0,45.6,3.162,6.21,0.0,103.8,0.485,0.0,0.0,7.65,14.84,21.0,2.1,40.7,3.3729999999999998,7.43,0.0,98.39999999999999,0.465,0.0,0.0,10.054545454545455,15.772727272727273,21.30909090909091,8.9,49.27272727272727,4.167272727272728,8.34,0.0,118.5,0.4581818181818182,0.0,0.0,13.76,22.23,28.689999999999998,8.0,38.3,3.189,6.66,0.2,172.3,0.44299999999999995,0.0,0.0,17.93,24.95,30.939999999999998,3.3,40.6,4.238,9.53,0.0,199.5,0.429,0.0,0.0,15.1,21.68,26.910000000000004,0.3,40.5,3.6109999999999998,8.23,0.0,166.8,0.417,0.0,0.0,15.059999999999999,21.05,25.96,3.0,39.9,3.582,7.3,0.0,160.5,0.41200000000000003,0.0,0.0,16.41,22.07,27.23,13.200000000000001,51.7,3.2399999999999998,6.76,0.0,170.7,0.417,0.0,0.0,14.854545454545455,21.672727272727272,27.336363636363636,10.6,41.72727272727273,2.9954545454545456,6.53,0.0,183.4,0.4063636363636363,0.0,0.0,18.490000000000002,25.0,30.689999999999998,0.0,38.2,3.123,6.97,0.0,200.0,0.4,0.0,0.0,16.919999999999998,23.47,29.48,0.2,38.3,3.232,7.21,0.0,184.7,0.399,0.0,0.0,15.372727272727273,21.38181818181818,27.11818181818182,19.9,51.90909090909091,3.850909090909091,9.78,0.0,180.2,0.41545454545454547,0.0,0.0,11.22,17.119999999999997,23.669999999999998,0.0,39.4,4.169,10.61,0.1,121.2,0.404,0.0,0.0,5.89,11.55,17.169999999999998,2.1,48.7,2.925,7.22,0.0,65.5,0.40099999999999997,0.0,0.0,9.05,14.25,19.69,1.2000000000000002,50.8,3.6100000000000003,9.08,0.0,92.5,0.4,0.0,0.0,3.62,7.209999999999999,10.68,4.7,64.3,2.997,6.65,0.0,24.6,0.402,0.0,0.0,2.52,7.720000000000001,13.6,10.5,58.6,4.526,9.63,0.0,13.600000000000001,0.406,0.0,0.0,,,,,,0.8099999999999999,0.65,1.21
2011,Есильский,Пшеница,51.95,66.4,175.0,1.94,6.26,13.219999999999999,19.59,0.39999999999999997,39.9,4.076,7.69,0.0,82.2,0.5,0.0,0.0,6.69,13.459999999999999,19.46,8.8,38.1,3.314,8.76,0.0,84.6,0.479,0.0,0.0,10.0,15.254545454545456,20.145454545454545,60.0,59.63636363636363,4.171818181818182,9.97,0.0,112.8,0.4981818181818182,0.0,0.0,12.95,17.81,22.61,37.1,71.6,2.857,7.24,0.0,128.1,0.531,0.0,0.0,12.739999999999998,18.77,23.65,30.6,56.3,3.2990000000000004,7.4,0.0,137.7,0.487,0.0,0.0,13.430000000000001,17.86,22.0,51.5,74.1,3.5420000000000003,8.49,0.0,128.6,0.513,0.0,0.0,16.0,21.830000000000002,27.119999999999997,2.1,58.6,3.217,6.7,0.0,168.3,0.488,0.0,0.0,13.569999999999999,18.54,23.1,44.2,69.7,3.6109999999999998,6.08,0.0,135.4,0.49000000000000005,0.0,0.0,16.327272727272728,21.436363636363637,26.3,10.6,64.45454545454545,3.7954545454545454,8.63,0.0,180.8,0.46181818181818185,0.0,0.0,12.53,17.66,22.119999999999997,8.799999999999999,60.8,3.531,7.21,0.0,126.60000000000001,0.453,0.0,0.0,15.45,21.19,26.330000000000002,6.7,51.8,3.5480000000000005,6.71,0.0,161.9,0.437,0.0,0.0,9.681818181818182,14.5,19.28181818181818,4.5,59.0,3.056363636363636,6.39,0.0,104.5,0.43727272727272726,0.0,0.0,14.85,20.86,26.689999999999998,1.6,39.4,3.3810000000000002,7.57,0.2,158.6,0.425,0.0,0.0,13.190000000000001,18.130000000000003,22.91,1.2,50.0,2.73,6.62,0.0,131.3,0.42400000000000004,0.0,0.0,5.95,9.77,14.12,17.400000000000002,67.0,4.085,7.11,0.0,47.7,0.45200000000000007,0.0,0.0,5.92,9.48,13.040000000000001,18.0,73.8,4.1770000000000005,8.98,0.0,44.800000000000004,0.45200000000000007,0.0,0.0,4.14,9.98,17.44,0.0,72.8,2.506,4.41,0.0,24.9,0.454,0.0,0.0,,,,,,0.31,0.8099999999999999,0.65
2012,Есильский,Пшеница,51.95,66.4,175.0,0.5900000000000001,5.0600000000000005,11.08,17.09,24.3,62.3,3.6410000000000005,7.64,0.0,60.8,0.511,0.0,0.0,10.01,16.98,22.89,11.5,48.2,4.111,8.59,0.0,119.8,0.484,0.0,0.0,12.681818181818182,19.71818181818182,25.872727272727275,5.3,41.36363636363637,3.463636363636364,6.48,0.18181818181818182,161.9,0.46545454545454545,0.0,0.0,14.530000000000001,21.7,27.380000000000003,2.2,45.3,2.818,9.15,0.0,167.0,0.442,0.0,0.0,16.22,22.6,27.869999999999997,1.2,49.9,3.595,6.85,0.0,176.0,0.43600000000000005,0.0,0.0,18.33,22.64,27.080000000000002,11.2,53.0,4.18,7.78,0.1,176.4,0.42699999999999994,0.0,0.0,16.54,22.759999999999998,28.01,1.1,48.2,3.935,6.55,0.0,177.6,0.42299999999999993,0.0,0.0,20.95,28.619999999999997,34.67,0.7999999999999999,32.8,2.903,5.06,0.1,236.2,0.40700000000000003,0.0,0.0,17.12727272727273,21.827272727272728,26.09090909090909,62.2,57.81818181818182,3.9881818181818187,8.21,0.0,185.1,0.4072727272727273,0.0,0.0,15.430000000000001,21.1,26.330000000000002,15.8,65.4,2.551,6.51,0.0,161.0,0.441,0.0,0.0,17.56,23.580000000000002,29.53,2.1,49.9,3.2339999999999995,7.96,0.0,185.8,0.418,0.0,0.0,13.227272727272727,17.90909090909091,22.727272727272727,19.6,63.36363636363637,3.1436363636363636,6.12,0.0,142.0,0.42636363636363633,0.0,0.0,10.129999999999999,15.84,21.31,0.7999999999999999,51.1,3.475,8.7,0.0,108.4,0.42400000000000004,0.0,0.0,9.68,13.25,17.03,8.1,56.9,4.732,9.26,0.0,82.5,0.42299999999999993,0.0,0.0,7.33,12.05,17.009999999999998,5.499999999999999,58.8,2.827,7.47,0.0,70.5,0.42000000000000004,0.0,0.0,5.1899999999999995,8.95,13.330000000000002,2.7,62.0,4.18,8.06,0.0,44.0,0.42400000000000004,0.0,0.0,7.08,11.879999999999999,17.72,2.6,50.4,4.2379999999999995,8.34,0.0,34.4,0.42000000000000004,0.0,0.0,,,,,,1.94,0.31,0.8099999999999999
2013,Есильский,Пшеница,51.95,66.4,175.0,0.8400000000000001,5.38,11.43,16.77,13.4,54.8,4.551,11.44,0.0,64.3,0.531,0.0,0.0,5.51,11.7,17.080000000000002,14.5,58.5,3.659,8.24,0.0,67.0,0.519,0.0,0.0,9.172727272727274,15.981818181818182,21.663636363636364,5.0,48.72727272727273,3.8572727272727274,8.49,0.0,120.8,0.49727272727272726,0.0,0.0,10.940000000000001,16.919999999999998,21.91,4.5,45.7,3.6409999999999996,7.36,0.0,119.2,0.48,0.0,0.0,12.790000000000001,20.15,25.57,4.1,42.9,3.031,6.66,0.0,151.5,0.466,0.0,0.0,17.869999999999997,23.23,28.130000000000003,2.4,36.5,5.023000000000001,8.89,0.0,182.3,0.438,0.0,0.0,13.559999999999999,18.7,22.96,23.9,57.1,3.686,10.19,0.0,137.0,0.446,0.0,0.0,14.559999999999999,19.0,23.5,27.7,68.5,3.4200000000000004,6.48,0.0,140.0,0.45,0.0,0.0,16.481818181818184,21.66363636363636,26.518181818181816,21.4,68.54545454545455,2.9181818181818184,8.13,0.0,183.29999999999998,0.45454545454545453,0.0,0.0,16.57,20.119999999999997,23.86,61.5,77.3,2.85,7.02,0.0,151.2,0.471,0.0,0.0,13.169999999999998,18.66,23.7,7.6,65.8,2.8890000000000002,7.03,0.0,136.6,0.466,0.0,0.0,13.19090909090909,17.39090909090909,22.181818181818183,24.2,64.9090909090909,4.442727272727272,8.29,0.0,136.29999999999998,0.45909090909090905,0.0,0.0,12.45,17.869999999999997,23.45,1.9000000000000001,61.5,3.7359999999999998,7.32,0.0,128.7,0.458,0.0,0.0,6.909999999999999,10.33,13.75,0.9,59.2,2.8850000000000002,4.94,0.0,53.3,0.45,0.0,0.0,7.029999999999999,11.93,17.72,11.600000000000001,52.1,4.175,9.49,0.0,69.3,0.449,0.0,0.0,1.75,4.76,7.890000000000001,10.700000000000001,71.3,4.023000000000001,7.82,0.0,4.0,0.4600000000000001,0.0,0.0,2.9799999999999995,6.12,9.32,7.1,72.2,4.792,9.58,0.0,9.6,0.4699999999999999,0.0,0.0,,,,,,0.5900000000000001,1.94,0.31
2014,Есильский,Пшеница,51.95,66.4,175.0,1.02,8.59,15.11,21.23,0.4,48.9,4.301,7.34,0.0,101.1,0.481,0.0,0.0,11.370000000000001,18.259999999999998,24.330000000000002,9.6,42.8,3.9549999999999996,8.87,0.0,132.6,0.46699999999999997,0.0,0.0,10.1,16.172727272727272,21.445454545454545,13.9,52.09090909090909,3.980909090909091,8.81,0.0,122.89999999999999,0.46818181818181814,0.0,0.0,10.84,17.27,22.64,2.9,41.9,3.386,7.1,0.0,122.69999999999999,0.453,0.0,0.0,17.1,23.619999999999997,29.24,3.5,41.2,3.8009999999999997,9.23,0.0,186.2,0.43600000000000005,0.0,0.0,16.71,23.27,28.72,10.4,45.5,2.946,6.18,0.0,182.7,0.42400000000000004,0.0,0.0,16.45,21.78,26.380000000000003,15.6,57.5,3.724,7.81,0.0,167.8,0.442,0.0,0.0,11.05,15.51,20.02,26.8,67.5,4.1049999999999995,7.83,0.0,105.10000000000001,0.437,0.0,0.0,10.836363636363636,14.663636363636364,18.654545454545453,19.5,69.63636363636364,4.346363636363637,11.31,0.0,106.3,0.4709090909090909,0.0,0.0,15.819999999999999,21.79,27.6,10.2,54.8,3.2659999999999996,6.22,0.0,167.9,0.45999999999999996,0.0,0.0,16.43,21.880000000000003,27.45,3.6,53.7,3.944,8.36,0.0,168.8,0.43899999999999995,0.0,0.0,17.036363636363635,22.681818181818183,28.19090909090909,4.3,44.54545454545455,3.4872727272727273,6.73,0.0,194.5,0.42454545454545456,0.0,0.0,8.620000000000001,12.9,17.16,4.7,56.2,3.132,6.91,0.0,79.0,0.425,0.0,0.0,5.76,10.67,15.3,3.1,60.0,3.4829999999999997,8.14,0.0,56.9,0.425,0.0,0.0,5.85,10.41,15.309999999999999,13.7,56.6,3.5549999999999997,8.66,0.0,54.1,0.43099999999999994,0.0,0.0,1.41,5.4,9.040000000000001,7.6,70.5,4.736,12.53,0.0,12.700000000000001,0.446,0.0,0.0,3.44,8.18,11.440000000000001,12.2,73.0,4.816000000000001,7.96,0.0,15.899999999999999,0.458,0.0,0.0,,,,,,0.8400000000000001,0.5900000000000001,1.94
2015,Есильский,Пшеница,51.95,66.4,175.0,1.04,9.64,16.32,22.61,18.5,57.7,4.0600000000000005,9.66,0.0,113.2,0.525,0.0,0.0,8.309999999999999,12.790000000000001,17.54,42.800000000000004,65.5,4.461,10.25,0.0,77.9,0.538,0.0,0.0,10.409090909090908,16.59090909090909,22.163636363636364,17.2,67.9090909090909,2.9045454545454543,6.0,0.0,127.5,0.5381818181818182,0.0,0.0,14.91,20.7,25.610000000000003,12.1,57.6,3.106,10.04,0.0,157.0,0.499,0.0,0.0,14.74,20.94,26.15,16.0,60.3,3.154,8.07,0.0,159.4,0.491,0.0,0.0,17.46,24.21,29.860000000000003,0.0,42.9,3.785,5.87,0.0,192.1,0.45999999999999996,0.0,0.0,13.780000000000001,18.52,22.91,18.9,53.5,4.587,9.12,0.0,135.2,0.449,0.0,0.0,17.240000000000002,23.59,29.03,2.4000000000000004,41.3,3.9560000000000004,8.51,0.0,185.9,0.43600000000000005,0.0,0.0,15.072727272727274,20.62727272727273,25.327272727272728,8.0,54.90909090909091,3.5290909090909093,6.96,0.0,171.9,0.42818181818181816,0.0,0.0,14.719999999999999,20.509999999999998,25.59,2.3,45.4,3.373,6.51,0.0,155.1,0.42000000000000004,0.0,0.0,15.14,20.5,26.21,8.0,47.9,4.119,7.98,0.2,155.0,0.41600000000000004,0.0,0.0,9.590909090909092,14.654545454545454,19.545454545454547,11.5,58.90909090909091,4.180909090909091,9.59,0.0,106.2,0.4290909090909091,0.0,0.0,10.83,16.630000000000003,23.15,15.399999999999999,55.0,3.04,7.36,0.0,116.30000000000001,0.43600000000000005,0.0,0.0,8.26,12.6,17.080000000000002,8.8,64.7,3.4519999999999995,7.32,0.0,76.0,0.438,0.0,0.0,4.82,9.809999999999999,14.73,0.8,51.9,2.9080000000000004,6.04,0.0,48.1,0.44000000000000006,0.0,0.0,3.46,8.290000000000001,14.11,6.4,47.4,4.8149999999999995,12.59,0.0,35.7,0.438,0.0,0.0,-2.56,1.06,5.12,0.3,58.0,3.822,7.42,0.0,0.0,0.44000000000000006,0.0,0.0,,,,,,1.02,0.8400000000000001,0.5900000000000001
2016,Есильский,Пшеница,51.95,66.4,175.0,1.09,3.66,9.690000000000001,14.780000000000001,10.4,50.3,3.66,8.49,0.0,46.9,0.5660000000000001,0.0,0.0,5.49,12.7,18.509999999999998,6.0,49.2,4.049,7.22,0.0,77.0,0.555,0.0,0.0,13.281818181818181,19.272727272727273,24.69090909090909,2.4,43.0,3.939090909090909,7.73,0.09090909090909091,157.0,0.52,0.0,0.0,11.84,17.919999999999998,23.29,7.6,50.2,3.6979999999999995,7.9,0.0,129.2,0.506,0.0,0.0,12.930000000000001,17.79,21.490000000000002,32.2,65.9,4.263,9.42,0.0,127.9,0.5640000000000001,0.0,0.0,14.12,18.43,22.5,29.8,63.1,3.503,7.14,0.0,134.3,0.54,0.0,0.0,14.51,19.64,24.09,17.6,72.8,2.9850000000000003,6.13,0.0,146.4,0.549,0.0,0.0,17.169999999999998,21.41,25.75,14.399999999999999,66.8,3.6450000000000005,6.8,0.0,164.1,0.532,0.0,0.0,16.081818181818182,20.527272727272727,24.981818181818184,3.3,64.72727272727273,3.8181818181818183,7.66,0.0,170.8,0.519090909090909,0.0,0.0,16.15,22.869999999999997,28.439999999999998,0.0,51.1,2.433,5.94,0.0,178.7,0.483,0.0,0.0,18.64,24.490000000000002,29.639999999999997,0.5,50.6,3.498,6.4,0.0,194.9,0.45499999999999996,0.0,0.0,14.536363636363637,20.299999999999997,25.663636363636364,3.5999999999999996,44.72727272727273,2.92,8.42,0.0,168.29999999999998,0.4445454545454545,0.0,0.0,12.629999999999999,17.830000000000002,22.619999999999997,10.8,52.4,4.2219999999999995,9.21,0.0,128.3,0.44699999999999995,0.0,0.0,9.709999999999999,13.3,17.4,14.3,64.1,3.742,9.52,0.0,83.0,0.469,0.0,0.0,7.260000000000001,12.4,18.09,11.9,56.5,3.137,5.06,0.0,74.0,0.465,0.0,0.0,3.55,7.32,10.959999999999999,19.1,71.4,2.976,6.89,0.0,27.8,0.488,0.0,0.0,-1.46,0.8400000000000001,3.6399999999999997,0.7,72.6,3.25,6.84,0.0,0.0,0.49000000000000005,0.0,0.0,,,,,,1.04,1.02,0.8400000000000001
2017,Есильский,Пшеница,51.95,66.4,175.0,1.1800000000000002,6.36,13.540000000000001,20.14,6.300000000000001,44.2,5.136,12.17,0.0,85.4,0.5650000000000001,0.0,0.0,5.609999999999999,12.77,18.8,1.7000000000000002,43.5,3.495,7.71,0.0,77.7,0.543,0.0,0.0,9.518181818181818,16.645454545454545,22.80909090909091,21.799999999999997,48.81818181818182,5.035454545454545,12.95,0.09090909090909091,128.1,0.5227272727272727,0.0,0.0,11.66,17.419999999999998,22.759999999999998,14.6,49.3,4.24,10.23,0.0,124.2,0.509,0.0,0.0,15.61,21.84,27.560000000000002,3.9,49.0,3.785,9.71,0.0,168.4,0.496,0.0,0.0,15.280000000000001,21.81,27.6,4.2,50.0,3.007,8.27,0.0,168.1,0.46799999999999997,0.0,0.0,14.77,20.8,26.630000000000003,13.8,56.1,3.7329999999999997,8.32,0.0,158.0,0.477,0.0,0.0,12.67,17.380000000000003,22.1,18.7,66.7,3.35,8.32,0.0,123.8,0.475,0.0,0.0,16.154545454545453,22.37272727272727,27.94545454545454,3.9,57.18181818181818,3.23,6.18,0.0,191.1,0.47,0.0,0.0,16.11,22.21,27.8,6.500000000000001,55.0,3.8939999999999997,9.85,0.0,172.1,0.45200000000000007,0.0,0.0,11.370000000000001,17.34,22.75,10.0,51.3,3.0949999999999998,7.0,0.0,123.39999999999999,0.445,0.0,0.0,15.381818181818181,22.936363636363637,29.61818181818182,0.0,40.54545454545455,2.598181818181818,5.16,0.0,197.3,0.4318181818181818,0.0,0.0,13.63,20.07,25.96,6.4,46.7,3.844,9.24,0.0,150.7,0.422,0.0,0.0,8.940000000000001,14.37,19.759999999999998,4.7,58.7,4.014,8.26,0.0,93.7,0.434,0.0,0.0,3.47,6.76,10.120000000000001,0.1,51.2,3.906,7.66,0.0,20.1,0.43,0.0,0.0,-0.7100000000000001,2.98,7.19,14.899999999999999,64.4,3.406,7.52,0.0,1.7000000000000002,0.437,0.0,0.0,1.42,7.340000000000001,13.8,0.4,58.4,2.962,4.72,0.0,11.7,0.44000000000000006,0.0,0.0,,,,,,1.09,1.04,1.02
2018,Есильский,Пшеница,51.95,66.4,175.0,0.8800000000000001,2.16,8.39,14.59,13.899999999999999,60.7,4.714,10.12,0.0,37.3,0.547,0.0,0.0,3.6100000000000003,10.709999999999999,17.36,0.5,44.0,4.301,7.71,0.1,57.1,0.52,0.0,0.0,7.5181818181818185,13.863636363636363,20.09090909090909,26.0,51.45454545454545,5.5645454545454545,12.68,0.0,97.5,0.5181818181818182,0.0,0.0,9.82,16.669999999999998,23.39,16.0,47.1,5.062,11.78,0.0,116.7,0.511,0.0,0.0,11.040000000000001,17.19,22.35,3.1,47.6,3.501,7.16,0.0,121.9,0.484,0.0,0.0,14.319999999999999,19.880000000000003,25.19,21.0,61.9,3.925,10.05,0.0,148.8,0.473,0.0,0.0,16.740000000000002,23.25,29.23,7.199999999999999,57.8,3.276,7.81,0.0,182.5,0.458,0.0,0.0,17.3,22.990000000000002,28.15,13.4,58.1,3.604,8.73,0.0,179.9,0.44800000000000006,0.0,0.0,15.081818181818182,21.363636363636363,27.027272727272727,10.499999999999998,54.27272727272727,4.468181818181818,10.01,0.0,180.0,0.43454545454545457,0.0,0.0,15.52,21.89,27.8,7.5,59.1,3.023,6.86,0.0,168.9,0.43,0.0,0.0,12.919999999999998,18.369999999999997,23.509999999999998,20.7,63.7,4.1659999999999995,8.99,0.0,133.7,0.434,0.0,0.0,10.063636363636364,14.554545454545455,19.472727272727273,24.7,74.27272727272727,3.6336363636363633,11.37,0.0,105.1,0.4581818181818182,0.0,0.0,7.090000000000001,12.129999999999999,16.61,0.7000000000000001,60.3,3.166,7.59,0.0,71.3,0.45099999999999996,0.0,0.0,8.35,14.14,19.94,6.7,50.3,3.87,9.08,0.0,91.4,0.43899999999999995,0.0,0.0,7.159999999999999,12.33,17.47,20.299999999999997,66.1,4.0600000000000005,8.7,0.0,73.3,0.465,0.0,0.0,5.08,10.72,16.35,4.6,55.3,4.046,7.27,0.0,57.2,0.453,0.0,0.0,0.020000000000000108,3.3199999999999994,6.859999999999999,8.3,70.4,4.098000000000001,10.75,0.0,6.6,0.45,0.0,0.0,,,,,,1.1800000000000002,1.09,1.04
2019,Есильский,Пшеница,51.95,66.4,175.0,0.82,5.16,14.02,21.880000000000003,0.8999999999999999,39.8,3.157,6.79,0.0,93.7,0.521,0.0,0.0,6.51,14.01,20.65,13.0,46.6,4.0009999999999994,8.93,0.0,90.1,0.491,0.0,0.0,6.945454545454546,14.854545454545455,21.40909090909091,4.8,44.81818181818182,3.955454545454545,10.73,0.0,108.4,0.48727272727272725,0.0,0.0,10.97,16.89,22.89,17.5,60.7,4.509,9.71,0.0,118.9,0.4779999999999999,0.0,0.0,10.190000000000001,16.61,22.0,7.300000000000001,53.1,3.219,8.16,0.0,116.1,0.471,0.0,0.0,14.219999999999999,20.97,26.76,1.1,44.8,3.7689999999999997,7.82,0.0,159.7,0.45,0.0,0.0,14.190000000000001,21.18,27.080000000000002,20.7,51.2,4.487,11.11,0.0,161.8,0.45499999999999996,0.0,0.0,19.54,26.82,32.82,0.4,35.0,3.963,7.27,0.1,218.2,0.42699999999999994,0.0,0.0,16.581818181818182,22.71818181818182,28.245454545454546,9.5,52.81818181818182,3.819090909090909,9.27,0.0,194.9,0.4227272727272727,0.0,0.0,13.280000000000001,19.84,25.57,12.0,49.1,4.079,10.52,0.0,148.4,0.425,0.0,0.0,15.719999999999999,21.82,27.5,10.9,52.5,2.982,9.07,0.1,168.2,0.422,0.0,0.0,11.80909090909091,16.827272727272728,21.672727272727272,33.5,62.63636363636363,3.8981818181818184,8.48,0.0,130.1,0.4254545454545454,0.0,0.0,7.68,10.870000000000001,14.7,36.9,79.9,3.9899999999999998,8.51,0.0,58.7,0.45899999999999996,0.0,0.0,9.209999999999999,15.059999999999999,20.740000000000002,1.2,60.0,3.772,10.81,0.0,100.6,0.458,0.0,0.0,2.25,6.909999999999999,12.0,16.0,61.1,4.458,14.07,0.0,22.8,0.46799999999999997,0.0,0.0,2.5100000000000002,9.64,17.35,3.1,55.7,2.623,4.21,0.0,47.8,0.461,0.0,0.0,4.08,7.659999999999999,11.42,11.7,79.2,4.332,9.48,0.0,13.3,0.47400000000000003,0.0,0.0,,,,,,0.8800000000000001,1.1800000000000002,1.09
2020,Есильский,Пшеница,51.95,66.4,175.0,0.94,7.32,14.49,20.830000000000002,5.7,45.8,4.175,8.37,0.0,94.9,0.543,0.0,0.0,12.86,17.43,22.81,38.1,68.7,4.146,9.2,0.0,124.3,0.544,0.0,0.0,14.036363636363637,20.79090909090909,27.372727272727275,6.7,50.0,4.171818181818182,9.8,0.0,173.7,0.5363636363636364,0.0,0.0,13.12,20.3,25.919999999999998,0.0,39.7,3.489,8.13,0.0,153.0,0.489,0.0,0.0,12.98,19.54,24.91,0.3,38.8,4.085,8.3,0.0,145.4,0.462,0.0,0.0,11.51,16.77,21.87,26.5,53.2,4.661,8.72,0.1,117.7,0.45600000000000007,0.0,0.0,13.569999999999999,19.57,24.54,19.1,66.8,3.2659999999999996,7.24,0.0,145.7,0.46699999999999997,0.0,0.0,19.8,27.24,33.309999999999995,0.0,41.8,3.386,6.9,0.0,222.4,0.442,0.0,0.0,15.381818181818181,20.945454545454545,26.345454545454547,27.5,59.90909090909091,3.5154545454545456,8.14,0.0,175.4,0.44,0.0,0.0,19.119999999999997,25.45,31.0,13.3,43.6,4.358,8.1,0.0,204.5,0.42699999999999994,0.0,0.0,12.43,16.72,20.990000000000002,15.2,65.5,4.273000000000001,8.66,0.0,117.2,0.44400000000000006,0.0,0.0,11.590909090909092,18.445454545454545,24.50909090909091,2.2,59.45454545454545,2.679090909090909,5.61,0.0,147.9,0.44272727272727275,0.0,0.0,8.610000000000001,14.580000000000002,19.810000000000002,1.8,51.4,3.809,8.63,0.0,95.8,0.43,0.0,0.0,8.73,13.49,18.21,20.6,58.3,4.878,11.94,0.0,84.9,0.43499999999999994,0.0,0.0,3.7700000000000005,7.95,12.17,16.4,74.1,3.6839999999999997,9.76,0.0,29.5,0.461,0.0,0.0,-0.15,5.21,9.89,3.1,64.3,3.282,6.33,0.0,14.899999999999999,0.454,0.0,0.0,2.3,8.36,15.36,0.0,54.6,2.898,4.87,0.0,16.799999999999997,0.45,0.0,0.0,,,,,,0.82,0.8800000000000001,1.1800000000000002
2021,Есильский,Пшеница,51.95,66.4,175.0,0.65837,6.94,13.77,20.34,17.5,50.2,3.8890000000000002,8.86,0.0,87.7,0.52,0.0,0.0,10.89,18.81,26.060000000000002,0.1,47.5,3.011,6.96,0.0,138.1,0.504,0.0,0.0,14.163636363636364,22.80909090909091,29.827272727272728,0.4,36.45454545454545,3.13,7.12,0.0,195.9,0.4709090909090909,0.0,0.0,11.64,19.11,25.19,0.9,40.4,3.7079999999999997,8.03,0.1,141.1,0.44699999999999995,0.0,0.0,14.580000000000002,22.169999999999998,28.110000000000003,3.7,33.6,3.725,9.82,0.2,171.7,0.429,0.0,0.0,13.84,20.34,25.619999999999997,3.1999999999999997,48.1,3.589,10.08,0.0,153.4,0.42800000000000005,0.0,0.0,18.589999999999996,25.04,30.669999999999998,2.3,38.9,4.747999999999999,9.73,0.2,200.4,0.41600000000000004,0.0,0.0,13.09,17.98,23.130000000000003,15.5,63.7,4.445,10.43,0.0,129.8,0.437,0.0,0.0,16.172727272727272,22.836363636363636,28.61818181818182,0.6,42.0,4.01,7.32,0.09090909090909091,196.2,0.4227272727272727,0.0,0.0,17.21,23.82,29.78,2.5,49.5,3.6159999999999997,8.94,0.0,188.2,0.41,0.0,0.0,14.45,21.5,27.639999999999997,0.2,48.5,2.94,6.8,0.0,165.0,0.40700000000000003,0.0,0.0,15.454545454545455,22.29090909090909,28.063636363636363,12.3,45.09090909090909,3.4718181818181817,7.6,0.0,190.2,0.4027272727272727,0.0,0.0,10.440000000000001,16.15,21.4,5.0,49.2,4.051,9.46,0.1,111.5,0.402,0.0,0.0,5.96,11.17,15.469999999999999,1.5,53.0,4.607,8.9,0.0,61.699999999999996,0.41,0.0,0.0,2.05,6.3100000000000005,10.77,13.100000000000001,64.0,4.148,10.41,0.0,14.600000000000001,0.4149999999999999,0.0,0.0,-1.65,2.85,7.720000000000001,6.7,73.7,2.992,7.58,0.0,0.7000000000000002,0.43,0.0,0.0,-0.36,5.3,11.7,0.0,63.8,2.654,5.94,0.0,5.5,0.426,0.0,0.0,,,,,,0.94,0.82,0.8800000000000001
2022,Есильский,Пшеница,51.95,66.4,175.0,1.11946,4.5600000000000005,10.93,17.1,7.7,42.3,4.183,9.11,0.0,59.3,0.476,0.0,0.0,8.51,14.59,20.29,28.299999999999997,58.4,4.807,10.88,0.0,95.9,0.4699999999999999,0.0,0.0,11.518181818181818,18.3,25.10909090909091,18.5,46.54545454545455,5.3963636363636365,12.03,0.0,146.3,0.4627272727272727,0.0,0.0,10.790000000000001,18.1,24.73,6.2,43.2,3.7729999999999997,9.1,0.0,131.0,0.45200000000000007,0.0,0.0,13.74,20.46,26.119999999999997,19.6,55.9,3.007,6.48,0.0,154.6,0.44400000000000006,0.0,0.0,14.219999999999999,19.96,25.65,13.6,54.5,4.26,8.77,0.0,149.6,0.44400000000000006,0.0,0.0,12.819999999999999,18.97,24.15,2.2,56.3,3.879,8.44,0.0,139.7,0.449,0.0,0.0,19.22,25.71,31.560000000000002,0.5,47.3,3.758,9.57,0.0,207.1,0.437,0.0,0.0,16.545454545454547,22.454545454545453,27.88181818181818,30.9,53.09090909090909,3.7209090909090907,7.6,0.0,192.0,0.4290909090909091,0.0,0.0,15.09,21.33,26.93,12.399999999999999,54.3,3.9189999999999996,7.27,0.0,163.29999999999998,0.437,0.0,0.0,11.86,18.130000000000003,23.64,3.5,50.6,3.283,7.05,0.0,131.3,0.42299999999999993,0.0,0.0,11.836363636363636,19.463636363636365,26.281818181818185,7.8,52.54545454545455,2.59,6.49,0.0,159.1,0.41727272727272724,0.0,0.0,13.39,19.96,26.26,2.4,38.3,4.457,12.32,0.3,149.6,0.41,0.0,0.0,6.95,13.169999999999998,19.43,10.1,46.0,3.617,10.18,0.0,81.7,0.41899999999999993,0.0,0.0,6.63,13.040000000000001,19.330000000000002,1.6,46.0,3.316,8.49,0.1,92.2,0.41,0.0,0.0,0.21999999999999997,6.55,12.8,2.1,49.7,3.1149999999999998,7.14,0.0,26.700000000000003,0.41,0.0,0.0,3.9799999999999995,10.08,16.3,0.0,52.6,2.948,5.99,0.0,25.4,0.41,0.0,0.0,,,,,,0.65837,0.94,0.82
2023,Есильский,Пшеница,51.95,66.4,175.0,0.75,4.96,12.059999999999999,18.94,4.6,46.4,3.432,8.23,0.0,70.6,0.513,0.0,0.0,6.15,12.209999999999999,17.919999999999998,22.0,55.3,4.923,9.6,0.0,72.1,0.509,0.0,0.0,11.2,19.71818181818182,26.572727272727274,0.1,44.0,2.848181818181818,5.8,0.0,161.9,0.48454545454545456,0.0,0.0,17.310000000000002,25.19,31.889999999999997,1.3,34.9,3.146,7.64,0.1,201.9,0.446,0.0,0.0,12.42,19.09,25.59,8.5,45.9,4.095000000000001,10.71,0.0,140.9,0.43499999999999994,0.0,0.0,10.120000000000001,15.959999999999999,21.119999999999997,14.799999999999999,55.5,4.047,9.3,0.0,109.6,0.45099999999999996,0.0,0.0,17.23,24.43,30.78,7.699999999999999,46.5,3.1,9.13,0.0,194.3,0.441,0.0,0.0,18.06,24.02,29.54,24.5,50.3,4.2219999999999995,9.35,0.1,190.2,0.426,0.0,0.0,16.20909090909091,22.69090909090909,28.20909090909091,7.0,52.63636363636363,2.8181818181818183,6.35,0.0,194.6,0.42454545454545456,0.0,0.0,18.15,23.68,29.29,16.5,54.0,3.166,8.05,0.0,186.8,0.421,0.0,0.0,13.290000000000001,19.73,25.4,6.3999999999999995,50.1,3.243,8.08,0.0,147.3,0.429,0.0,0.0,11.818181818181818,16.29090909090909,21.272727272727273,45.6,69.0,4.147272727272727,11.83,0.0,124.19999999999999,0.44909090909090904,0.0,0.0,7.83,12.07,16.36,47.2,76.9,3.495,8.53,0.0,70.7,0.497,0.0,0.0,7.720000000000001,12.49,17.29,30.1,76.9,2.5620000000000003,8.18,0.0,74.9,0.5,0.0,0.0,6.839999999999999,12.26,17.68,5.5,73.6,2.614,6.5,0.0,72.6,0.487,0.0,0.0,5.319999999999999,10.28,15.669999999999998,5.5,71.2,3.7520000000000002,10.34,0.0,52.8,0.49000000000000005,0.0,0.0,2.66,6.08,9.66,1.0,67.2,4.601999999999999,8.35,0.0,6.7,0.488,0.0,0.0,,,,,,1.11946,0.65837,0.94
2024,Есильский,Пшеница,51.95,66.4,175.0,1.05,2.0100000000000002,9.01,14.7,25.5,68.2,4.245,10.69,0.0,41.2,0.644,0.0,0.0,6.5,12.370000000000001,17.91,39.7,64.2,3.971,10.48,0.0,73.7,0.614,0.0,0.0,5.5181818181818185,11.281818181818181,16.927272727272726,26.3,65.81818181818181,4.210909090909091,8.52,0.0,69.1,0.629090909090909,0.0,0.0,13.62,19.25,24.580000000000002,20.8,68.8,3.66,7.36,0.0,142.5,0.604,0.0,0.0,15.84,22.880000000000003,28.689999999999998,3.5,59.1,3.219,7.39,0.0,178.8,0.568,0.0,0.0,16.48,21.36,26.57,19.5,58.1,4.867,11.75,0.0,163.6,0.532,0.0,0.0,14.930000000000001,20.47,25.53,9.6,65.6,3.7909999999999995,7.3,0.0,154.7,0.527,0.0,0.0,16.97,21.77,26.330000000000002,60.5,67.2,4.101999999999999,7.92,0.0,167.7,0.528,0.0,0.0,14.69090909090909,20.154545454545453,25.30909090909091,12.5,64.36363636363636,4.1881818181818184,10.56,0.0,166.7,0.5081818181818182,0.0,0.0,15.809999999999999,20.880000000000003,25.610000000000003,26.599999999999998,63.4,3.4130000000000003,8.05,0.0,158.8,0.484,0.0,0.0,12.07,16.95,21.55,19.099999999999998,69.4,3.7119999999999997,10.01,0.0,119.5,0.501,0.0,0.0,10.245454545454546,15.163636363636364,19.990909090909092,13.0,73.9090909090909,3.340909090909091,7.39,0.0,111.8,0.5127272727272728,0.0,0.0,7.69,12.24,16.72,20.6,75.0,3.95,7.79,0.0,72.4,0.505,0.0,0.0,6.470000000000001,12.27,17.59,2.4,66.3,3.5189999999999997,6.93,0.0,72.7,0.499,0.0,0.0,2.8899999999999997,9.879999999999999,16.64,0.8,59.2,3.066,8.72,0.0,48.8,0.489,0.0,0.0,3.6799999999999997,10.34,17.07,0.3,50.5,3.31,7.79,0.0,53.4,0.48,0.0,0.0,-4.16,-0.5599999999999999,4.32,9.899999999999999,66.4,5.286,7.69,0.0,0.0,0.48,0.0,0.0,,,,,,0.75,1.11946,0.65837
2025,Есильский,Пшеница,51.95,66.4,175.0,1.31,8.51,15.580000000000002,22.009999999999998,8.5,54.6,3.94,10.67,0.0,105.8,0.55,0.0,0.0,12.49,18.5,24.630000000000003,2.9,56.4,4.14,9.66,0.0,135.0,0.546,0.0,0.0,9.790909090909091,16.027272727272727,21.90909090909091,27.3,58.63636363636363,3.556363636363636,8.02,0.0,121.30000000000001,0.5545454545454546,0.0,0.0,14.13,20.36,25.96,7.3,54.0,3.8409999999999997,8.7,0.0,153.6,0.516,0.0,0.0,17.73,23.34,28.77,20.6,58.6,3.325,6.99,0.0,183.4,0.499,0.0,0.0,12.76,17.98,22.59,10.9,59.5,3.893,10.56,0.0,129.8,0.492,0.0,0.0,15.319999999999999,21.669999999999998,26.93,2.1,57.8,3.314,9.2,0.0,166.7,0.473,0.0,0.0,14.26,20.32,25.56,4.1,56.9,3.181,6.53,0.0,153.2,0.453,0.0,0.0,15.1,20.345454545454547,25.663636363636364,27.6,63.72727272727273,2.933636363636363,7.92,0.0,168.8,0.4572727272727273,0.0,0.0,13.6,19.2,24.7,20.7,62.5,3.653,7.03,0.0,142.0,0.476,0.0,0.0,13.690000000000001,18.380000000000003,23.61,30.7,67.4,3.3,8.05,0.0,133.8,0.479,0.0,0.0,12.545454545454545,18.563636363636363,23.80909090909091,20.5,57.54545454545455,3.2781818181818183,8.59,0.0,149.2,0.46727272727272723,0.0,0.0,11.790000000000001,16.27,21.16,22.7,61.9,4.2909999999999995,9.38,0.0,112.7,0.46699999999999997,0.0,0.0,6.9,12.07,16.93,1.9,63.6,3.621,7.28,0.0,70.7,0.469,0.0,0.0,6.5200000000000005,11.64,16.6,16.1,63.3,3.665,7.19,0.0,71.3,0.46399999999999997,0.0,0.0,-0.8099999999999999,5.3,11.83,1.0,62.5,2.593,6.99,0.0,8.200000000000001,0.465,0.0,0.0,-1.9599999999999997,2.38,6.840000000000001,0.0,54.8,5.288,7.65,0.0,0.40000000000000036,0.4600000000000001,0.0,0.0,,,,,,1.05,0.75,1.11946
